/* Generated RGB565 scanner layout: pixel-styled CH and BLE signal module. */
#pragma once
#include <stdint.h>
static const uint16_t reference_pixels[280 * 240] = {
  0x10a2, 0x10a2, 0x10a2, 0x10a2, 0x10a2, 0x10a2, 0x10a2, 0x10a2, 0x10a2, 0x10a2, 0x10a2, 0x10a2, 0x10a2, 0x10a2, 0x10a2, 0x10a2, 0x10a2, 0x10a2, 0x10a2, 0x10a2,
  0x10a2, 0x10a2, 0x10a2, 0x10a2, 0x10a2, 0x10a2, 0x10a2, 0x10a2, 0x10a2, 0x10a2, 0x10a2, 0x10a2, 0x10a2, 0x18e3, 0x31a6, 0x5289, 0x7bad, 0x9470, 0xad32, 0xbd73,
  0xd677, 0xd677, 0xd677, 0xd677, 0xd677, 0xd677, 0xde77, 0xde77, 0xde77, 0xd677, 0xd656, 0xd656, 0xd656, 0xd656, 0xd656, 0xd656, 0xd656, 0xd656, 0xd656, 0xd677,
  0xd677, 0xd677, 0xd677, 0xd677, 0xd677, 0xd677, 0xd677, 0xd677, 0xd677, 0xd677, 0xd656, 0xd656, 0xd656, 0xd656, 0xd656, 0xd656, 0xd656, 0xd656, 0xd656, 0xd656,
  0xd656, 0xd656, 0xd656, 0xd656, 0xd677, 0xd677, 0xd677, 0xd677, 0xd677, 0xd677, 0xd677, 0xd677, 0xd677, 0xd677, 0xd656, 0xd656, 0xd677, 0xd677, 0xd656, 0xd656,
  0xd656, 0xd656, 0xd656, 0xd656, 0xd656, 0xd656, 0xd656, 0xd656, 0xd656, 0xd656, 0xd656, 0xd656, 0xd656, 0xd656, 0xd656, 0xd656, 0xd656, 0xd656, 0xd656, 0xd656,
  0xd656, 0xd656, 0xd656, 0xd656, 0xd656, 0xd656, 0xd656, 0xd656, 0xd656, 0xd677, 0xd677, 0xd677, 0xd677, 0xd677, 0xd677, 0xd656, 0xd656, 0xd656, 0xd677, 0xd677,
  0xd677, 0xd677, 0xd677, 0xd677, 0xd656, 0xd656, 0xd677, 0xd677, 0xde77, 0xde77, 0xde77, 0xd677, 0xd656, 0xd656, 0xd656, 0xd656, 0xd677, 0xd677, 0xd677, 0xd656,
  0xd677, 0xd677, 0xd677, 0xd656, 0xd677, 0xd656, 0xd656, 0xd656, 0xd677, 0xd677, 0xd677, 0xd656, 0xd656, 0xd656, 0xd677, 0xd677, 0xd677, 0xd677, 0xd677, 0xd677,
  0xd677, 0xd656, 0xd677, 0xd656, 0xd677, 0xd677, 0xd677, 0xd656, 0xd656, 0xd656, 0xd656, 0xd656, 0xd677, 0xd656, 0xd656, 0xd656, 0xd656, 0xd656, 0xd656, 0xd656,
  0xd656, 0xd656, 0xd656, 0xd656, 0xd656, 0xd656, 0xd656, 0xd656, 0xd656, 0xd656, 0xd656, 0xd656, 0xd656, 0xd656, 0xd656, 0xd656, 0xd656, 0xd656, 0xd656, 0xd656,
  0xd656, 0xd656, 0xd656, 0xd656, 0xd656, 0xd656, 0xd656, 0xd656, 0xd656, 0xd677, 0xd656, 0xd656, 0xd677, 0xd677, 0xd677, 0xd677, 0xd677, 0xd677, 0xd656, 0xd656,
  0xbd73, 0xad32, 0x9470, 0x7bad, 0x5289, 0x3186, 0x18e3, 0x10a2, 0x10a2, 0x10a2, 0x10a2, 0x10a2, 0x10a2, 0x10a2, 0x10a2, 0x10a2, 0x10a2, 0x10a2, 0x10a2, 0x10a2,
  0x10a2, 0x10a2, 0x10a2, 0x10a2, 0x10a2, 0x10a2, 0x10a2, 0x10a2, 0x10a2, 0x10a2, 0x10a2, 0x10a2, 0x10a2, 0x10a2, 0x10a2, 0x10a2, 0x10a2, 0x10a2, 0x10a2, 0x10a2,
  0x10a2, 0x10a2, 0x10a2, 0x10a2, 0x10a2, 0x10a2, 0x10a2, 0x10a2, 0x10a2, 0x10a2, 0x10a2, 0x10a2, 0x10a2, 0x10a2, 0x10a2, 0x10a2, 0x10a2, 0x10a2, 0x10a2, 0x10a2,
  0x10a2, 0x10a2, 0x10a2, 0x10a2, 0x10a2, 0x10a2, 0x10a2, 0x10a2, 0x10a2, 0x10a2, 0x3185, 0x5aca, 0x9470, 0xbd94, 0xce16, 0xd656, 0xd656, 0xd656, 0xd656, 0xd656,
  0xd656, 0xd656, 0xd656, 0xd656, 0xd656, 0xd656, 0xd656, 0xd656, 0xd656, 0xd656, 0xd656, 0xd656, 0xd656, 0xd656, 0xd656, 0xd656, 0xd656, 0xd656, 0xd656, 0xd656,
  0xd656, 0xd677, 0xd677, 0xd677, 0xd677, 0xd677, 0xd677, 0xd677, 0xd656, 0xd677, 0xd656, 0xd656, 0xd656, 0xd656, 0xd656, 0xd656, 0xd656, 0xd656, 0xd656, 0xd656,
  0xd656, 0xd656, 0xd656, 0xd656, 0xd677, 0xd677, 0xd656, 0xd656, 0xd677, 0xd677, 0xd677, 0xd677, 0xd677, 0xd677, 0xd656, 0xd656, 0xd656, 0xd656, 0xd677, 0xd656,
  0xd656, 0xd656, 0xd656, 0xd656, 0xd656, 0xd656, 0xd656, 0xd656, 0xd656, 0xd656, 0xd656, 0xd656, 0xd656, 0xd656, 0xd656, 0xd656, 0xd656, 0xd656, 0xd656, 0xd656,
  0xd656, 0xd656, 0xd656, 0xd656, 0xd656, 0xd656, 0xd656, 0xd656, 0xd656, 0xd677, 0xd677, 0xd677, 0xd677, 0xd677, 0xd677, 0xd656, 0xd656, 0xd656, 0xd656, 0xd656,
  0xd656, 0xd656, 0xd677, 0xd677, 0xd656, 0xd656, 0xd677, 0xd677, 0xde77, 0xde77, 0xde77, 0xd677, 0xd656, 0xd656, 0xd656, 0xd656, 0xd656, 0xd656, 0xd656, 0xd677,
  0xd677, 0xd677, 0xd656, 0xd677, 0xd677, 0xd656, 0xd656, 0xd656, 0xd677, 0xd677, 0xd677, 0xd656, 0xd656, 0xd656, 0xd677, 0xd677, 0xd677, 0xd677, 0xd677, 0xd677,
  0xd677, 0xd656, 0xd677, 0xd677, 0xd656, 0xd656, 0xd656, 0xd656, 0xd656, 0xd656, 0xd656, 0xd677, 0xd677, 0xd656, 0xd656, 0xd656, 0xd656, 0xd656, 0xd656, 0xd677,
  0xd656, 0xd656, 0xd656, 0xd656, 0xd656, 0xd656, 0xd656, 0xd656, 0xd656, 0xd656, 0xd656, 0xd656, 0xd656, 0xd656, 0xd656, 0xd656, 0xd656, 0xd656, 0xd656, 0xd656,
  0xd656, 0xd656, 0xd656, 0xd656, 0xd656, 0xd656, 0xd656, 0xd656, 0xd656, 0xd677, 0xd656, 0xd656, 0xd677, 0xd677, 0xd677, 0xd677, 0xd677, 0xd677, 0xd656, 0xd656,
  0xd656, 0xd656, 0xd656, 0xd656, 0xd656, 0xd636, 0xbd94, 0x9470, 0x5aca, 0x3185, 0x10a2, 0x10a2, 0x10a2, 0x10a2, 0x10a2, 0x10a2, 0x10a2, 0x10a2, 0x10a2, 0x10a2,
  0x10a2, 0x10a2, 0x10a2, 0x10a2, 0x10a2, 0x10a2, 0x10a2, 0x10a2, 0x10a2, 0x10a2, 0x10a2, 0x10a2, 0x10a2, 0x10a2, 0x10a2, 0x10a2, 0x10a2, 0x10a2, 0x10a2, 0x10a2,
  0x10a2, 0x10a2, 0x10a2, 0x10a2, 0x10a2, 0x10a2, 0x10a2, 0x10a2, 0x10a2, 0x10a2, 0x10a2, 0x10a2, 0x10a2, 0x10a2, 0x10a2, 0x10a2, 0x10a2, 0x10a2, 0x10a2, 0x10a2,
  0x10a2, 0x10a2, 0x10a2, 0x10a2, 0x10a2, 0x10a2, 0x10a2, 0x2944, 0x6b4b, 0xad12, 0xd656, 0xd656, 0xd656, 0xde77, 0xe6d8, 0xe6d8, 0xe6d8, 0xe6d8, 0xe6d8, 0xe6d8,
  0xe6d8, 0xe6d8, 0xe6d8, 0xe6d8, 0xe6d8, 0xe6d8, 0xe6d8, 0xe6d8, 0xe6d8, 0xe6d8, 0xde77, 0xd656, 0xd656, 0xd656, 0xd656, 0xd656, 0xd656, 0xd656, 0xd677, 0xd656,
  0xd677, 0xd677, 0xd677, 0xd677, 0xd677, 0xd677, 0xd677, 0xd677, 0xd677, 0xd656, 0xd656, 0xd656, 0xd656, 0xd656, 0xd677, 0xd677, 0xd656, 0xd656, 0xd656, 0xd656,
  0xd677, 0xd656, 0xd656, 0xd656, 0xd677, 0xd677, 0xd677, 0xd677, 0xd677, 0xd677, 0xd656, 0xd656, 0xd656, 0xd656, 0xd656, 0xd656, 0xd656, 0xd656, 0xd656, 0xd656,
  0xd656, 0xd656, 0xd656, 0xd656, 0xd656, 0xd656, 0xd656, 0xd656, 0xd656, 0xd656, 0xd656, 0xd656, 0xd656, 0xd656, 0xd656, 0xd656, 0xd656, 0xd656, 0xd656, 0xd656,
  0xd656, 0xd656, 0xd656, 0xd656, 0xd656, 0xd656, 0xd656, 0xd656, 0xd656, 0xd656, 0xd656, 0xd656, 0xd656, 0xd656, 0xd656, 0xd677, 0xd677, 0xd677, 0xd656, 0xd677,
  0xd677, 0xd656, 0xd677, 0xd656, 0xd656, 0xd656, 0xd677, 0xd677, 0xd677, 0xd677, 0xd677, 0xd677, 0xd656, 0xd656, 0xd656, 0xd677, 0xd656, 0xd656, 0xd677, 0xd677,
  0xd677, 0xd677, 0xd677, 0xd677, 0xd677, 0xd677, 0xd656, 0xd656, 0xd656, 0xd656, 0xd656, 0xd656, 0xd656, 0xd656, 0xd656, 0xd656, 0xd656, 0xd656, 0xd677, 0xd677,
  0xd677, 0xd677, 0xd677, 0xd656, 0xd656, 0xd677, 0xd677, 0xd656, 0xd656, 0xd656, 0xd656, 0xd656, 0xd656, 0xd656, 0xd656, 0xd656, 0xde97, 0xe6b8, 0xde77, 0xd656,
  0xd677, 0xd656, 0xd656, 0xd656, 0xd656, 0xd656, 0xd656, 0xd656, 0xd656, 0xd656, 0xd656, 0xd656, 0xd656, 0xd656, 0xd656, 0xd656, 0xd656, 0xd677, 0xd656, 0xd656,
  0xd656, 0xd656, 0xd656, 0xd656, 0xd656, 0xd656, 0xd656, 0xd656, 0xd677, 0xd677, 0xd656, 0xd656, 0xd677, 0xd677, 0xd677, 0xd677, 0xd677, 0xd677, 0xd677, 0xd677,
  0xd656, 0xd656, 0xd656, 0xd656, 0xd656, 0xd656, 0xd656, 0xd656, 0xd656, 0xd656, 0xad12, 0x6b4b, 0x2944, 0x10a2, 0x10a2, 0x10a2, 0x10a2, 0x10a2, 0x10a2, 0x10a2,
  0x10a2, 0x10a2, 0x10a2, 0x10a2, 0x10a2, 0x10a2, 0x10a2, 0x10a2, 0x10a2, 0x10a2, 0x10a2, 0x10a2, 0x10a2, 0x10a2, 0x10a2, 0x10a2, 0x10a2, 0x10a2, 0x10a2, 0x10a2,
  0x10a2, 0x10a2, 0x10a2, 0x10a2, 0x10a2, 0x10a2, 0x10a2, 0x10a2, 0x10a2, 0x10a2, 0x10a2, 0x10a2, 0x10a2, 0x10a2, 0x10a2, 0x10a2, 0x10a2, 0x10a2, 0x10a2, 0x10a2,
  0x10a2, 0x10a2, 0x10a2, 0x10a2, 0x10a2, 0x4a28, 0x8c4f, 0xce15, 0xd656, 0xd656, 0xd656, 0xd656, 0xd656, 0xcdf5, 0x83cd, 0x736c, 0x7b8d, 0x7b8c, 0x738c, 0x7b8c,
  0x7b8d, 0x7b8d, 0x7b8d, 0x738d, 0x738c, 0x7b8d, 0x7bad, 0x7bad, 0x7bcd, 0x7bcd, 0xbd94, 0xde97, 0xd656, 0xd656, 0xd656, 0xd656, 0xd656, 0xd677, 0xd677, 0xd677,
  0xd677, 0xd677, 0xd677, 0xd677, 0xd677, 0xd677, 0xd677, 0xd677, 0xd677, 0xd677, 0xd677, 0xd677, 0xd677, 0xd656, 0xd656, 0xd656, 0xd656, 0xd656, 0xd656, 0xd677,
  0xd656, 0xd656, 0xd677, 0xd677, 0xd677, 0xd677, 0xd677, 0xd677, 0xd677, 0xd677, 0xd677, 0xd677, 0xd656, 0xd656, 0xd656, 0xd656, 0xd656, 0xd656, 0xd656, 0xd656,
  0xd656, 0xd656, 0xd656, 0xd656, 0xd656, 0xd656, 0xd656, 0xd656, 0xd656, 0xd656, 0xd656, 0xd656, 0xd656, 0xd677, 0xd677, 0xd677, 0xd656, 0xd656, 0xd656, 0xd656,
  0xd656, 0xd656, 0xd656, 0xd656, 0xd656, 0xd656, 0xd656, 0xd656, 0xd656, 0xd656, 0xd656, 0xd656, 0xd656, 0xd656, 0xd656, 0xd656, 0xd656, 0xd656, 0xd677, 0xd656,
  0xd656, 0xd677, 0xd656, 0xd656, 0xd656, 0xd656, 0xd677, 0xd677, 0xde77, 0xde77, 0xd677, 0xd677, 0xd656, 0xd656, 0xd677, 0xd656, 0xd656, 0xd656, 0xd656, 0xd677,
  0xd656, 0xd677, 0xd677, 0xd677, 0xd677, 0xd677, 0xd656, 0xd656, 0xd656, 0xd656, 0xd656, 0xd656, 0xd656, 0xd656, 0xd656, 0xd656, 0xd656, 0xd677, 0xd677, 0xd677,
  0xd677, 0xd656, 0xd677, 0xd677, 0xd677, 0xd656, 0xd656, 0xd656, 0xd656, 0xd656, 0xd656, 0xd656, 0xd656, 0xd657, 0xd656, 0xde97, 0xad12, 0x83ee, 0xc5f5, 0xde77,
  0xd656, 0xd656, 0xd656, 0xd656, 0xd677, 0xd656, 0xd656, 0xd656, 0xd656, 0xd656, 0xd656, 0xd656, 0xd656, 0xd656, 0xd656, 0xd656, 0xd677, 0xd677, 0xd656, 0xd656,
  0xd656, 0xd656, 0xd656, 0xd656, 0xd656, 0xd656, 0xd677, 0xd677, 0xd677, 0xd677, 0xd677, 0xd677, 0xd656, 0xd656, 0xd677, 0xd677, 0xd677, 0xd677, 0xd677, 0xd677,
  0xd677, 0xd677, 0xd656, 0xd656, 0xd656, 0xd656, 0xd656, 0xd656, 0xd656, 0xd656, 0xd656, 0xd656, 0xce15, 0x8c4f, 0x4a28, 0x10a2, 0x10a2, 0x10a2, 0x10a2, 0x10a2,
  0x10a2, 0x10a2, 0x10a2, 0x10a2, 0x10a2, 0x10a2, 0x10a2, 0x10a2, 0x10a2, 0x10a2, 0x10a2, 0x10a2, 0x10a2, 0x10a2, 0x10a2, 0x10a2, 0x10a2, 0x10a2, 0x10a2, 0x10a2,
  0x10a2, 0x10a2, 0x10a2, 0x10a2, 0x10a2, 0x10a2, 0x10a2, 0x10a2, 0x10a2, 0x10a2, 0x10a2, 0x10a2, 0x10a2, 0x10a2, 0x10a2, 0x10a2, 0x10a2, 0x10a2, 0x10a2, 0x10a2,
  0x10a2, 0x10a2, 0x10a2, 0x4a28, 0xa4d1, 0xd677, 0xd656, 0xd656, 0xd656, 0xd656, 0xd656, 0xde77, 0xce16, 0x6b2b, 0x0020, 0x0000, 0x0000, 0x0000, 0x0000, 0x0000,
  0x0000, 0x0000, 0x0000, 0x0000, 0x0000, 0x0000, 0x0000, 0x0000, 0x0000, 0x0000, 0x5a89, 0xd656, 0xde76, 0xd656, 0xd656, 0xd656, 0xd656, 0xd677, 0xd677, 0xd677,
  0xd677, 0xd677, 0xd677, 0xd677, 0xd677, 0xd677, 0xd677, 0xd677, 0xd677, 0xd677, 0xd677, 0xd677, 0xd677, 0xd656, 0xd656, 0xd656, 0xd656, 0xd656, 0xd656, 0xd677,
  0xd656, 0xd656, 0xd677, 0xd677, 0xd677, 0xd677, 0xd677, 0xd677, 0xd677, 0xd677, 0xd677, 0xd677, 0xd677, 0xd656, 0xd656, 0xd656, 0xd656, 0xd656, 0xd656, 0xd656,
  0xd656, 0xd656, 0xd656, 0xd656, 0xd656, 0xd656, 0xd656, 0xd656, 0xd656, 0xd656, 0xd656, 0xd656, 0xd656, 0xd677, 0xd677, 0xd677, 0xd656, 0xd656, 0xd656, 0xd656,
  0xd656, 0xd656, 0xd656, 0xd656, 0xd656, 0xd656, 0xd656, 0xd656, 0xd656, 0xd656, 0xd656, 0xd656, 0xd656, 0xd656, 0xd656, 0xd656, 0xd656, 0xd656, 0xd677, 0xd656,
  0xd656, 0xd677, 0xd656, 0xd656, 0xd656, 0xd656, 0xd677, 0xd677, 0xde77, 0xde77, 0xd677, 0xd677, 0xd656, 0xd656, 0xd677, 0xd656, 0xd656, 0xd656, 0xd656, 0xd656,
  0xd677, 0xd656, 0xd677, 0xd677, 0xd677, 0xd677, 0xd656, 0xd656, 0xd656, 0xd656, 0xd656, 0xd656, 0xd656, 0xd656, 0xd656, 0xd656, 0xd656, 0xd677, 0xd677, 0xd656,
  0xd656, 0xd656, 0xd677, 0xd677, 0xd677, 0xd677, 0xd677, 0xd656, 0xd656, 0xd656, 0xd656, 0xd656, 0xd656, 0xd677, 0xd656, 0xf739, 0x736c, 0x0861, 0xbdb4, 0xeef8,
  0xd636, 0xd677, 0xd656, 0xd656, 0xd677, 0xd656, 0xd656, 0xd656, 0xd656, 0xd656, 0xd656, 0xd656, 0xd656, 0xd656, 0xd656, 0xd656, 0xd677, 0xd677, 0xd656, 0xd656,
  0xd656, 0xd656, 0xd656, 0xd656, 0xd656, 0xd677, 0xd677, 0xd677, 0xd677, 0xd677, 0xd677, 0xd677, 0xd677, 0xd677, 0xd677, 0xd677, 0xd677, 0xd677, 0xd677, 0xd677,
  0xd677, 0xd677, 0xd656, 0xd656, 0xd656, 0xd656, 0xd656, 0xd656, 0xd656, 0xd656, 0xd656, 0xd656, 0xd656, 0xd677, 0xd677, 0xa4d1, 0x4a28, 0x10a2, 0x10a2, 0x10a2,
  0x10a2, 0x10a2, 0x10a2, 0x10a2, 0x10a2, 0x10a2, 0x10a2, 0x10a2, 0x10a2, 0x10a2, 0x10a2, 0x10a2, 0x10a2, 0x10a2, 0x10a2, 0x10a2, 0x10a2, 0x10a2, 0x10a2, 0x10a2,
  0x10a2, 0x10a2, 0x10a2, 0x10a2, 0x10a2, 0x10a2, 0x10a2, 0x10a2, 0x10a2, 0x10a2, 0x10a2, 0x10a2, 0x10a2, 0x10a2, 0x10a2, 0x10a2, 0x10a2, 0x10a2, 0x10a2, 0x10a2,
  0x10a2, 0x39e7, 0xa4d1, 0xd677, 0xd677, 0xd656, 0xd656, 0xd656, 0xd656, 0xd656, 0xd636, 0xde97, 0xbdb4, 0x18e3, 0x4a48, 0x6b6c, 0x630b, 0x632b, 0x630b, 0x630b,
  0x630b, 0x630b, 0x630b, 0x6b2b, 0x630b, 0x630b, 0x630b, 0x630a, 0x6b2b, 0x5289, 0x10a2, 0xb573, 0xdeb8, 0xd656, 0xd656, 0xd656, 0xd656, 0xd677, 0xd677, 0xd677,
  0xd677, 0xd677, 0xd677, 0xde77, 0xde77, 0xd677, 0xd677, 0xd677, 0xd677, 0xd677, 0xd677, 0xd677, 0xd656, 0xd677, 0xd677, 0xd677, 0xd677, 0xd677, 0xd656, 0xd656,
  0xd656, 0xd656, 0xd656, 0xd656, 0xd656, 0xd656, 0xd677, 0xd677, 0xd677, 0xd677, 0xd677, 0xd677, 0xd677, 0xd656, 0xd656, 0xd656, 0xd656, 0xd656, 0xd656, 0xd656,
  0xd656, 0xd656, 0xd656, 0xd656, 0xd656, 0xd656, 0xd656, 0xd656, 0xd656, 0xd656, 0xd656, 0xd656, 0xd656, 0xd656, 0xd656, 0xd677, 0xd677, 0xd677, 0xd656, 0xd656,
  0xd656, 0xd656, 0xd656, 0xd656, 0xd656, 0xd656, 0xd656, 0xd656, 0xd656, 0xd656, 0xd656, 0xd656, 0xd656, 0xd656, 0xd656, 0xd677, 0xd677, 0xd677, 0xd677, 0xd677,
  0xd677, 0xd677, 0xd656, 0xd656, 0xd677, 0xd677, 0xd677, 0xd677, 0xd677, 0xd677, 0xd677, 0xd677, 0xd677, 0xd656, 0xd656, 0xd677, 0xd656, 0xd656, 0xd656, 0xd656,
  0xd677, 0xd677, 0xd677, 0xd677, 0xd677, 0xd677, 0xd677, 0xd677, 0xd656, 0xd656, 0xd656, 0xd656, 0xd656, 0xd656, 0xd656, 0xd656, 0xd656, 0xd656, 0xd656, 0xd656,
  0xd656, 0xd656, 0xd656, 0xd677, 0xd656, 0xd677, 0xd677, 0xd677, 0xd677, 0xd677, 0xd656, 0xd656, 0xd656, 0xde77, 0xd656, 0xad32, 0x52a9, 0x2104, 0x738d, 0xbd73,
  0xd677, 0xd656, 0xd656, 0xd656, 0xd656, 0xd656, 0xd656, 0xd656, 0xd656, 0xd656, 0xd656, 0xd656, 0xd656, 0xd677, 0xd656, 0xd656, 0xd677, 0xd656, 0xd656, 0xd656,
  0xd656, 0xd677, 0xd677, 0xd656, 0xd656, 0xd657, 0xde77, 0xde77, 0xd656, 0xd656, 0xd656, 0xd656, 0xd656, 0xd677, 0xde77, 0xd656, 0xd677, 0xd677, 0xd656, 0xd656,
  0xd656, 0xd677, 0xd656, 0xd656, 0xd656, 0xd656, 0xd656, 0xd656, 0xd656, 0xd656, 0xd656, 0xd656, 0xd656, 0xd656, 0xd656, 0xd677, 0xd677, 0xa4d1, 0x39e7, 0x10a2,
  0x10a2, 0x10a2, 0x10a2, 0x10a2, 0x10a2, 0x10a2, 0x10a2, 0x10a2, 0x10a2, 0x10a2, 0x10a2, 0x10a2, 0x10a2, 0x10a2, 0x10a2, 0x10a2, 0x10a2, 0x10a2, 0x10a2, 0x10a2,
  0x10a2, 0x10a2, 0x10a2, 0x10a2, 0x10a2, 0x10a2, 0x10a2, 0x10a2, 0x10a2, 0x10a2, 0x10a2, 0x10a2, 0x10a2, 0x10a2, 0x10a2, 0x10a2, 0x10a2, 0x10a2, 0x10a2, 0x18e3,
  0x83ee, 0xd656, 0xd677, 0xd656, 0xd656, 0xd677, 0xd656, 0xd656, 0xd656, 0xd656, 0xd636, 0xde97, 0xc5f5, 0x10a2, 0x9cd1, 0xffbb, 0xef19, 0xef3a, 0xef3a, 0xef39,
  0xef39, 0xef19, 0xef19, 0xef39, 0xef39, 0xef19, 0xef3a, 0xef19, 0xff9b, 0xbd94, 0x1082, 0xb573, 0xe6b8, 0xd656, 0xd656, 0xd656, 0xd656, 0xd677, 0xd677, 0xd677,
  0xd677, 0xd657, 0xd657, 0xd677, 0xd677, 0xd657, 0xd656, 0xd677, 0xd656, 0xd656, 0xd677, 0xde77, 0xd656, 0xd656, 0xd656, 0xd677, 0xd656, 0xd656, 0xd657, 0xd656,
  0xd656, 0xd656, 0xd656, 0xd656, 0xd656, 0xd656, 0xd677, 0xd677, 0xd676, 0xd656, 0xd656, 0xd656, 0xd656, 0xd656, 0xd656, 0xd656, 0xd656, 0xd656, 0xd656, 0xd656,
  0xd656, 0xd656, 0xd656, 0xd656, 0xd656, 0xd656, 0xd656, 0xd656, 0xd656, 0xd656, 0xd656, 0xd656, 0xd656, 0xd677, 0xd677, 0xd676, 0xd677, 0xd656, 0xd656, 0xd677,
  0xd656, 0xd656, 0xd656, 0xd656, 0xd656, 0xd656, 0xd656, 0xd656, 0xd656, 0xd656, 0xd656, 0xd656, 0xd656, 0xd656, 0xd656, 0xd677, 0xd677, 0xd677, 0xd677, 0xd677,
  0xd677, 0xd677, 0xd656, 0xd656, 0xd656, 0xd677, 0xd677, 0xd677, 0xd677, 0xd677, 0xd677, 0xd677, 0xd677, 0xd656, 0xd656, 0xd677, 0xd656, 0xd656, 0xd656, 0xd656,
  0xd677, 0xd677, 0xd677, 0xd677, 0xd677, 0xd677, 0xd677, 0xd677, 0xd656, 0xd656, 0xd656, 0xd656, 0xd656, 0xd656, 0xd656, 0xd656, 0xd656, 0xd656, 0xd656, 0xd656,
  0xd656, 0xd656, 0xd656, 0xd656, 0xd677, 0xd677, 0xd677, 0xd677, 0xd677, 0xd677, 0xd656, 0xd656, 0xd656, 0xde77, 0xce36, 0x39c6, 0x18c3, 0x2945, 0x0861, 0x6b2b,
  0xe6d8, 0xd656, 0xde77, 0xde97, 0xde77, 0xde57, 0xd656, 0xd656, 0xd656, 0xd656, 0xd656, 0xd656, 0xd656, 0xd677, 0xd656, 0xd656, 0xd676, 0xd657, 0xde77, 0xde77,
  0xd657, 0xd676, 0xd677, 0xde77, 0xde77, 0xde77, 0xd677, 0xde77, 0xde97, 0xde97, 0xde97, 0xde77, 0xde77, 0xd677, 0xde77, 0xde97, 0xde97, 0xde97, 0xde77, 0xde77,
  0xde97, 0xd677, 0xd677, 0xd676, 0xd656, 0xd656, 0xd656, 0xd656, 0xd656, 0xd656, 0xd656, 0xd656, 0xd677, 0xd677, 0xd677, 0xd656, 0xd656, 0xd677, 0xd656, 0x83ee,
  0x18e3, 0x10a2, 0x10a2, 0x10a2, 0x10a2, 0x10a2, 0x10a2, 0x10a2, 0x10a2, 0x10a2, 0x10a2, 0x10a2, 0x10a2, 0x10a2, 0x10a2, 0x10a2, 0x10a2, 0x10a2, 0x10a2, 0x10a2,
  0x10a2, 0x10a2, 0x10a2, 0x10a2, 0x10a2, 0x10a2, 0x10a2, 0x10a2, 0x10a2, 0x10a2, 0x10a2, 0x10a2, 0x10a2, 0x10a2, 0x10a2, 0x10a2, 0x10a2, 0x10a2, 0x4a28, 0xbd94,
  0xd677, 0xd677, 0xd656, 0xd677, 0xd677, 0xd677, 0xd656, 0xd656, 0xd656, 0xd656, 0xd656, 0xde97, 0xc5f5, 0x10a2, 0x9470, 0xef19, 0xde97, 0xe6d8, 0xe6d8, 0xde97,
  0xde97, 0xde97, 0xdeb7, 0xde97, 0xde97, 0xdeb8, 0xe6d8, 0xde77, 0xef19, 0xad32, 0x1082, 0xb573, 0xe6b7, 0xd656, 0xd656, 0xd656, 0xd656, 0xd677, 0xde77, 0xd677,
  0xd677, 0xde97, 0xdeb7, 0xdeb7, 0xde97, 0xde97, 0xde97, 0xd677, 0xde97, 0xde97, 0xd677, 0xd677, 0xd676, 0xde97, 0xde97, 0xd677, 0xde97, 0xde97, 0xd656, 0xd656,
  0xde77, 0xde97, 0xd677, 0xd656, 0xd656, 0xd677, 0xd677, 0xd677, 0xde77, 0xde97, 0xde97, 0xde97, 0xde97, 0xde77, 0xd656, 0xd656, 0xd656, 0xd656, 0xd656, 0xd656,
  0xd656, 0xd656, 0xd656, 0xd656, 0xd656, 0xd656, 0xd656, 0xd656, 0xd656, 0xd656, 0xd656, 0xd656, 0xd656, 0xd656, 0xde77, 0xd676, 0xde77, 0xde97, 0xde77, 0xd656,
  0xd677, 0xd656, 0xd656, 0xd656, 0xd656, 0xd656, 0xd656, 0xd656, 0xd656, 0xd656, 0xd656, 0xd656, 0xd656, 0xd656, 0xd656, 0xd656, 0xd656, 0xd656, 0xd656, 0xd677,
  0xd677, 0xd677, 0xd656, 0xd656, 0xd656, 0xd656, 0xd677, 0xd677, 0xd677, 0xd677, 0xd677, 0xd677, 0xd656, 0xd656, 0xd677, 0xd656, 0xd656, 0xd656, 0xd656, 0xd656,
  0xd677, 0xd677, 0xd677, 0xd677, 0xd656, 0xd656, 0xd656, 0xd656, 0xd656, 0xd656, 0xd656, 0xd656, 0xd656, 0xd656, 0xd656, 0xd656, 0xd656, 0xd656, 0xd656, 0xd656,
  0xd656, 0xd656, 0xd656, 0xd677, 0xd677, 0xd677, 0xd677, 0xd677, 0xd677, 0xd656, 0xd656, 0xd657, 0xd656, 0xde77, 0xce36, 0x39c7, 0x18c3, 0x2965, 0x1082, 0x6b4c,
  0xe6d8, 0xce36, 0xc5f6, 0xc5f5, 0xc5d5, 0xd636, 0xd676, 0xd656, 0xd656, 0xd656, 0xd677, 0xd677, 0xd656, 0xd656, 0xd677, 0xd657, 0xd676, 0xd636, 0xc5d5, 0xce15,
  0xde77, 0xd676, 0xd676, 0xce15, 0xc5f5, 0xd656, 0xde77, 0xd636, 0xcdf5, 0xcdf5, 0xc5f5, 0xc615, 0xce36, 0xd677, 0xd677, 0xc5f5, 0xc5f5, 0xc5f5, 0xcdf5, 0xc5f5,
  0xc5f5, 0xd636, 0xd656, 0xd677, 0xd656, 0xd656, 0xd656, 0xd656, 0xd656, 0xd656, 0xd656, 0xd656, 0xd677, 0xd677, 0xd677, 0xd677, 0xd677, 0xd656, 0xd677, 0xd677,
  0xbd94, 0x4a28, 0x10a2, 0x10a2, 0x10a2, 0x10a2, 0x10a2, 0x10a2, 0x10a2, 0x10a2, 0x10a2, 0x10a2, 0x10a2, 0x10a2, 0x10a2, 0x10a2, 0x10a2, 0x10a2, 0x10a2, 0x10a2,
  0x10a2, 0x10a2, 0x10a2, 0x10a2, 0x10a2, 0x10a2, 0x10a2, 0x10a2, 0x10a2, 0x10a2, 0x10a2, 0x10a2, 0x10a2, 0x10a2, 0x10a2, 0x10a2, 0x10a2, 0x738c, 0xd677, 0xd677,
  0xd656, 0xd677, 0xd677, 0xd677, 0xd677, 0xd677, 0xd656, 0xd656, 0xd656, 0xd656, 0xd656, 0xde97, 0xc5f5, 0x10a2, 0x9c90, 0xf75a, 0xe6d8, 0xce36, 0xce15, 0xdeb8,
  0xe6b7, 0xd636, 0xc5f5, 0xe6b7, 0xe6d9, 0xd657, 0xce36, 0xdeb8, 0xef39, 0xad53, 0x1082, 0xb573, 0xe6b8, 0xd656, 0xd677, 0xd677, 0xd677, 0xd677, 0xd677, 0xd677,
  0xd656, 0xbd94, 0xb594, 0xbd94, 0xbd94, 0xb573, 0xbdb4, 0xd676, 0xbd94, 0xb574, 0xd656, 0xd677, 0xd677, 0xbdb4, 0xbd94, 0xde77, 0xbdb4, 0xbdb4, 0xd656, 0xd676,
  0xc5d4, 0xb573, 0xd636, 0xd677, 0xd656, 0xd656, 0xd676, 0xde77, 0xce15, 0xb573, 0xbd94, 0xbd94, 0xb573, 0xce15, 0xd676, 0xd656, 0xd656, 0xd656, 0xd656, 0xd656,
  0xd656, 0xd656, 0xd656, 0xd656, 0xd656, 0xd656, 0xd656, 0xd656, 0xd656, 0xd656, 0xd656, 0xd656, 0xd656, 0xd677, 0xd656, 0xde77, 0xcdf5, 0xb533, 0xce15, 0xde77,
  0xd656, 0xd656, 0xd656, 0xd677, 0xd677, 0xd656, 0xd656, 0xd656, 0xd656, 0xd656, 0xd656, 0xd656, 0xd656, 0xd656, 0xd656, 0xd656, 0xd656, 0xd656, 0xd677, 0xd656,
  0xd656, 0xd656, 0xd656, 0xd656, 0xd656, 0xd656, 0xd677, 0xd656, 0xd677, 0xd677, 0xd677, 0xd677, 0xd677, 0xd677, 0xd656, 0xd656, 0xd656, 0xd656, 0xd656, 0xd656,
  0xd677, 0xd677, 0xd677, 0xd677, 0xd656, 0xd656, 0xd656, 0xd656, 0xd656, 0xd656, 0xd656, 0xd656, 0xd656, 0xd677, 0xd677, 0xd677, 0xd656, 0xd656, 0xd656, 0xd677,
  0xd677, 0xd656, 0xd656, 0xd677, 0xd677, 0xd677, 0xd677, 0xd677, 0xd677, 0xd677, 0xd677, 0xde77, 0xd656, 0xde97, 0xce16, 0x630b, 0x3186, 0x2124, 0x5289, 0x9490,
  0xe6f9, 0x9cb0, 0x2124, 0x3186, 0x2103, 0x946f, 0xdeb8, 0xd656, 0xd656, 0xd656, 0xd656, 0xd656, 0xd656, 0xd656, 0xd677, 0xd636, 0xe6b8, 0xad12, 0x18c2, 0x41e7,
  0xde77, 0xde76, 0xde97, 0x5289, 0x1082, 0xa4d1, 0xf75a, 0xad53, 0x18a2, 0x18a2, 0x1082, 0x0821, 0x7bad, 0xf77a, 0xc5b4, 0x2944, 0x10a2, 0x1082, 0x1062, 0x0861,
  0x18c2, 0xcdf5, 0xe6d8, 0xd636, 0xd677, 0xd656, 0xd656, 0xd656, 0xd656, 0xd656, 0xd656, 0xd656, 0xd656, 0xd656, 0xd677, 0xd677, 0xd677, 0xd677, 0xd677, 0xd656,
  0xd677, 0xd677, 0x738c, 0x10a2, 0x10a2, 0x10a2, 0x10a2, 0x10a2, 0x10a2, 0x10a2, 0x10a2, 0x10a2, 0x10a2, 0x10a2, 0x10a2, 0x10a2, 0x10a2, 0x10a2, 0x10a2, 0x10a2,
  0x10a2, 0x10a2, 0x10a2, 0x10a2, 0x10a2, 0x10a2, 0x10a2, 0x10a2, 0x10a2, 0x10a2, 0x10a2, 0x10a2, 0x10a2, 0x10a2, 0x10a2, 0x2104, 0xa4d1, 0xd677, 0xd656, 0xd656,
  0xd677, 0xd677, 0xd677, 0xd677, 0xd677, 0xd677, 0xd656, 0xd656, 0xd656, 0xd656, 0xd656, 0xde97, 0xcdf5, 0x10a2, 0x9c90, 0xf73a, 0xf73a, 0x5aaa, 0x3185, 0xdeb7,
  0xf739, 0x736c, 0x39c6, 0xe6d8, 0xf75a, 0x6b2c, 0x31a6, 0xdeb8, 0xef39, 0xb553, 0x1082, 0xb573, 0xe6b8, 0xd656, 0xd677, 0xd677, 0xd677, 0xd677, 0xd656, 0xde77,
  0xce16, 0x3165, 0x18e3, 0x2104, 0x18e3, 0x2104, 0x4208, 0xce36, 0x4207, 0x2924, 0xd656, 0xde97, 0xd677, 0x39c6, 0x4207, 0xde97, 0x39c6, 0x31a6, 0xd657, 0xeef9,
  0x6b4c, 0x1081, 0xbd93, 0xde97, 0xd656, 0xd656, 0xd656, 0xe6b8, 0x8c4f, 0x10c2, 0x2124, 0x18c3, 0x10a3, 0xa4f2, 0xeef9, 0xd636, 0xd656, 0xd656, 0xd656, 0xd656,
  0xd656, 0xd657, 0xd656, 0xd656, 0xd656, 0xd656, 0xd656, 0xd656, 0xd656, 0xd656, 0xd656, 0xd656, 0xd656, 0xd656, 0xce36, 0xe6d8, 0x840e, 0x1082, 0x9c90, 0xe6b8,
  0xce36, 0xd656, 0xd656, 0xd656, 0xd676, 0xd656, 0xd656, 0xd656, 0xd656, 0xd656, 0xd656, 0xd656, 0xd656, 0xd656, 0xd656, 0xd656, 0xd656, 0xd656, 0xd677, 0xd656,
  0xd656, 0xd656, 0xd656, 0xd656, 0xd656, 0xd656, 0xd677, 0xd656, 0xd677, 0xd677, 0xd677, 0xd677, 0xd677, 0xd677, 0xd656, 0xd656, 0xd656, 0xd656, 0xd656, 0xd656,
  0xd677, 0xd677, 0xd677, 0xd677, 0xd656, 0xd656, 0xd656, 0xd656, 0xd656, 0xd656, 0xd656, 0xd656, 0xd656, 0xd677, 0xd677, 0xd677, 0xd656, 0xd656, 0xd656, 0xd677,
  0xd677, 0xd656, 0xd656, 0xd677, 0xd677, 0xd677, 0xd677, 0xd677, 0xd677, 0xd677, 0xd656, 0xce36, 0xd656, 0xd677, 0xce35, 0xe6f8, 0x738d, 0x18c3, 0xc5d5, 0xe6d8,
  0xd656, 0x83ee, 0x10c3, 0x2124, 0x10a3, 0x840e, 0xe6b8, 0xd656, 0xd656, 0xd656, 0xd656, 0xd656, 0xd656, 0xd656, 0xd676, 0xd636, 0xe6d8, 0xa4f1, 0x0861, 0x3186,
  0xd677, 0xd676, 0xe6b8, 0x4a48, 0x0000, 0xa4d1, 0xc5f4, 0x5aa9, 0x2104, 0x5aea, 0x630a, 0x41e7, 0x41e7, 0xb573, 0xcdf6, 0x18c3, 0x0841, 0x5289, 0x5aca, 0x5aaa,
  0x2103, 0x62ea, 0xb553, 0xde97, 0xd656, 0xd656, 0xd656, 0xd656, 0xd656, 0xd656, 0xd656, 0xd656, 0xd656, 0xd656, 0xd677, 0xd677, 0xd677, 0xd677, 0xd677, 0xd677,
  0xd656, 0xd656, 0xd677, 0xa4d1, 0x2104, 0x10a2, 0x10a2, 0x10a2, 0x10a2, 0x10a2, 0x10a2, 0x10a2, 0x10a2, 0x10a2, 0x10a2, 0x10a2, 0x10a2, 0x10a2, 0x10a2, 0x10a2,
  0x10a2, 0x10a2, 0x10a2, 0x10a2, 0x10a2, 0x10a2, 0x10a2, 0x10a2, 0x10a2, 0x10a2, 0x10a2, 0x10a2, 0x10a2, 0x10a2, 0x39c6, 0xbd94, 0xd677, 0xd656, 0xd677, 0xd677,
  0xd677, 0xd677, 0xd677, 0xd677, 0xd677, 0xd677, 0xd656, 0xd656, 0xd656, 0xd656, 0xd656, 0xdeb7, 0xc5f5, 0x10a2, 0x9490, 0xf73a, 0xf75a, 0x5289, 0x2924, 0xe6b7,
  0xef39, 0x736c, 0x39e7, 0xe6d8, 0xf739, 0x5aca, 0x2945, 0xdeb7, 0xef3a, 0xb553, 0x1082, 0xb573, 0xe6b7, 0xd656, 0xd677, 0xd677, 0xd656, 0xd677, 0xd677, 0xde77,
  0xd656, 0xb573, 0xad32, 0xad53, 0xad53, 0x2945, 0x3165, 0xce16, 0x4a48, 0x18e3, 0x736c, 0xd656, 0x6b4b, 0x18e4, 0x4a48, 0xd656, 0x39c7, 0x31a6, 0xe6d8, 0x9c90,
  0x2965, 0x9450, 0xd656, 0xd656, 0xd656, 0xd656, 0xd656, 0xe6b8, 0x9470, 0x0841, 0x736c, 0xbd94, 0x736c, 0x39e7, 0xa4f1, 0xde76, 0xd677, 0xe6d8, 0xe6d8, 0xe6d8,
  0xde77, 0xd656, 0xde97, 0xe6b8, 0xde96, 0xe6b8, 0xe6d8, 0xde76, 0xd656, 0xd636, 0xd676, 0xe6d8, 0xe6b8, 0xde97, 0xde97, 0xe6d8, 0x840e, 0x1082, 0x9c90, 0xdeb7,
  0xd656, 0xe6d8, 0xe6d8, 0xe6b8, 0xd677, 0xd656, 0xd656, 0xd656, 0xd656, 0xd656, 0xd656, 0xd656, 0xd656, 0xd656, 0xd656, 0xd656, 0xd656, 0xd656, 0xd656, 0xd656,
  0xd656, 0xd656, 0xd656, 0xd656, 0xd656, 0xd656, 0xd677, 0xd677, 0xd677, 0xd656, 0xd656, 0xd677, 0xd677, 0xd677, 0xd656, 0xd656, 0xd656, 0xd656, 0xd656, 0xd656,
  0xd677, 0xd677, 0xd677, 0xd677, 0xd656, 0xd656, 0xd656, 0xd656, 0xd677, 0xd677, 0xd677, 0xd677, 0xd656, 0xd656, 0xd656, 0xd677, 0xd677, 0xd656, 0xd677, 0xd677,
  0xd677, 0xd656, 0xd656, 0xd677, 0xd677, 0xd677, 0xde77, 0xde77, 0xd656, 0xdeb8, 0xb553, 0x2103, 0x8c0e, 0xe6d8, 0xce35, 0xe6b7, 0x736c, 0x18c3, 0xb553, 0xde97,
  0xd656, 0x4a48, 0x18e4, 0x2945, 0x18e3, 0x5aca, 0xde97, 0xd656, 0xd656, 0xd656, 0xd656, 0xd656, 0xd656, 0xd677, 0xd677, 0xd636, 0xe6b8, 0xa512, 0x0882, 0x39a6,
  0xd677, 0xd677, 0xe6b8, 0x5269, 0x0000, 0xad12, 0x8c2e, 0x0000, 0x6b0b, 0xef19, 0xf75a, 0xa512, 0x0000, 0x4207, 0xd636, 0x18c3, 0x1082, 0xd677, 0xef39, 0xeef9,
  0x4227, 0x0000, 0x738c, 0xeef8, 0xd636, 0xd656, 0xd656, 0xd656, 0xd656, 0xd656, 0xd656, 0xd656, 0xd656, 0xd656, 0xd677, 0xd677, 0xd677, 0xd677, 0xd677, 0xd677,
  0xd677, 0xd677, 0xd656, 0xd677, 0xbd94, 0x39c6, 0x10a2, 0x10a2, 0x10a2, 0x10a2, 0x10a2, 0x10a2, 0x10a2, 0x10a2, 0x10a2, 0x10a2, 0x10a2, 0x10a2, 0x10a2, 0x10a2,
  0x10a2, 0x10a2, 0x10a2, 0x10a2, 0x10a2, 0x10a2, 0x10a2, 0x10a2, 0x10a2, 0x10a2, 0x10a2, 0x10a2, 0x10a2, 0x39c6, 0xce15, 0xd677, 0xd656, 0xd677, 0xd677, 0xd677,
  0xd677, 0xd677, 0xd677, 0xd677, 0xd677, 0xd677, 0xd656, 0xd656, 0xd656, 0xd656, 0xd656, 0xdeb7, 0xc5f5, 0x10a2, 0x9490, 0xf73a, 0xf73a, 0x6b2b, 0x4207, 0xdeb8,
  0xf75a, 0x7bad, 0x4207, 0xe6d8, 0xef19, 0x6b2b, 0x41e6, 0xe6d8, 0xef3a, 0xb553, 0x1082, 0xb573, 0xe6b7, 0xd656, 0xd677, 0xd677, 0xd677, 0xd656, 0xd677, 0xd677,
  0xd677, 0xde97, 0xe6d7, 0xef19, 0x9470, 0x2124, 0x736c, 0xd636, 0x5269, 0x10c3, 0x39a6, 0xad32, 0x39a6, 0x1082, 0x4227, 0xd636, 0x39e7, 0x41e7, 0xce36, 0x39e7,
  0x4a48, 0xd676, 0xde77, 0xd656, 0xd656, 0xd656, 0xd656, 0xe6b8, 0x8c4f, 0x0041, 0x946f, 0xffbb, 0xa4d1, 0x0001, 0x7bad, 0xe6d8, 0xc5d4, 0x6b2b, 0x6b4c, 0x6b2b,
  0xc5b4, 0xeef8, 0xad11, 0x5aa9, 0xa4f2, 0x83ee, 0x5ac9, 0xbdb4, 0xdeb7, 0xde97, 0xbd94, 0x5aca, 0x83ee, 0x9450, 0x5aa9, 0xc5f5, 0x8c2f, 0x1082, 0x9cb0, 0xef18,
  0xb553, 0x630b, 0x630b, 0x736c, 0xd636, 0xde97, 0xd656, 0xd656, 0xd656, 0xd656, 0xd656, 0xd656, 0xd656, 0xd656, 0xd656, 0xd656, 0xd656, 0xd656, 0xd656, 0xd656,
  0xd656, 0xd656, 0xd656, 0xd656, 0xd656, 0xd656, 0xd677, 0xd677, 0xd677, 0xd656, 0xd656, 0xd677, 0xd677, 0xd677, 0xd656, 0xd656, 0xd656, 0xd656, 0xd656, 0xd656,
  0xd677, 0xd677, 0xd677, 0xd677, 0xd656, 0xd656, 0xd656, 0xd656, 0xd677, 0xd677, 0xd677, 0xd677, 0xd656, 0xd656, 0xd677, 0xd656, 0xd677, 0xd656, 0xd677, 0xd677,
  0xd677, 0xd656, 0xd656, 0xd677, 0xd677, 0xd677, 0xde77, 0xde77, 0xd656, 0xe6d8, 0xb573, 0x0862, 0x83ee, 0xeef8, 0xce35, 0xe6d8, 0x736c, 0x10a3, 0xad32, 0xdeb7,
  0xd677, 0x4207, 0x18c3, 0x2965, 0x0862, 0x4207, 0xdeb7, 0xd656, 0xd656, 0xd656, 0xd656, 0xd656, 0xd656, 0xd677, 0xd677, 0xd636, 0xe6d8, 0xa4f2, 0x0862, 0x39c6,
  0xde77, 0xd677, 0xe6b8, 0x4a69, 0x0000, 0xad12, 0x9c90, 0x0041, 0x4228, 0xd657, 0xe6d8, 0xbdb4, 0x7b8c, 0xa4f1, 0xc5f4, 0x18c2, 0x18c3, 0xce15, 0xde97, 0xde77,
  0x4207, 0x0000, 0x7bad, 0xe6d8, 0xd636, 0xd656, 0xd656, 0xd656, 0xd656, 0xd656, 0xd656, 0xd656, 0xd656, 0xd656, 0xd677, 0xd677, 0xd677, 0xd677, 0xd677, 0xd677,
  0xd677, 0xd677, 0xd677, 0xd656, 0xd677, 0xce15, 0x39c6, 0x10a2, 0x10a2, 0x10a2, 0x10a2, 0x10a2, 0x10a2, 0x10a2, 0x10a2, 0x10a2, 0x10a2, 0x10a2, 0x10a2, 0x10a2,
  0x10a2, 0x10a2, 0x10a2, 0x10a2, 0x10a2, 0x10a2, 0x10a2, 0x10a2, 0x10a2, 0x10a2, 0x10a2, 0x10a2, 0x39c6, 0xce15, 0xd677, 0xd656, 0xd677, 0xd677, 0xd677, 0xd677,
  0xd677, 0xd677, 0xd677, 0xd677, 0xd677, 0xd677, 0xd656, 0xd656, 0xd656, 0xd656, 0xd656, 0xdeb7, 0xc5f5, 0x10a2, 0x9c90, 0xf75a, 0xe6b8, 0xde98, 0xde97, 0xde97,
  0xf75a, 0x7bad, 0x41e7, 0xe6d8, 0xe6b8, 0xd677, 0xd677, 0xde98, 0xef39, 0xad33, 0x1082, 0xb573, 0xe6b7, 0xd656, 0xd656, 0xd677, 0xd677, 0xd677, 0xd677, 0xde77,
  0xd677, 0xd656, 0xd656, 0xbd94, 0x31a6, 0x4208, 0xde97, 0xde97, 0x4a28, 0x18e3, 0x2124, 0x2945, 0x2124, 0x18e3, 0x4227, 0xd677, 0x39c6, 0x39e7, 0x83ee, 0x2944,
  0xbdb4, 0xe6b7, 0xd656, 0xd677, 0xd656, 0xd656, 0xd656, 0xe6b8, 0x8c4f, 0x0841, 0x8c4f, 0xef19, 0x9470, 0x0862, 0x8c2e, 0xde97, 0x83ee, 0x18e3, 0x39a6, 0x20e3,
  0x7bee, 0xe6d8, 0x8c2f, 0x0841, 0x2965, 0x39e7, 0x2103, 0x736d, 0xd677, 0xce56, 0x738c, 0x2104, 0x39c6, 0x18e3, 0x1082, 0xad33, 0x9450, 0x0861, 0x9cd1, 0xdeb8,
  0x6b4c, 0x2124, 0x3165, 0x2124, 0x9490, 0xd676, 0xd656, 0xd656, 0xd656, 0xd656, 0xd656, 0xd656, 0xd656, 0xd656, 0xd656, 0xd656, 0xd656, 0xd656, 0xd656, 0xd656,
  0xd656, 0xd656, 0xd656, 0xd656, 0xd677, 0xd677, 0xd677, 0xd677, 0xd677, 0xd677, 0xd677, 0xd677, 0xd677, 0xd677, 0xd656, 0xd656, 0xd656, 0xd656, 0xd656, 0xd656,
  0xd656, 0xd656, 0xd677, 0xd677, 0xd656, 0xd656, 0xd656, 0xd656, 0xd656, 0xd656, 0xd656, 0xd656, 0xd656, 0xd677, 0xd656, 0xd677, 0xd677, 0xd656, 0xd656, 0xd656,
  0xd656, 0xd656, 0xd656, 0xd677, 0xd656, 0xd656, 0xd677, 0xd676, 0xdeb7, 0x840e, 0x39c6, 0x2965, 0x31a6, 0x630a, 0xce36, 0xeef9, 0x736d, 0x10a2, 0xad32, 0xde97,
  0xd636, 0xb553, 0x6b4c, 0x18c3, 0x630b, 0xa4f1, 0xde77, 0xd656, 0xd656, 0xd656, 0xd677, 0xd677, 0xd677, 0xd656, 0xd656, 0xd636, 0xe6b8, 0xa4f2, 0x0862, 0x39a6,
  0xde77, 0xde77, 0xe6b8, 0x4a69, 0x0000, 0xad12, 0x944f, 0x0021, 0x1082, 0x738d, 0xef19, 0xe6b7, 0xe6b7, 0xe6b8, 0xc5d4, 0x18e3, 0x18c3, 0xce16, 0xde97, 0xe6b8,
  0x4a48, 0x0000, 0x7bad, 0xeed8, 0xd636, 0xd656, 0xd656, 0xd656, 0xd656, 0xd656, 0xd656, 0xd656, 0xd656, 0xd656, 0xd677, 0xd677, 0xd677, 0xd677, 0xd677, 0xd677,
  0xd677, 0xd677, 0xd677, 0xd677, 0xd656, 0xd677, 0xce15, 0x39c6, 0x10a2, 0x10a2, 0x10a2, 0x10a2, 0x10a2, 0x10a2, 0x10a2, 0x10a2, 0x10a2, 0x10a2, 0x10a2, 0x10a2,
  0x10a2, 0x10a2, 0x10a2, 0x10a2, 0x10a2, 0x10a2, 0x10a2, 0x10a2, 0x10a2, 0x10a2, 0x10a2, 0x39c6, 0xce15, 0xd677, 0xd656, 0xd677, 0xd677, 0xd677, 0xd677, 0xd677,
  0xd677, 0xd677, 0xd677, 0xd677, 0xd677, 0xd677, 0xd656, 0xd656, 0xd656, 0xd656, 0xd656, 0xdeb7, 0xc5f5, 0x10a2, 0x9c90, 0xf73a, 0xdeb8, 0xe6d8, 0xe6d8, 0xde97,
  0xff7a, 0x7b8c, 0x39c6, 0xef19, 0xe6b8, 0xe6d8, 0xe6d8, 0xde97, 0xef39, 0xad33, 0x1082, 0xb573, 0xe6b7, 0xd656, 0xd677, 0xd677, 0xd677, 0xd677, 0xd656, 0xd677,
  0xd656, 0xde97, 0xd656, 0x3165, 0x4207, 0xde77, 0xde97, 0xde77, 0x4207, 0x18c3, 0x39a6, 0x2966, 0x39e7, 0x2124, 0x4a28, 0xd636, 0x39e7, 0x18c3, 0x2125, 0xa4d1,
  0xe6d8, 0xd656, 0xde77, 0xd656, 0xd656, 0xd656, 0xd656, 0xe6b8, 0x946f, 0x0861, 0x8c4f, 0xef19, 0x9c90, 0x0861, 0x9cb1, 0xad32, 0x0861, 0x7bad, 0xf75a, 0x7bce,
  0x0861, 0x9cb0, 0x9cb1, 0x0882, 0x4228, 0xde97, 0x8c2f, 0x0020, 0xa4d1, 0x9450, 0x0841, 0x9cb1, 0xe6f8, 0x5269, 0x18e4, 0xb553, 0x8c4f, 0x0841, 0xad12, 0x9cb1,
  0x0021, 0x9490, 0xff7a, 0x6b0b, 0x10a2, 0xb573, 0xdeb7, 0xd656, 0xd656, 0xd656, 0xd656, 0xd656, 0xd656, 0xd656, 0xd656, 0xd656, 0xd656, 0xd656, 0xd656, 0xd656,
  0xd656, 0xd656, 0xd656, 0xd656, 0xd677, 0xd677, 0xd656, 0xd677, 0xd677, 0xd677, 0xd677, 0xd677, 0xd656, 0xd656, 0xd656, 0xd656, 0xd656, 0xd656, 0xd656, 0xd656,
  0xd656, 0xd656, 0xd656, 0xd656, 0xd656, 0xd656, 0xd656, 0xd656, 0xd656, 0xd656, 0xd656, 0xd656, 0xd656, 0xd656, 0xd656, 0xd656, 0xd656, 0xd656, 0xd656, 0xd656,
  0xd656, 0xd656, 0xd656, 0xd677, 0xd677, 0xd677, 0xd677, 0xd657, 0xe6b8, 0x5aea, 0x0862, 0x3186, 0x18c3, 0x3186, 0xce16, 0xeef9, 0x736d, 0x10a3, 0xad32, 0xdeb7,
  0xde76, 0xde77, 0x840f, 0x0841, 0xad12, 0xef18, 0xd656, 0xd656, 0xd656, 0xd656, 0xd677, 0xd677, 0xd656, 0xd677, 0xd677, 0xd636, 0xe6d8, 0xa4f2, 0x0862, 0x39c6,
  0xde97, 0xde97, 0xe6d8, 0x4a69, 0x0000, 0xa4b1, 0xd677, 0x736c, 0x1062, 0x18c2, 0x4207, 0x39a6, 0x8c0e, 0xef19, 0xc5d5, 0x2124, 0x1082, 0x2924, 0x2104, 0x2924,
  0x18c3, 0x9c90, 0xd656, 0xd676, 0xd656, 0xd677, 0xd677, 0xd677, 0xd656, 0xd656, 0xd656, 0xd656, 0xd656, 0xd656, 0xd677, 0xd677, 0xd677, 0xd677, 0xd677, 0xd677,
  0xd677, 0xd677, 0xd677, 0xd677, 0xd677, 0xd656, 0xd677, 0xce15, 0x39c6, 0x10a2, 0x10a2, 0x10a2, 0x10a2, 0x10a2, 0x10a2, 0x10a2, 0x10a2, 0x10a2, 0x10a2, 0x10a2,
  0x10a2, 0x10a2, 0x10a2, 0x10a2, 0x10a2, 0x10a2, 0x10a2, 0x10a2, 0x10a2, 0x10a2, 0x39c6, 0xce15, 0xd677, 0xd656, 0xd677, 0xd677, 0xd677, 0xd677, 0xd677, 0xd677,
  0xd677, 0xd677, 0xd677, 0xd677, 0xd677, 0xd677, 0xd656, 0xd656, 0xd656, 0xd656, 0xd656, 0xdeb7, 0xc5f5, 0x10a2, 0x9c90, 0xf73a, 0xe6b8, 0xe6d8, 0xe6b8, 0xe6d8,
  0xce15, 0x5aa9, 0x3165, 0xbdb4, 0xe6f8, 0xe6b8, 0xde98, 0xde97, 0xef39, 0xad33, 0x1082, 0xb573, 0xe6b7, 0xd656, 0xd677, 0xd677, 0xd677, 0xd677, 0xd656, 0xd677,
  0xd677, 0xde97, 0xad12, 0x2945, 0x5aa9, 0xde97, 0xde97, 0xd676, 0x39c6, 0x3185, 0xad12, 0x31a6, 0xb554, 0x39c7, 0x31a6, 0xce15, 0x4207, 0x18e3, 0x2104, 0x83ee,
  0xd677, 0xd677, 0xd676, 0xd656, 0xd677, 0xd656, 0xd656, 0xe6b8, 0x9470, 0x0841, 0x8c0e, 0xef19, 0x9c90, 0x0862, 0x9cb1, 0xad53, 0x10a3, 0x7bcd, 0xff7b, 0x83ee,
  0x0861, 0x9c90, 0x9cb1, 0x0000, 0x840e, 0xf73a, 0x83ee, 0x0862, 0xa4f1, 0x8c4f, 0x0841, 0x944f, 0xff9b, 0x7bad, 0x0882, 0xb553, 0x8c4f, 0x0021, 0xa512, 0x9c90,
  0x0021, 0x6b2b, 0xad53, 0x4a69, 0x18e3, 0xb553, 0xde97, 0xd656, 0xd656, 0xd656, 0xd656, 0xd656, 0xd656, 0xd656, 0xd656, 0xd656, 0xd656, 0xd656, 0xd656, 0xd656,
  0xd656, 0xd656, 0xd656, 0xd656, 0xd677, 0xd677, 0xd656, 0xd677, 0xd677, 0xd677, 0xd677, 0xd677, 0xd656, 0xd656, 0xd656, 0xd656, 0xd656, 0xd656, 0xd656, 0xd656,
  0xd656, 0xd656, 0xd656, 0xd656, 0xd656, 0xd656, 0xd656, 0xd656, 0xd656, 0xd656, 0xd656, 0xd656, 0xd656, 0xd656, 0xd656, 0xd656, 0xd656, 0xd656, 0xd656, 0xd656,
  0xd656, 0xd656, 0xd656, 0xd656, 0xd656, 0xd677, 0xd677, 0xd676, 0xe6b7, 0x62ea, 0x18a2, 0x3186, 0x18c3, 0x39a6, 0xce16, 0xe6d8, 0x736c, 0x18c3, 0xb573, 0xce15,
  0x9cb1, 0x3a07, 0x2945, 0x31a6, 0xad12, 0xde97, 0xd656, 0xd656, 0xd656, 0xd656, 0xd677, 0xd656, 0xd677, 0xd677, 0xd677, 0xd636, 0xe6d8, 0xa4f2, 0x0882, 0x39c6,
  0xde97, 0xd697, 0xe6d8, 0x4a69, 0x0821, 0x9cb1, 0xf77a, 0xbd94, 0x3165, 0x3185, 0x0861, 0x0000, 0x4a68, 0xc615, 0xce15, 0x2124, 0x1082, 0x3165, 0x2965, 0x2944,
  0x10a3, 0x9450, 0xce36, 0xd677, 0xd656, 0xd677, 0xd677, 0xd656, 0xd656, 0xd656, 0xd656, 0xd656, 0xd656, 0xd656, 0xd677, 0xd677, 0xd677, 0xd677, 0xd677, 0xd677,
  0xd677, 0xd677, 0xd677, 0xd677, 0xd677, 0xd677, 0xd656, 0xd677, 0xce15, 0x39c6, 0x10a2, 0x10a2, 0x10a2, 0x10a2, 0x10a2, 0x10a2, 0x10a2, 0x10a2, 0x10a2, 0x10a2,
  0x10a2, 0x10a2, 0x10a2, 0x10a2, 0x10a2, 0x10a2, 0x10a2, 0x10a2, 0x10a2, 0x2104, 0xbdb4, 0xd677, 0xd656, 0xd677, 0xd677, 0xd677, 0xd677, 0xd677, 0xd677, 0xd677,
  0xd677, 0xd677, 0xd677, 0xd677, 0xd677, 0xd677, 0xd656, 0xd656, 0xd656, 0xd656, 0xd656, 0xdeb7, 0xc5f5, 0x18a2, 0x9c90, 0xf75a, 0xe6b8, 0xe6d8, 0xe6d8, 0xe6f9,
  0x4228, 0x0020, 0x0841, 0x39c6, 0xef19, 0xe6b8, 0xe6d8, 0xde97, 0xef39, 0xad32, 0x1082, 0xb573, 0xe6b7, 0xd656, 0xd677, 0xd677, 0xd677, 0xd677, 0xd677, 0xd656,
  0xde77, 0xde98, 0x3185, 0x39a6, 0xd636, 0xd656, 0xd677, 0xd656, 0x41e7, 0x39c7, 0xad33, 0x3185, 0xb553, 0x39c7, 0x3186, 0xd636, 0x39e7, 0x39c7, 0x736c, 0x18c3,
  0xb574, 0xe6d8, 0xd636, 0xd677, 0xd656, 0xd677, 0xd656, 0xe6b8, 0x9470, 0x0841, 0x8c0e, 0xef3a, 0x9cb1, 0x0882, 0x9cb1, 0xad53, 0x1082, 0x7b8d, 0xf75a, 0x7bcd,
  0x0841, 0x9c90, 0xa4f2, 0x0041, 0x7bcd, 0xeef8, 0x83ce, 0x0862, 0xad32, 0x9c90, 0x0841, 0x8c2f, 0xf739, 0x6b2b, 0x0882, 0xb553, 0x946f, 0x0841, 0xad32, 0x9490,
  0x1062, 0x18c3, 0x18a2, 0x18c3, 0x10a2, 0xad12, 0xdeb7, 0xd656, 0xd656, 0xd656, 0xd656, 0xd656, 0xd656, 0xd656, 0xd656, 0xd656, 0xd656, 0xd656, 0xd656, 0xd656,
  0xd677, 0xd656, 0xd656, 0xd656, 0xd656, 0xd656, 0xd656, 0xd656, 0xd656, 0xd656, 0xd677, 0xd656, 0xd656, 0xd656, 0xd656, 0xd656, 0xd656, 0xd656, 0xd656, 0xd656,
  0xd656, 0xd656, 0xd656, 0xd656, 0xd656, 0xd656, 0xd656, 0xd656, 0xd656, 0xd656, 0xd656, 0xd656, 0xd656, 0xd656, 0xd656, 0xd656, 0xd656, 0xd656, 0xd656, 0xd656,
  0xd656, 0xd656, 0xd656, 0xd656, 0xd656, 0xd677, 0xd657, 0xd676, 0xd676, 0xce15, 0x9cb1, 0x18e3, 0x738d, 0xd656, 0xd636, 0xe6d8, 0x736c, 0x18c3, 0xce36, 0xa4d1,
  0x10a3, 0x18e3, 0x5289, 0xde98, 0xd656, 0xd656, 0xd676, 0xd656, 0xd656, 0xd656, 0xd677, 0xd677, 0xd677, 0xd677, 0xd677, 0xd636, 0xe6d8, 0xa4f2, 0x1082, 0x39e7,
  0xde98, 0xde97, 0xe6d8, 0x5289, 0x0841, 0xa4d2, 0xe6f8, 0xd636, 0xd656, 0xde77, 0x5aa9, 0x18e3, 0x0021, 0x4a68, 0xd656, 0x18e3, 0x10a2, 0xce36, 0xe6d8, 0xe6b8,
  0x4207, 0x0000, 0x7bad, 0xeef9, 0xd636, 0xd656, 0xd656, 0xd656, 0xd677, 0xd656, 0xd656, 0xd656, 0xd656, 0xd656, 0xd677, 0xd677, 0xd677, 0xd677, 0xd677, 0xd677,
  0xd677, 0xd677, 0xd677, 0xd677, 0xd677, 0xd677, 0xd677, 0xd656, 0xd677, 0xbdb4, 0x2104, 0x10a2, 0x10a2, 0x10a2, 0x10a2, 0x10a2, 0x10a2, 0x10a2, 0x10a2, 0x10a2,
  0x10a2, 0x10a2, 0x10a2, 0x10a2, 0x10a2, 0x10a2, 0x10a2, 0x10a2, 0x10a2, 0xa4d1, 0xd677, 0xd656, 0xd677, 0xd677, 0xd677, 0xd677, 0xd677, 0xd677, 0xd677, 0xd677,
  0xd677, 0xd677, 0xd677, 0xd677, 0xd677, 0xd677, 0xd656, 0xd656, 0xd656, 0xd656, 0xd656, 0xde97, 0xc615, 0x18a2, 0x9c90, 0xf75a, 0xe6d8, 0xde97, 0xd636, 0xde97,
  0xb553, 0x9cb0, 0x9cb0, 0xbdb4, 0xe6d8, 0xd676, 0xd657, 0xde97, 0xef39, 0xad32, 0x1061, 0xb574, 0xe6b8, 0xd656, 0xd656, 0xd677, 0xd677, 0xd677, 0xd656, 0xde77,
  0xd656, 0x5289, 0x39c6, 0xb553, 0xe6b8, 0xd656, 0xde97, 0xde97, 0x4a28, 0x2965, 0xc5f5, 0xbdb4, 0xce15, 0x3186, 0x39e7, 0xde77, 0x39c7, 0x39c6, 0xd656, 0x4a69,
  0x4a49, 0xcdf5, 0xde97, 0xd656, 0xd677, 0xd656, 0xd656, 0xe6b8, 0x9450, 0x0041, 0x944f, 0xff9b, 0xa4f2, 0x0041, 0x9c90, 0xad32, 0x0861, 0x736c, 0xff5a, 0x7bad,
  0x0841, 0x9cd1, 0xa512, 0x0862, 0x83ee, 0xef19, 0x7bad, 0x0021, 0xad12, 0x9cb1, 0x0882, 0x9470, 0xff7a, 0x6b2b, 0x0861, 0xb573, 0x9470, 0x0861, 0xad12, 0x9cb1,
  0x0861, 0x738d, 0xb573, 0xad12, 0xad32, 0xce15, 0xde77, 0xd656, 0xd656, 0xd656, 0xd656, 0xd656, 0xd656, 0xd656, 0xd656, 0xd656, 0xd656, 0xd656, 0xd656, 0xd656,
  0xd656, 0xd656, 0xd656, 0xd656, 0xd656, 0xd656, 0xd656, 0xd656, 0xd656, 0xd656, 0xd677, 0xd656, 0xd656, 0xd656, 0xd656, 0xd656, 0xd656, 0xd656, 0xd656, 0xd656,
  0xd656, 0xd656, 0xd656, 0xd656, 0xd656, 0xd656, 0xd656, 0xd656, 0xd656, 0xd656, 0xd656, 0xd656, 0xd656, 0xd656, 0xd656, 0xd656, 0xd656, 0xd656, 0xd656, 0xd656,
  0xd656, 0xd656, 0xd656, 0xd656, 0xd656, 0xd677, 0xd656, 0xd677, 0xd656, 0xe6d8, 0xb573, 0x10a3, 0x736c, 0xc616, 0xd636, 0xe6b7, 0x736c, 0x18c3, 0x736c, 0x5aca,
  0x2104, 0x4a48, 0x840e, 0xde97, 0xd656, 0xd656, 0xd656, 0xd656, 0xd656, 0xd656, 0xd677, 0xd677, 0xd677, 0xd677, 0xde77, 0xd636, 0xe6d8, 0xa4f2, 0x1082, 0x4207,
  0xdeb7, 0xd676, 0xdeb7, 0x5289, 0x0861, 0x9cd1, 0xdeb7, 0xc5d4, 0xce35, 0xce35, 0xdeb8, 0x9450, 0x0021, 0x5aca, 0xce16, 0x18c2, 0x0881, 0xc5d4, 0xdeb7, 0xde97,
  0x41e7, 0x0000, 0x83cd, 0xe6d8, 0xd636, 0xd656, 0xd656, 0xd656, 0xd677, 0xd656, 0xd656, 0xd656, 0xd656, 0xd677, 0xd677, 0xd677, 0xd677, 0xd677, 0xd677, 0xd677,
  0xd677, 0xd677, 0xd677, 0xd677, 0xd677, 0xd677, 0xd677, 0xd677, 0xd656, 0xd677, 0xa4d1, 0x10a2, 0x10a2, 0x10a2, 0x10a2, 0x10a2, 0x10a2, 0x10a2, 0x10a2, 0x10a2,
  0x10a2, 0x10a2, 0x10a2, 0x10a2, 0x10a2, 0x10a2, 0x10a2, 0x10a2, 0x738c, 0xd677, 0xd656, 0xd677, 0xd677, 0xd677, 0xd677, 0xd677, 0xd677, 0xd677, 0xd677, 0xd677,
  0xd677, 0xd677, 0xd677, 0xd677, 0xd677, 0xd677, 0xd656, 0xd656, 0xd656, 0xd657, 0xd656, 0xde97, 0xc5f5, 0x10a2, 0x9c91, 0xef19, 0xf75a, 0x736c, 0x3164, 0xef39,
  0xf75a, 0xff9b, 0xff9b, 0xf739, 0xff7a, 0x630a, 0x39a6, 0xe6d8, 0xef39, 0xad12, 0x0861, 0xb574, 0xe6b8, 0xd656, 0xd677, 0xd677, 0xd677, 0xd677, 0xd656, 0xde77,
  0xce36, 0x2924, 0x39a6, 0xce16, 0xd657, 0xc5f5, 0xce15, 0xde97, 0x4a48, 0x2945, 0xce15, 0xe6d8, 0xd656, 0x31a6, 0x4228, 0xde97, 0x39e6, 0x2965, 0xde97, 0x736c,
  0x1082, 0xa4f2, 0xde97, 0xd656, 0xd677, 0xd656, 0xd656, 0xe6b8, 0x944f, 0x0881, 0x9470, 0xde98, 0x630b, 0x1082, 0x946f, 0xad33, 0x18e3, 0x736c, 0xe6f8, 0x7bce,
  0x18c3, 0xa4d1, 0x9cd1, 0x0862, 0x8c2f, 0xef39, 0x7bce, 0x0021, 0xa4f1, 0xa4d1, 0x18c3, 0x9490, 0xc5f5, 0x3165, 0x0882, 0xad52, 0x9491, 0x0862, 0xa4f1, 0x9cb0,
  0x0862, 0x9450, 0xe6d7, 0xc5f5, 0x5aaa, 0xad32, 0xe6b8, 0xd656, 0xd656, 0xd656, 0xd656, 0xd656, 0xd656, 0xd656, 0xd656, 0xd656, 0xd656, 0xd656, 0xd656, 0xd656,
  0xd656, 0xd656, 0xd656, 0xd656, 0xd656, 0xd656, 0xd656, 0xd656, 0xd656, 0xd656, 0xd677, 0xd656, 0xd656, 0xd656, 0xd656, 0xd656, 0xd656, 0xd656, 0xd656, 0xd656,
  0xd656, 0xd656, 0xd656, 0xd656, 0xd656, 0xd656, 0xd656, 0xd656, 0xd656, 0xd656, 0xd656, 0xd656, 0xd656, 0xd656, 0xd656, 0xd656, 0xd656, 0xd656, 0xd656, 0xd656,
  0xd656, 0xd656, 0xd656, 0xd677, 0xd677, 0xd656, 0xd677, 0xd677, 0xd636, 0xe6b8, 0xa4f1, 0x1082, 0x18c3, 0x4228, 0xde97, 0xf759, 0x7b8d, 0x18c3, 0x1082, 0x1082,
  0x18e3, 0xb573, 0xe6f8, 0xd656, 0xd677, 0xd656, 0xd656, 0xd656, 0xd656, 0xd677, 0xd677, 0xd677, 0xd677, 0xd677, 0xde77, 0xd636, 0xe6d8, 0xa4f2, 0x0841, 0x39c6,
  0xe6d8, 0xef19, 0xef19, 0x5289, 0x0000, 0xa4f1, 0x946f, 0x0821, 0x9cd0, 0xef19, 0xf75a, 0xa4f2, 0x0000, 0x4a68, 0xce15, 0x18c2, 0x1082, 0xd657, 0xf75a, 0xef19,
  0x4207, 0x0000, 0x738c, 0xe6f8, 0xd636, 0xd656, 0xd656, 0xd656, 0xd677, 0xd656, 0xd656, 0xd677, 0xd677, 0xd677, 0xd677, 0xd677, 0xd677, 0xd677, 0xd677, 0xd677,
  0xd677, 0xd677, 0xd677, 0xd677, 0xd677, 0xd677, 0xd677, 0xd677, 0xd677, 0xd656, 0xd677, 0x738c, 0x10a2, 0x10a2, 0x10a2, 0x10a2, 0x10a2, 0x10a2, 0x10a2, 0x10a2,
  0x10a2, 0x10a2, 0x10a2, 0x10a2, 0x10a2, 0x10a2, 0x10a2, 0x4227, 0xd656, 0xd656, 0xd677, 0xd677, 0xd677, 0xd677, 0xd677, 0xd677, 0xd677, 0xd677, 0xd677, 0xd677,
  0xd677, 0xd677, 0xd677, 0xd677, 0xd677, 0xd677, 0xd656, 0xd656, 0xd656, 0xd656, 0xd656, 0xde97, 0xc615, 0x18a2, 0x9c90, 0xef19, 0xf73a, 0x7bcd, 0x2945, 0x9cb1,
  0x9470, 0x9490, 0x9470, 0x9470, 0xa4d1, 0x41e7, 0x4a28, 0xe6d8, 0xef39, 0xad12, 0x1061, 0xb574, 0xe6b8, 0xd656, 0xd677, 0xd677, 0xd677, 0xd677, 0xd656, 0xde97,
  0xce15, 0x2945, 0x10a3, 0x2103, 0x2124, 0x18c3, 0x3185, 0xce15, 0x39c6, 0x20e3, 0xce36, 0xdeb7, 0xce15, 0x2104, 0x39a6, 0xd677, 0x2965, 0x2124, 0xd636, 0xd676,
  0x5269, 0x1082, 0xbdb4, 0xde97, 0xd656, 0xd656, 0xd656, 0xe6b8, 0x840e, 0x0862, 0x2965, 0x2924, 0x0861, 0x8c2f, 0xd656, 0xd656, 0x9cb1, 0x18c3, 0x2966, 0x18c3,
  0x8c4f, 0xe6d8, 0x83ee, 0x0000, 0x83ce, 0xf73a, 0x7bad, 0x0000, 0x9490, 0xe6f8, 0x83ee, 0x10a3, 0x39a6, 0x2944, 0x10c3, 0xad32, 0x8c0f, 0x0000, 0x9c90, 0xeef8,
  0x738c, 0x18c3, 0x2945, 0x18c3, 0x41e7, 0xc5d4, 0xde77, 0xd656, 0xd656, 0xd656, 0xd656, 0xd656, 0xd656, 0xd656, 0xd656, 0xd677, 0xd677, 0xd677, 0xd656, 0xd656,
  0xd656, 0xd656, 0xd656, 0xd656, 0xd656, 0xd656, 0xd656, 0xd656, 0xd677, 0xd677, 0xd677, 0xd677, 0xd677, 0xd677, 0xd677, 0xd656, 0xd677, 0xd677, 0xd656, 0xd656,
  0xd656, 0xd656, 0xd656, 0xd656, 0xd656, 0xd656, 0xd656, 0xd656, 0xd656, 0xd656, 0xd656, 0xd656, 0xd656, 0xd656, 0xd656, 0xd656, 0xd656, 0xd656, 0xd656, 0xd656,
  0xd656, 0xd656, 0xd656, 0xd656, 0xd656, 0xd656, 0xd656, 0xd656, 0xd656, 0xde97, 0xbdb4, 0x83ee, 0x39c7, 0x2965, 0x83ee, 0x9450, 0x5289, 0x18e3, 0x6b2b, 0x8c2f,
  0x83ee, 0xc5d4, 0xde76, 0xd676, 0xd677, 0xd656, 0xd656, 0xd656, 0xd656, 0xd677, 0xd677, 0xd677, 0xd656, 0xd677, 0xd677, 0xd656, 0xe6b8, 0xbd73, 0x5268, 0x20e4,
  0x736c, 0xa4f2, 0x8c2f, 0x2945, 0x41e6, 0xbd73, 0xa4f2, 0x2104, 0x5aca, 0x9cb1, 0x9cb1, 0x4a68, 0x10a2, 0x7bad, 0xce15, 0x2104, 0x18a3, 0x8c2f, 0x9cb1, 0x9470,
  0x3185, 0x2924, 0x9c90, 0xe6b8, 0xd656, 0xd656, 0xd656, 0xd656, 0xd656, 0xd677, 0xd677, 0xd677, 0xd677, 0xd677, 0xd677, 0xd677, 0xd677, 0xd677, 0xd677, 0xd677,
  0xd677, 0xd677, 0xd677, 0xd677, 0xd677, 0xd677, 0xd677, 0xd677, 0xd677, 0xd677, 0xd656, 0xd656, 0x4227, 0x10a2, 0x10a2, 0x10a2, 0x10a2, 0x10a2, 0x10a2, 0x10a2,
  0x10a2, 0x10a2, 0x10a2, 0x10a2, 0x10a2, 0x10a2, 0x18e3, 0xbd94, 0xd677, 0xd656, 0xd677, 0xd677, 0xd677, 0xd677, 0xd677, 0xd677, 0xd677, 0xd677, 0xd677, 0xd677,
  0xd677, 0xd677, 0xd677, 0xd677, 0xd677, 0xd677, 0xd656, 0xd656, 0xd656, 0xd656, 0xd656, 0xde97, 0xc615, 0x18a2, 0x9c90, 0xf73a, 0xdeb8, 0xe6f9, 0xb573, 0x0020,
  0x0000, 0x0000, 0x0000, 0x0000, 0x0000, 0x6b2b, 0xef19, 0xde97, 0xef3a, 0xad32, 0x10a2, 0xb594, 0xe6b8, 0xd656, 0xd677, 0xd677, 0xd677, 0xd677, 0xd677, 0xde77,
  0xd636, 0x8c0e, 0x83ce, 0x7bad, 0x7b8d, 0x738c, 0x8c2f, 0xd656, 0x8c2e, 0x7bce, 0xd677, 0xde97, 0xd636, 0x83ee, 0x8c2f, 0xde76, 0x840e, 0x83ee, 0xd656, 0xde97,
  0x9cb1, 0x738c, 0xce15, 0xde77, 0xd656, 0xd656, 0xd656, 0xde97, 0xb553, 0x7bad, 0x83ee, 0x7bad, 0x7bad, 0xbd94, 0xde97, 0xd656, 0xc5d5, 0x7b8c, 0x7bcd, 0x738c,
  0xbd94, 0xe6d8, 0xad32, 0x6b4b, 0xad12, 0xe6b8, 0xad32, 0x736c, 0xbd73, 0xeef9, 0xbdb4, 0x5aa9, 0xb594, 0x7bcd, 0x10a3, 0xad12, 0xb552, 0x6b4b, 0xbdb4, 0xeed8,
  0xb553, 0x7bad, 0x83ce, 0x7bad, 0xbdb4, 0xe6b8, 0xd656, 0xd656, 0xd656, 0xd656, 0xd656, 0xd656, 0xd656, 0xd656, 0xd656, 0xd677, 0xd677, 0xd677, 0xd656, 0xd656,
  0xd656, 0xd656, 0xd656, 0xd656, 0xd656, 0xd656, 0xd656, 0xd656, 0xd677, 0xd677, 0xd677, 0xd677, 0xd677, 0xd677, 0xd677, 0xd656, 0xd677, 0xd677, 0xd656, 0xd656,
  0xd656, 0xd656, 0xd656, 0xd656, 0xd656, 0xd656, 0xd656, 0xd656, 0xd656, 0xd656, 0xd656, 0xd656, 0xd656, 0xd656, 0xd656, 0xd656, 0xd656, 0xd656, 0xd656, 0xd656,
  0xd656, 0xd656, 0xd656, 0xd656, 0xd656, 0xd656, 0xd656, 0xd656, 0xd656, 0xd656, 0xde77, 0xe6d8, 0xce15, 0x83cd, 0x0000, 0x0861, 0x18e4, 0x2124, 0xb553, 0xef19,
  0xde97, 0xde77, 0xd676, 0xd677, 0xd677, 0xd656, 0xd656, 0xd656, 0xd656, 0xd677, 0xd677, 0xd677, 0xd677, 0xd677, 0xd677, 0xd677, 0xd656, 0xde97, 0xd677, 0x2104,
  0x0000, 0x0000, 0x0000, 0x10a2, 0xcdf5, 0xe6b8, 0xdeb7, 0xad32, 0x0000, 0x0000, 0x0000, 0x0000, 0x6b0b, 0xf75a, 0xbdb4, 0x18e3, 0x0000, 0x0000, 0x0000, 0x0000,
  0x0020, 0xbd94, 0xe6d8, 0xd656, 0xd676, 0xd656, 0xd656, 0xd656, 0xd656, 0xd677, 0xd677, 0xd677, 0xd677, 0xd677, 0xd677, 0xd677, 0xd677, 0xd677, 0xd677, 0xd677,
  0xd677, 0xd677, 0xd677, 0xd677, 0xd677, 0xd677, 0xd677, 0xd677, 0xd677, 0xd677, 0xd656, 0xd677, 0xbd94, 0x18e3, 0x10a2, 0x10a2, 0x10a2, 0x10a2, 0x10a2, 0x10a2,
  0x10a2, 0x10a2, 0x10a2, 0x10a2, 0x10a2, 0x10a2, 0x83ee, 0xd677, 0xd656, 0xd677, 0xd677, 0xd677, 0xd677, 0xd677, 0xd677, 0xd677, 0xd677, 0xd677, 0xd677, 0xd677,
  0xd677, 0xd677, 0xd677, 0xd677, 0xd677, 0xd677, 0xd656, 0xd656, 0xd656, 0xd656, 0xd656, 0xde97, 0xc5f5, 0x10a2, 0x9c90, 0xf73a, 0xde98, 0xe6f8, 0xce36, 0x5aca,
  0x5aa9, 0x5aa9, 0x5aa9, 0x62ea, 0x5aa9, 0xa4f1, 0xeef8, 0xde77, 0xef3a, 0xad32, 0x10a2, 0xbd94, 0xe6b7, 0xd656, 0xd677, 0xd677, 0xd677, 0xd677, 0xd677, 0xd677,
  0xde77, 0xe6b8, 0xe6d8, 0xe6d8, 0xe6d8, 0xe6d8, 0xe6d8, 0xde77, 0xdeb8, 0xe6b8, 0xde77, 0xde77, 0xde77, 0xe6b8, 0xe6d8, 0xd656, 0xe6b8, 0xe6b8, 0xd657, 0xd656,
  0xde97, 0xe6d8, 0xde77, 0xd656, 0xd656, 0xd677, 0xd677, 0xd676, 0xde97, 0xe6d8, 0xe6d8, 0xe6b8, 0xe6d8, 0xde77, 0xd656, 0xd656, 0xde77, 0xe6d8, 0xe6b8, 0xe6d8,
  0xde77, 0xd656, 0xde97, 0xe6d8, 0xde97, 0xd656, 0xdeb7, 0xe6b8, 0xe6d8, 0x9cb1, 0x7bad, 0xeef8, 0xf759, 0x738d, 0x0862, 0xa4f1, 0xeef8, 0xde97, 0xde97, 0xd656,
  0xde97, 0xe6d8, 0xe6d8, 0xe6d8, 0xde77, 0xd656, 0xde77, 0xd677, 0xd677, 0xd656, 0xd656, 0xd656, 0xd656, 0xd656, 0xd656, 0xd677, 0xd656, 0xd656, 0xd656, 0xd656,
  0xd656, 0xd656, 0xd656, 0xd656, 0xd677, 0xd677, 0xd656, 0xd656, 0xd677, 0xd677, 0xd677, 0xd677, 0xd677, 0xd677, 0xd677, 0xd677, 0xd656, 0xd656, 0xd656, 0xd656,
  0xd656, 0xd656, 0xd656, 0xd656, 0xd656, 0xd656, 0xd656, 0xd656, 0xd656, 0xd656, 0xd656, 0xd656, 0xd656, 0xd656, 0xd656, 0xd656, 0xd656, 0xd656, 0xd656, 0xd656,
  0xd656, 0xd656, 0xd656, 0xd656, 0xd656, 0xd656, 0xd656, 0xd656, 0xd656, 0xd677, 0xd676, 0xd656, 0xe6b8, 0xc5d4, 0x738d, 0x9cb1, 0x52aa, 0x2104, 0xbdb4, 0xe6d8,
  0xce16, 0xd677, 0xd677, 0xd677, 0xd677, 0xd677, 0xd677, 0xd656, 0xd656, 0xd677, 0xd677, 0xd677, 0xd677, 0xd677, 0xd677, 0xd677, 0xd677, 0xd677, 0xce36, 0x8c2f,
  0x83ee, 0x83ee, 0x83ee, 0x842e, 0xce16, 0xde77, 0xd656, 0xc5d4, 0x83ee, 0x8c2f, 0x8c4f, 0x840e, 0xad32, 0xde97, 0xce15, 0x83ee, 0x7bad, 0x83ee, 0x83ee, 0x83ee,
  0x83ee, 0xce15, 0xde77, 0xd656, 0xd656, 0xd656, 0xd656, 0xd656, 0xd656, 0xd677, 0xd677, 0xd677, 0xd677, 0xd677, 0xd677, 0xd677, 0xd677, 0xd677, 0xd677, 0xd677,
  0xd677, 0xd677, 0xd677, 0xd677, 0xd677, 0xd677, 0xd677, 0xd677, 0xd677, 0xd677, 0xd677, 0xd656, 0xd677, 0x83ee, 0x10a2, 0x10a2, 0x10a2, 0x10a2, 0x10a2, 0x10a2,
  0x10a2, 0x10a2, 0x10a2, 0x10a2, 0x10a2, 0x39c6, 0xd656, 0xd656, 0xd656, 0xd677, 0xd677, 0xd677, 0xd677, 0xd677, 0xd677, 0xd677, 0xd677, 0xd677, 0xd677, 0xd677,
  0xd677, 0xd677, 0xd677, 0xd677, 0xd677, 0xd677, 0xd656, 0xd656, 0xd656, 0xd656, 0xd656, 0xde97, 0xce15, 0x18c3, 0x9470, 0xef19, 0xde98, 0xde97, 0xde97, 0xe6f9,
  0xe6f8, 0xe6f9, 0xeef9, 0xeef9, 0xef19, 0xe6d8, 0xde97, 0xde77, 0xe6f8, 0xad12, 0x18c3, 0xbd94, 0xe6b7, 0xd656, 0xd677, 0xd677, 0xd677, 0xd677, 0xd677, 0xd677,
  0xd677, 0xd656, 0xd656, 0xd656, 0xd656, 0xd656, 0xd656, 0xd677, 0xd656, 0xd656, 0xd677, 0xde77, 0xde77, 0xd656, 0xd656, 0xd677, 0xd656, 0xd656, 0xd656, 0xd677,
  0xd656, 0xd656, 0xd656, 0xd656, 0xd656, 0xd656, 0xd677, 0xd677, 0xd656, 0xd656, 0xd656, 0xd656, 0xd656, 0xd656, 0xd656, 0xd656, 0xd656, 0xd656, 0xd656, 0xd656,
  0xd656, 0xd677, 0xd656, 0xd656, 0xd656, 0xd677, 0xd656, 0xd636, 0xe6b8, 0x9cd1, 0x18e3, 0x5269, 0x5aca, 0x3185, 0x6b4c, 0xce16, 0xde77, 0xd636, 0xd656, 0xde77,
  0xd656, 0xd656, 0xd656, 0xd656, 0xd656, 0xd676, 0xd656, 0xd677, 0xd677, 0xd677, 0xd677, 0xd677, 0xd677, 0xd656, 0xd656, 0xd656, 0xd656, 0xd656, 0xd656, 0xd656,
  0xd656, 0xd656, 0xd656, 0xd656, 0xd656, 0xd656, 0xd656, 0xd656, 0xd656, 0xd656, 0xd677, 0xd677, 0xd656, 0xd656, 0xd656, 0xd677, 0xd656, 0xd656, 0xd656, 0xd656,
  0xd656, 0xd656, 0xd656, 0xd656, 0xd656, 0xd656, 0xd656, 0xd656, 0xd656, 0xd656, 0xd656, 0xd656, 0xd656, 0xd656, 0xd656, 0xd656, 0xd656, 0xd656, 0xd677, 0xd656,
  0xd656, 0xd656, 0xd656, 0xd656, 0xd656, 0xd656, 0xd656, 0xd656, 0xd656, 0xd656, 0xd656, 0xd677, 0xd656, 0xde97, 0xde97, 0xad12, 0x5269, 0x2124, 0x62eb, 0xad12,
  0xde97, 0xd676, 0xd677, 0xd677, 0xd677, 0xd677, 0xd677, 0xd656, 0xd677, 0xd656, 0xd677, 0xd677, 0xd677, 0xd677, 0xd656, 0xd677, 0xd656, 0xd676, 0xd676, 0xe6b7,
  0xe6d8, 0xe6b7, 0xe6d8, 0xe6b7, 0xd676, 0xd656, 0xd656, 0xde77, 0xe6d8, 0xe6d8, 0xe6b8, 0xe6d8, 0xde97, 0xd656, 0xde76, 0xe6b8, 0xe6d8, 0xe6d8, 0xe6d8, 0xe6b8,
  0xe6b8, 0xd677, 0xd656, 0xd656, 0xd656, 0xd656, 0xd656, 0xd656, 0xd656, 0xd677, 0xd677, 0xd677, 0xd677, 0xd677, 0xd677, 0xd677, 0xd677, 0xd677, 0xd677, 0xd677,
  0xd677, 0xd677, 0xd677, 0xd677, 0xd677, 0xd677, 0xd677, 0xd677, 0xd677, 0xd677, 0xd677, 0xd656, 0xd656, 0xd656, 0x39c6, 0x10a2, 0x10a2, 0x10a2, 0x10a2, 0x10a2,
  0x10a2, 0x10a2, 0x10a2, 0x10a2, 0x10a2, 0xa4f1, 0xd677, 0xd656, 0xd677, 0xd677, 0xd677, 0xd677, 0xd677, 0xd677, 0xd677, 0xd677, 0xd677, 0xd677, 0xd677, 0xd677,
  0xd677, 0xd677, 0xd677, 0xd677, 0xd677, 0xd677, 0xd656, 0xd656, 0xd656, 0xd656, 0xd656, 0xde97, 0xce15, 0x10a2, 0xad12, 0xffbb, 0xef19, 0xef39, 0xef19, 0xeef9,
  0xeef9, 0xef19, 0xef19, 0xef19, 0xeef9, 0xef19, 0xef39, 0xef19, 0xf77a, 0xc5f5, 0x18c3, 0xb553, 0xe6b8, 0xd656, 0xd677, 0xd677, 0xd677, 0xd677, 0xd677, 0xd677,
  0xd677, 0xd677, 0xd677, 0xd677, 0xd677, 0xde77, 0xde77, 0xd677, 0xd677, 0xd677, 0xd677, 0xd677, 0xd677, 0xd677, 0xd677, 0xd656, 0xd677, 0xd656, 0xd656, 0xd656,
  0xd656, 0xd656, 0xd656, 0xd656, 0xd656, 0xd656, 0xd656, 0xd656, 0xd656, 0xd656, 0xd656, 0xd656, 0xd656, 0xd656, 0xd656, 0xd656, 0xd656, 0xd656, 0xd656, 0xd656,
  0xd677, 0xd677, 0xd656, 0xd677, 0xd677, 0xd677, 0xd656, 0xd677, 0xd656, 0xe6b7, 0x7bad, 0x31a5, 0x4227, 0x4207, 0xc5f4, 0xe6d8, 0xd656, 0xd677, 0xd677, 0xd677,
  0xd677, 0xd677, 0xd677, 0xd656, 0xd677, 0xd656, 0xd656, 0xd677, 0xd677, 0xd677, 0xd677, 0xd677, 0xd677, 0xd656, 0xd656, 0xd656, 0xd656, 0xd656, 0xd656, 0xd656,
  0xd656, 0xd656, 0xd656, 0xd656, 0xd656, 0xd656, 0xd656, 0xd656, 0xd656, 0xd656, 0xd656, 0xd677, 0xd656, 0xd656, 0xd656, 0xd677, 0xd656, 0xd656, 0xd656, 0xd656,
  0xd656, 0xd656, 0xd656, 0xd656, 0xd656, 0xd656, 0xd656, 0xd656, 0xd656, 0xd656, 0xd656, 0xd656, 0xd656, 0xd656, 0xd656, 0xd656, 0xd656, 0xd656, 0xd677, 0xd656,
  0xd656, 0xd656, 0xd656, 0xd656, 0xd656, 0xd656, 0xd656, 0xd656, 0xd656, 0xd656, 0xd656, 0xd677, 0xd656, 0xde77, 0xce15, 0x3165, 0x18a3, 0x2965, 0x0862, 0x6b4c,
  0xe6d8, 0xd656, 0xd656, 0xd656, 0xd677, 0xd677, 0xd677, 0xd677, 0xd677, 0xd656, 0xd677, 0xd677, 0xd677, 0xd677, 0xd677, 0xd656, 0xd677, 0xd676, 0xd677, 0xd656,
  0xd656, 0xd656, 0xd656, 0xd656, 0xd656, 0xd656, 0xd656, 0xd656, 0xd656, 0xd656, 0xd636, 0xd636, 0xd656, 0xd657, 0xd656, 0xd656, 0xd656, 0xd656, 0xd656, 0xd656,
  0xd656, 0xd657, 0xd656, 0xd656, 0xd656, 0xd656, 0xd656, 0xd656, 0xd656, 0xd677, 0xd677, 0xd677, 0xd677, 0xd677, 0xd677, 0xd677, 0xd677, 0xd677, 0xd677, 0xd677,
  0xd677, 0xd677, 0xd677, 0xd677, 0xd677, 0xd677, 0xd677, 0xd677, 0xd677, 0xd677, 0xd677, 0xd677, 0xd656, 0xd677, 0xa4f1, 0x10a2, 0x10a2, 0x10a2, 0x10a2, 0x10a2,
  0x10a2, 0x10a2, 0x10a2, 0x10a2, 0x4207, 0xd677, 0xd656, 0xd677, 0xd677, 0xd677, 0xd677, 0xd677, 0xd677, 0xd677, 0xd677, 0xd677, 0xd677, 0xd677, 0xd677, 0xd677,
  0xd677, 0xd677, 0xd677, 0xd677, 0xd677, 0xd677, 0xd656, 0xd656, 0xd656, 0xd656, 0xd656, 0xde77, 0xce36, 0x62ea, 0x6b2b, 0x738c, 0x62ea, 0x5aa9, 0x52a9, 0x5289,
  0x5289, 0x5269, 0x5289, 0x5289, 0x5289, 0x5289, 0x52a9, 0x5aa9, 0x5aca, 0x630a, 0x5aca, 0xc5d4, 0xde97, 0xd656, 0xd677, 0xd677, 0xd677, 0xd677, 0xd677, 0xd677,
  0xd677, 0xd677, 0xd677, 0xd677, 0xd677, 0xde77, 0xde77, 0xd677, 0xd677, 0xd677, 0xd677, 0xd677, 0xd656, 0xd656, 0xd656, 0xd656, 0xd656, 0xd656, 0xd656, 0xd656,
  0xd656, 0xd656, 0xd656, 0xd656, 0xd656, 0xd656, 0xd656, 0xd656, 0xd656, 0xd656, 0xd656, 0xd656, 0xd656, 0xd656, 0xd656, 0xd656, 0xd656, 0xd656, 0xd656, 0xd656,
  0xd656, 0xd656, 0xd677, 0xd677, 0xd656, 0xd656, 0xd656, 0xd656, 0xd656, 0xd656, 0xde77, 0xdeb7, 0xe6b7, 0xde97, 0xd656, 0xd656, 0xd676, 0xd677, 0xd677, 0xd677,
  0xd677, 0xd656, 0xd656, 0xd677, 0xd677, 0xd656, 0xd656, 0xd677, 0xd677, 0xd656, 0xd677, 0xd656, 0xd656, 0xd677, 0xd656, 0xd656, 0xd656, 0xd656, 0xd677, 0xd656,
  0xd656, 0xd656, 0xd656, 0xd656, 0xd656, 0xd656, 0xd656, 0xd656, 0xd656, 0xd656, 0xd656, 0xd656, 0xd656, 0xd656, 0xd656, 0xd656, 0xd656, 0xd677, 0xd656, 0xd656,
  0xd656, 0xd656, 0xd656, 0xd656, 0xd656, 0xd656, 0xd656, 0xd656, 0xd656, 0xd656, 0xd656, 0xd656, 0xd656, 0xd656, 0xd656, 0xd656, 0xd656, 0xd656, 0xd656, 0xd677,
  0xd677, 0xd656, 0xd656, 0xd656, 0xd656, 0xd656, 0xd656, 0xd656, 0xd656, 0xd656, 0xd656, 0xd656, 0xd656, 0xde97, 0xce36, 0x39c7, 0x10a3, 0x2104, 0x0841, 0x630b,
  0xe6d8, 0xd656, 0xd657, 0xd677, 0xd677, 0xd677, 0xd677, 0xd656, 0xd656, 0xd677, 0xd677, 0xd677, 0xd677, 0xd677, 0xd677, 0xd656, 0xd677, 0xd656, 0xd677, 0xd676,
  0xd656, 0xd656, 0xd656, 0xd656, 0xd656, 0xd656, 0xd656, 0xd656, 0xd656, 0xd656, 0xd656, 0xd656, 0xd656, 0xd656, 0xd676, 0xd677, 0xd677, 0xd656, 0xd656, 0xd676,
  0xd656, 0xd656, 0xd656, 0xd656, 0xd656, 0xd656, 0xd656, 0xd656, 0xd656, 0xd656, 0xd656, 0xd656, 0xd677, 0xd677, 0xd677, 0xd677, 0xd677, 0xd677, 0xd677, 0xd677,
  0xd677, 0xd677, 0xd677, 0xd677, 0xd677, 0xd677, 0xd677, 0xd677, 0xd677, 0xd677, 0xd677, 0xd677, 0xd677, 0xd656, 0xd677, 0x4207, 0x10a2, 0x10a2, 0x10a2, 0x10a2,
  0x10a2, 0x10a2, 0x10a2, 0x10a2, 0xa4f1, 0xd677, 0xd656, 0xd677, 0xd677, 0xd677, 0xd677, 0xd677, 0xd677, 0xd677, 0xd677, 0xd677, 0xd677, 0xd677, 0xd677, 0xd677,
  0xd677, 0xd677, 0xd677, 0xd677, 0xd677, 0xd677, 0xd656, 0xd656, 0xd656, 0xd656, 0xd656, 0xd656, 0xd677, 0xd677, 0x4a68, 0x39a6, 0x39c6, 0x39c6, 0x39c6, 0x39c6,
  0x31a6, 0x39c6, 0x39c6, 0x39c6, 0x39c6, 0x39c6, 0x39a6, 0x39c7, 0x39c7, 0x3186, 0xad32, 0xe6d7, 0xd636, 0xd656, 0xd656, 0xd656, 0xd656, 0xd656, 0xd656, 0xd656,
  0xd656, 0xd656, 0xd656, 0xd656, 0xd656, 0xd656, 0xd656, 0xd656, 0xd656, 0xd656, 0xd656, 0xd656, 0xd656, 0xd656, 0xd656, 0xd656, 0xd656, 0xd656, 0xd656, 0xd656,
  0xd656, 0xd656, 0xd656, 0xd656, 0xd656, 0xd656, 0xd656, 0xd656, 0xd656, 0xd656, 0xd656, 0xd656, 0xd656, 0xd656, 0xd656, 0xd656, 0xd656, 0xd656, 0xd656, 0xd656,
  0xd656, 0xd656, 0xd656, 0xd656, 0xd656, 0xd656, 0xd656, 0xd656, 0xd656, 0xd656, 0xd656, 0xd656, 0xd656, 0xd656, 0xd656, 0xd656, 0xd656, 0xd656, 0xd656, 0xd656,
  0xd656, 0xd656, 0xd656, 0xd656, 0xd656, 0xd656, 0xd656, 0xd656, 0xd656, 0xd656, 0xd656, 0xd656, 0xd656, 0xd656, 0xd656, 0xd656, 0xd656, 0xd656, 0xd656, 0xd656,
  0xd656, 0xd656, 0xd656, 0xd656, 0xd656, 0xd656, 0xd656, 0xd656, 0xd656, 0xd656, 0xd656, 0xd656, 0xd656, 0xd656, 0xd656, 0xd656, 0xd656, 0xd656, 0xd656, 0xd656,
  0xd656, 0xd656, 0xd656, 0xd656, 0xd656, 0xd656, 0xd656, 0xd656, 0xd656, 0xd656, 0xd656, 0xd656, 0xd656, 0xd656, 0xd656, 0xd656, 0xd656, 0xd656, 0xd656, 0xd656,
  0xd656, 0xd656, 0xd656, 0xd656, 0xd656, 0xd656, 0xd656, 0xd656, 0xd656, 0xd656, 0xd656, 0xd656, 0xd636, 0xd676, 0xce36, 0x62ea, 0x4228, 0x5289, 0x41e7, 0x83ee,
  0xde97, 0xd656, 0xd656, 0xd656, 0xd656, 0xd656, 0xd656, 0xd656, 0xd656, 0xd656, 0xd656, 0xd656, 0xd656, 0xd656, 0xd656, 0xd656, 0xd656, 0xd656, 0xd656, 0xd656,
  0xd656, 0xd656, 0xd656, 0xd656, 0xd656, 0xd656, 0xd656, 0xd656, 0xd656, 0xd656, 0xd656, 0xd656, 0xd656, 0xd656, 0xd656, 0xd656, 0xd656, 0xd656, 0xd656, 0xd656,
  0xd656, 0xd656, 0xd656, 0xd656, 0xd656, 0xd656, 0xd656, 0xd656, 0xd656, 0xd656, 0xd656, 0xd656, 0xd656, 0xd656, 0xd677, 0xd677, 0xd677, 0xd677, 0xd677, 0xd677,
  0xd677, 0xd677, 0xd677, 0xd677, 0xd677, 0xd677, 0xd677, 0xd677, 0xd677, 0xd677, 0xd677, 0xd677, 0xd677, 0xd656, 0xd677, 0xa4f1, 0x10a2, 0x10a2, 0x10a2, 0x10a2,
  0x10a2, 0x10a2, 0x10a2, 0x4207, 0xd677, 0xd656, 0xd677, 0xd677, 0xd677, 0xd677, 0xd677, 0xd677, 0xd677, 0xd677, 0xd677, 0xd677, 0xd677, 0xd677, 0xd677, 0xd677,
  0xd677, 0xd677, 0xd677, 0xd677, 0xd677, 0xd677, 0xde97, 0xde97, 0xde97, 0xde97, 0xde97, 0xde97, 0xde97, 0xde76, 0xe6d8, 0xe6d8, 0xe6d8, 0xe6d8, 0xe6d8, 0xe6f8,
  0xe6f8, 0xe6f8, 0xe6d8, 0xe6d8, 0xe6d8, 0xe6f8, 0xe6f8, 0xe6f8, 0xe6f8, 0xe6f8, 0xde97, 0xde97, 0xde97, 0xde97, 0xde97, 0xde97, 0xde97, 0xde97, 0xde97, 0xde97,
  0xde97, 0xde97, 0xde97, 0xde97, 0xde97, 0xde97, 0xde97, 0xde97, 0xde97, 0xde97, 0xde97, 0xde97, 0xde97, 0xde97, 0xde97, 0xde97, 0xde97, 0xde97, 0xde97, 0xde97,
  0xde97, 0xde97, 0xde97, 0xde97, 0xde97, 0xde97, 0xde97, 0xde97, 0xde97, 0xde97, 0xde97, 0xde97, 0xde97, 0xde97, 0xde97, 0xde97, 0xde97, 0xde97, 0xde97, 0xde97,
  0xde97, 0xde97, 0xde97, 0xde97, 0xde97, 0xde97, 0xde97, 0xde97, 0xde97, 0xde97, 0xde97, 0xde97, 0xde97, 0xde97, 0xde97, 0xde97, 0xde97, 0xde97, 0xde97, 0xde97,
  0xde97, 0xde97, 0xde97, 0xde97, 0xde97, 0xde97, 0xde97, 0xde97, 0xde97, 0xde97, 0xde97, 0xde97, 0xde97, 0xde97, 0xde97, 0xde97, 0xde97, 0xde97, 0xde97, 0xde97,
  0xde97, 0xde97, 0xde97, 0xde97, 0xde97, 0xde97, 0xde97, 0xde97, 0xde97, 0xde97, 0xde97, 0xde97, 0xde97, 0xde97, 0xde97, 0xde97, 0xde97, 0xde97, 0xde97, 0xde97,
  0xde97, 0xde97, 0xde97, 0xde97, 0xde97, 0xde97, 0xde97, 0xde97, 0xde97, 0xde97, 0xde97, 0xde97, 0xde97, 0xde97, 0xde97, 0xde97, 0xde97, 0xde97, 0xde97, 0xde97,
  0xde97, 0xde97, 0xde97, 0xde97, 0xde97, 0xde97, 0xde97, 0xde97, 0xde97, 0xde97, 0xde97, 0xde97, 0xde97, 0xde97, 0xde97, 0xe6b8, 0xdeb7, 0xe6d8, 0xe6d8, 0xdeb7,
  0xde97, 0xde97, 0xde97, 0xde97, 0xde97, 0xde97, 0xde97, 0xde97, 0xde97, 0xde97, 0xde97, 0xde97, 0xde97, 0xde97, 0xde97, 0xde97, 0xde97, 0xde97, 0xde97, 0xde97,
  0xde97, 0xde97, 0xde97, 0xde97, 0xde97, 0xde97, 0xde97, 0xde97, 0xde97, 0xde97, 0xde97, 0xde97, 0xde97, 0xde97, 0xde97, 0xde97, 0xde97, 0xde97, 0xde97, 0xde97,
  0xde97, 0xde97, 0xde97, 0xde97, 0xde97, 0xde97, 0xde97, 0xde97, 0xde97, 0xde97, 0xde97, 0xde97, 0xde97, 0xde97, 0xd677, 0xd677, 0xd677, 0xd677, 0xd677, 0xd677,
  0xd677, 0xd677, 0xd677, 0xd677, 0xd677, 0xd677, 0xd677, 0xd677, 0xd677, 0xd677, 0xd677, 0xd677, 0xd677, 0xd677, 0xd656, 0xd677, 0x4207, 0x10a2, 0x10a2, 0x10a2,
  0x10a2, 0x10a2, 0x10a2, 0x946f, 0xd677, 0xd656, 0xd677, 0xd677, 0xd677, 0xd677, 0xd677, 0xd677, 0xd677, 0xd677, 0xd677, 0xd677, 0xd677, 0xd677, 0xd677, 0xd677,
  0xd677, 0xd677, 0xd677, 0xd677, 0xd677, 0xd677, 0xbd74, 0xbd94, 0xbd94, 0xbd94, 0xbd94, 0xbd94, 0xbd74, 0xbd74, 0xb573, 0xb573, 0xb573, 0xb573, 0xb573, 0xbd94,
  0xbd94, 0xbd94, 0xbd93, 0xbd73, 0xb573, 0xbd73, 0xbd73, 0xb593, 0xb593, 0xb594, 0xbd74, 0xbd74, 0xb573, 0xbd94, 0xbd94, 0xbd94, 0xbdb4, 0xbdb4, 0xbd94, 0xbd94,
  0xbd94, 0xbd94, 0xbd94, 0xbd94, 0xbd94, 0xbd94, 0xbd94, 0xbd94, 0xbd94, 0xbd94, 0xbd94, 0xbd94, 0xbd94, 0xbd94, 0xbd94, 0xbd94, 0xbd94, 0xbd94, 0xbd94, 0xbd94,
  0xbd94, 0xbd94, 0xbd94, 0xbd94, 0xbd94, 0xbd94, 0xbd94, 0xbd94, 0xbd94, 0xbd94, 0xbd94, 0xbd94, 0xbd94, 0xbd94, 0xbd94, 0xbd94, 0xbd94, 0xbd94, 0xbd94, 0xbd94,
  0xbd94, 0xbd94, 0xbdb4, 0xbd94, 0xbd94, 0xbd94, 0xbd94, 0xbd94, 0xbd94, 0xbd94, 0xbd94, 0xbd94, 0xbd94, 0xbd94, 0xbd94, 0xbd94, 0xbd94, 0xbd94, 0xbd94, 0xbd94,
  0xbd94, 0xbd94, 0xbd94, 0xbd94, 0xbd94, 0xbd94, 0xbd94, 0xbd94, 0xbd94, 0xbd94, 0xbd94, 0xbd94, 0xbd94, 0xbd94, 0xbd94, 0xbd94, 0xbd94, 0xbd94, 0xbd94, 0xbd94,
  0xbd94, 0xbd94, 0xbd94, 0xbd94, 0xbd94, 0xbd94, 0xbd94, 0xbd94, 0xbd94, 0xbd94, 0xbd94, 0xbd93, 0xbd94, 0xbd94, 0xbd94, 0xbd94, 0xbd94, 0xbd94, 0xbd94, 0xbd94,
  0xbd94, 0xbd94, 0xbd94, 0xbd94, 0xbd94, 0xbd94, 0xbd94, 0xbd94, 0xbd94, 0xbd94, 0xbd94, 0xbd94, 0xbd94, 0xbd94, 0xbd94, 0xbd94, 0xbdb4, 0xbd94, 0xbdb4, 0xbd94,
  0xbd94, 0xbd94, 0xbd94, 0xbd94, 0xbd94, 0xbd94, 0xbd94, 0xbd94, 0xbd94, 0xbd94, 0xbd94, 0xbd94, 0xbd94, 0xbd94, 0xbd73, 0xb573, 0xb573, 0xbd93, 0xbd73, 0xb573,
  0xbd94, 0xbd94, 0xbd94, 0xbd94, 0xbd94, 0xbd94, 0xbd94, 0xbd94, 0xbd94, 0xbd94, 0xbd94, 0xbd94, 0xbd94, 0xbd94, 0xbd94, 0xbd94, 0xbd94, 0xbd94, 0xbd94, 0xbd94,
  0xbd94, 0xbd94, 0xbd94, 0xbd94, 0xbd94, 0xbd94, 0xbd94, 0xbd94, 0xbd93, 0xbd94, 0xbd94, 0xbd94, 0xbd94, 0xbd94, 0xbd94, 0xbd94, 0xbd94, 0xbd94, 0xbd94, 0xbd94,
  0xbd94, 0xbd94, 0xbd94, 0xbd94, 0xbd94, 0xbd94, 0xbd94, 0xbd94, 0xbd94, 0xbd94, 0xbd94, 0xbd94, 0xbd93, 0xbd73, 0xd677, 0xd677, 0xd677, 0xd677, 0xd677, 0xd677,
  0xd677, 0xd677, 0xd677, 0xd677, 0xd677, 0xd677, 0xd677, 0xd677, 0xd677, 0xd677, 0xd677, 0xd677, 0xd677, 0xd677, 0xd656, 0xd677, 0x946f, 0x10a2, 0x10a2, 0x10a2,
  0x10a2, 0x10a2, 0x2124, 0xce16, 0xd656, 0xd656, 0xd677, 0xd677, 0xd677, 0xd677, 0xd677, 0xd677, 0xd677, 0xd677, 0xd677, 0xd677, 0xd677, 0xd677, 0xd677, 0xd677,
  0xd677, 0xd677, 0xd677, 0xd677, 0xd677, 0xd677, 0x1082, 0x1082, 0x1082, 0x1082, 0x1082, 0x1082, 0x1082, 0x1082, 0x1082, 0x1082, 0x1082, 0x1082, 0x1082, 0x1082,
  0x1082, 0x10a2, 0x10a3, 0x10a2, 0x1082, 0x1082, 0x1082, 0x1082, 0x1082, 0x10a2, 0x10a2, 0x10a3, 0x1082, 0x10a2, 0x10a2, 0x10c3, 0x10a2, 0x10a2, 0x10a3, 0x10a3,
  0x10a2, 0x10a2, 0x10a2, 0x1082, 0x10a2, 0x10a2, 0x10a2, 0x10a3, 0x10a2, 0x10a2, 0x10a2, 0x10a2, 0x10a3, 0x10a2, 0x10a2, 0x10a2, 0x10a2, 0x10a2, 0x10a2, 0x10a2,
  0x10a3, 0x10a3, 0x10a2, 0x10a3, 0x10a3, 0x10a3, 0x10a2, 0x10a2, 0x10a2, 0x10a2, 0x10a2, 0x10a2, 0x10a2, 0x1082, 0x1082, 0x1082, 0x10a2, 0x10a2, 0x10a2, 0x10a2,
  0x10a2, 0x10a2, 0x10a2, 0x10a2, 0x10a2, 0x1082, 0x1082, 0x10a2, 0x10a2, 0x1082, 0x1082, 0x10a2, 0x10a2, 0x10a2, 0x10a2, 0x10a2, 0x10a2, 0x10a2, 0x10a2, 0x10a2,
  0x10a2, 0x10a2, 0x10a2, 0x10a2, 0x10a2, 0x10a2, 0x10a2, 0x10a2, 0x10a2, 0x10a3, 0x10a3, 0x10a2, 0x10a2, 0x10a2, 0x10a2, 0x10a2, 0x10a2, 0x10a2, 0x10c3, 0x10a3,
  0x10a3, 0x10a2, 0x10a2, 0x10a2, 0x10a2, 0x10c2, 0x10a3, 0x10a3, 0x10a2, 0x10a2, 0x10a2, 0x1082, 0x1082, 0x1082, 0x1082, 0x10a3, 0x10a2, 0x10a2, 0x10a2, 0x10a2,
  0x10a2, 0x10a2, 0x10a2, 0x10a2, 0x10a3, 0x10a3, 0x10a2, 0x10a2, 0x10a2, 0x10a2, 0x10a2, 0x10a2, 0x10a2, 0x10c3, 0x10a2, 0x10a2, 0x10a2, 0x10a3, 0x10a3, 0x10a2,
  0x10a2, 0x10a3, 0x10a2, 0x1082, 0x1082, 0x1082, 0x1082, 0x10a2, 0x10a2, 0x10a2, 0x10a2, 0x10a2, 0x10a2, 0x10a2, 0x10a2, 0x1082, 0x10a2, 0x1082, 0x1082, 0x10a2,
  0x10a2, 0x1082, 0x1082, 0x10a3, 0x10a2, 0x1082, 0x1082, 0x10a2, 0x10a2, 0x10a2, 0x10a2, 0x10a2, 0x10a2, 0x10a2, 0x10a2, 0x10a2, 0x10a2, 0x10a2, 0x10a2, 0x10a2,
  0x10a2, 0x10a2, 0x10a2, 0x1082, 0x1082, 0x1082, 0x10a2, 0x10a2, 0x1082, 0x10a2, 0x10a2, 0x10a2, 0x10a2, 0x10a2, 0x10a3, 0x10a3, 0x10a3, 0x10a3, 0x10a3, 0x10a3,
  0x10a3, 0x10a3, 0x10a2, 0x10a2, 0x10a2, 0x10a2, 0x1082, 0x10a2, 0x10a2, 0x10a2, 0x10a2, 0x10a2, 0x10a2, 0x10a2, 0xd677, 0xd677, 0xd677, 0xd677, 0xd677, 0xd677,
  0xd677, 0xd677, 0xd677, 0xd677, 0xd677, 0xd677, 0xd677, 0xd677, 0xd677, 0xd677, 0xd677, 0xd677, 0xd677, 0xd677, 0xd656, 0xd656, 0xce16, 0x2124, 0x10a2, 0x10a2,
  0x18c2, 0x10a2, 0x6b4b, 0xd677, 0xd656, 0xd677, 0xd677, 0xd677, 0xd677, 0xd677, 0xd677, 0xd677, 0xd677, 0xd677, 0xd677, 0xd677, 0xd677, 0xd677, 0xd677, 0xd677,
  0xd677, 0xd677, 0xd677, 0xd677, 0xd677, 0xd677, 0x5aaa, 0x18e3, 0x18e3, 0x18e3, 0x18e3, 0x18e3, 0x18e3, 0x18e3, 0x18e3, 0x18e3, 0x18e3, 0x18e3, 0x18e3, 0x18e3,
  0x18e3, 0x18e3, 0x18e3, 0x18e3, 0x18e3, 0x18e3, 0x18e3, 0x18e3, 0x18e3, 0x18e3, 0x18e3, 0x18e3, 0x18e3, 0x18e3, 0x18e3, 0x18e3, 0x18e3, 0x18e3, 0x18e3, 0x18e3,
  0x18e3, 0x18e3, 0x18e3, 0x18e3, 0x18e3, 0x18e3, 0x18e3, 0x18e3, 0x18e3, 0x18e3, 0x18e3, 0x18e3, 0x18e3, 0x18e3, 0x18e3, 0x18e3, 0x18e3, 0x18e3, 0x18e3, 0x18e3,
  0x18e3, 0x18e3, 0x18e3, 0x18e3, 0x18e3, 0x18e3, 0x18e3, 0x18e3, 0x18e3, 0x18e3, 0x18e3, 0x18e3, 0x18e3, 0x18e3, 0x18e3, 0x18e3, 0x18e3, 0x18e3, 0x18e3, 0x18e3,
  0x18e3, 0x18e3, 0x18e3, 0x18e3, 0x18e3, 0x18e3, 0x18e3, 0x18e3, 0x18e3, 0x18e3, 0x18e3, 0x18e3, 0x18e3, 0x18e3, 0x18e3, 0x18e3, 0x18e3, 0x18e3, 0x18e3, 0x18e3,
  0x18e3, 0x18e3, 0x18e3, 0x18e3, 0x18e3, 0x18e3, 0x18e3, 0x18e3, 0x18e3, 0x18e3, 0x18e3, 0x18e3, 0x18e3, 0x18e3, 0x18e3, 0x18e3, 0x18e3, 0x18e3, 0x18e3, 0x18e3,
  0x18e3, 0x18e3, 0x18e3, 0x18e3, 0x18e3, 0x18e3, 0x18e3, 0x18e3, 0x18e3, 0x18e3, 0x18e3, 0x18e3, 0x18e3, 0x18e3, 0x18e3, 0x18e3, 0x18e3, 0x18e3, 0x18e3, 0x18e3,
  0x18e3, 0x18e3, 0x18e3, 0x18e3, 0x18e3, 0x18e3, 0x18e3, 0x18e3, 0x18e3, 0x18e3, 0x18e3, 0x18e3, 0x18e3, 0x18e3, 0x18e3, 0x18e3, 0x18e3, 0x18e3, 0x18e3, 0x18e3,
  0x18e3, 0x18e3, 0x18e3, 0x18e3, 0x18e3, 0x18e3, 0x18e3, 0x18e3, 0x18e3, 0x18e3, 0x18e3, 0x18e3, 0x18e3, 0x18e3, 0x18e3, 0x18e3, 0x18e3, 0x18e3, 0x18e3, 0x18e3,
  0x18e3, 0x18e3, 0x18e3, 0x18e3, 0x18e3, 0x18e3, 0x18e3, 0x18e3, 0x18e3, 0x18e3, 0x18e3, 0x18e3, 0x18e3, 0x18e3, 0x18e3, 0x18e3, 0x18e3, 0x18e3, 0x18e3, 0x18e3,
  0x18e3, 0x18e3, 0x18e3, 0x18e3, 0x18e3, 0x18e3, 0x18e3, 0x18e3, 0x18e3, 0x18e3, 0x18e3, 0x18e3, 0x18e3, 0x18e3, 0x18e3, 0x18e3, 0x18e3, 0x18e3, 0x18e3, 0x18e3,
  0x18e3, 0x18e3, 0x18e3, 0x18e3, 0x18e3, 0x18e3, 0x18e3, 0x18e3, 0x18e3, 0x18e3, 0x18e3, 0x18e3, 0x18e3, 0x18e3, 0xd677, 0xd677, 0xd677, 0xd677, 0xd677, 0xd677,
  0xd677, 0xd677, 0xd677, 0xd677, 0xd677, 0xd677, 0xd677, 0xd677, 0xd677, 0xd677, 0xd677, 0xd677, 0xd677, 0xd677, 0xd677, 0xd656, 0xd677, 0x6b4b, 0x10a2, 0x18c2,
  0x10a2, 0x10a2, 0xad32, 0xd677, 0xd656, 0xd677, 0xd677, 0xd677, 0xd677, 0xd677, 0xd677, 0xd677, 0xd677, 0xd677, 0xd677, 0xd677, 0xd677, 0xd677, 0xd677, 0xd677,
  0xd677, 0xd677, 0xd677, 0xd677, 0xd677, 0xd677, 0xdeb8, 0xdeb7, 0xdeb7, 0xdeb7, 0xdeb8, 0xdeb8, 0xdeb8, 0xdeb8, 0xdeb7, 0xdeb7, 0xdeb7, 0xdeb8, 0xdeb8, 0xdeb8,
  0xdeb8, 0xdeb8, 0xe6b8, 0xe6b8, 0xe6b8, 0xdeb8, 0xdeb8, 0xe6b8, 0xe6b8, 0xe6b8, 0xe6b7, 0xe6b7, 0xe6b7, 0xe6b7, 0xe6b7, 0xdeb7, 0xdeb7, 0xde97, 0xde97, 0xe6b7,
  0xe6b7, 0xe6b8, 0xe6b8, 0xe6b8, 0xdeb7, 0xdeb7, 0xdeb7, 0xdeb7, 0xdeb7, 0xdeb7, 0xdeb7, 0xdeb7, 0xe6b8, 0xe6b8, 0xdeb7, 0xdeb7, 0xdeb7, 0xe6b8, 0xe6b8, 0xe6b8,
  0xdeb7, 0xdeb7, 0xdeb7, 0xe6b7, 0xe6b7, 0xdeb8, 0xdeb7, 0xdeb7, 0xdeb7, 0xdeb7, 0xdeb7, 0xdeb7, 0xdeb7, 0xdeb7, 0xe6b8, 0xdeb8, 0xdeb8, 0xdeb8, 0xdeb7, 0xdeb7,
  0xdeb7, 0xdeb7, 0xdeb7, 0xdeb7, 0xdeb7, 0xdeb7, 0xdeb7, 0xdeb7, 0xe6b7, 0xdeb7, 0xdeb7, 0xdeb8, 0xe6b7, 0xe6b7, 0xe6b7, 0xe6b7, 0xe6b7, 0xe6b7, 0xe6b7, 0xe6b7,
  0xe6b7, 0xe6b7, 0xe6b7, 0xe6b8, 0xe6b7, 0xe6b8, 0xdeb8, 0xdeb8, 0xdeb8, 0xdeb7, 0xdeb8, 0xe6b8, 0xe6b8, 0xe6b8, 0xe6b8, 0xe6b8, 0xdeb7, 0xe6b7, 0xdeb7, 0xdeb7,
  0xdeb7, 0xdeb7, 0xdeb7, 0xdeb7, 0xe6b7, 0xe6b7, 0xe6b7, 0xe6b7, 0xe6b8, 0xe6b8, 0xdeb7, 0xdeb7, 0xdeb7, 0xdeb8, 0xdeb8, 0xe6b8, 0xe6b7, 0xe6b7, 0xe6b7, 0xe6b7,
  0xdeb7, 0xdeb7, 0xdeb7, 0xdeb7, 0xe6b8, 0xe6b7, 0xdeb7, 0xdeb7, 0xdeb7, 0xdeb7, 0xdeb7, 0xdeb7, 0xe6b7, 0xdeb7, 0xdeb7, 0xdeb7, 0xdeb7, 0xdeb8, 0xdeb8, 0xe6b8,
  0xe6b8, 0xdeb7, 0xdeb7, 0xdeb7, 0xdeb7, 0xdeb7, 0xdeb7, 0xdeb7, 0xe6b7, 0xdeb7, 0xdeb7, 0xdeb7, 0xdeb8, 0xdeb8, 0xdeb7, 0xdeb7, 0xdeb7, 0xdeb7, 0xdeb7, 0xe6b7,
  0xe6b7, 0xdeb7, 0xdeb7, 0xdeb8, 0xdeb8, 0xe6b8, 0xe6b8, 0xe6b8, 0xdeb7, 0xdeb8, 0xdeb8, 0xdeb8, 0xdeb8, 0xe6b8, 0xdeb8, 0xdeb8, 0xdeb7, 0xdeb7, 0xdeb7, 0xdeb7,
  0xdeb7, 0xdeb7, 0xdeb7, 0xdeb7, 0xdeb8, 0xdeb7, 0xdeb8, 0xdeb8, 0xdeb8, 0xdeb8, 0xdeb7, 0xde97, 0xde97, 0xdeb7, 0xe6b8, 0xe6b8, 0xe6b8, 0xe6b8, 0xe6b7, 0xe6b7,
  0xe6b7, 0xe6b7, 0xdeb7, 0xe6b7, 0xdeb7, 0xdeb7, 0xe6b7, 0xe6b7, 0xe6b7, 0xe6b8, 0xe6b8, 0xe6b8, 0xe6b7, 0xde97, 0xd677, 0xd677, 0xd677, 0xd677, 0xd677, 0xd677,
  0xd677, 0xd677, 0xd677, 0xd677, 0xd677, 0xd677, 0xd677, 0xd677, 0xd677, 0xd677, 0xd677, 0xd677, 0xd677, 0xd677, 0xd677, 0xd656, 0xd677, 0xad32, 0x10a2, 0x10a2,
  0x10a2, 0x3165, 0xd656, 0xd656, 0xd677, 0xd677, 0xd677, 0xd677, 0xd677, 0xd677, 0xd677, 0xd677, 0xd677, 0xd677, 0xd677, 0xd677, 0xd677, 0xd677, 0xd677, 0xd677,
  0xd677, 0xd677, 0xd677, 0xd677, 0xd677, 0xd677, 0xd677, 0xd677, 0xd677, 0xd677, 0xd677, 0xd677, 0xd677, 0xd677, 0xd677, 0xd677, 0xd677, 0xd677, 0xd677, 0xd677,
  0xd677, 0xd677, 0xd677, 0xd677, 0xd677, 0xd677, 0xd677, 0xd677, 0xd677, 0xd677, 0xd677, 0xd677, 0xd677, 0xd677, 0xd677, 0xd677, 0xd677, 0xd677, 0xd677, 0xd677,
  0xd677, 0xd677, 0xd677, 0xd677, 0xd677, 0xd677, 0xd677, 0xd677, 0xd677, 0xd677, 0xd677, 0xd677, 0xd677, 0xd677, 0xd677, 0xd677, 0xd677, 0xd677, 0xd677, 0xd677,
  0xd677, 0xd677, 0xd677, 0xd677, 0xd677, 0xd677, 0xd677, 0xd677, 0xd677, 0xd677, 0xd677, 0xd677, 0xd677, 0xd677, 0xd677, 0xd677, 0xd677, 0xd677, 0xd677, 0xd677,
  0xd677, 0xd677, 0xd677, 0xd677, 0xd677, 0xd677, 0xd677, 0xd677, 0xd677, 0xd677, 0xd677, 0xd677, 0xd677, 0xd677, 0xd677, 0xd677, 0xd677, 0xd677, 0xd677, 0xd677,
  0xd677, 0xd677, 0xd677, 0xd677, 0xd677, 0xd677, 0xd677, 0xd677, 0xd677, 0xd677, 0xd677, 0xd677, 0xd677, 0xd677, 0xd677, 0xd677, 0xd677, 0xd677, 0xd677, 0xd677,
  0xd677, 0xd677, 0xd677, 0xd677, 0xd677, 0xd677, 0xd677, 0xd677, 0xd677, 0xd677, 0xd677, 0xd677, 0xd677, 0xd677, 0xd677, 0xd677, 0xd677, 0xd677, 0xd677, 0xd677,
  0xd677, 0xd677, 0xd677, 0xd677, 0xd677, 0xd677, 0xd677, 0xd677, 0xd677, 0xd677, 0xd677, 0xd677, 0xd677, 0xd677, 0xd677, 0xd677, 0xd677, 0xd677, 0xd677, 0xd677,
  0xd677, 0xd677, 0xd677, 0xd677, 0xd677, 0xd677, 0xd677, 0xd677, 0xd677, 0xd677, 0xd677, 0xd677, 0xd677, 0xd677, 0xd677, 0xd677, 0xd677, 0xd677, 0xd677, 0xd677,
  0xd677, 0xd677, 0xd677, 0xd677, 0xd677, 0xd677, 0xd677, 0xd677, 0xd677, 0xd677, 0xd677, 0xd677, 0xd677, 0xd677, 0xd677, 0xd677, 0xd677, 0xd677, 0xd677, 0xd677,
  0xd677, 0xd677, 0xd677, 0xd677, 0xd677, 0xd677, 0xd677, 0xd677, 0xd677, 0xd677, 0xd677, 0xd677, 0xd677, 0xd677, 0xd677, 0xd677, 0xd677, 0xd677, 0xd677, 0xd677,
  0xd677, 0xd677, 0xd677, 0xd677, 0xd677, 0xd677, 0xd677, 0xd677, 0xd677, 0xd677, 0xd677, 0xd677, 0xd677, 0xd677, 0xd677, 0xd677, 0xd677, 0xd677, 0xd677, 0xd677,
  0xd677, 0xd677, 0xd677, 0xd677, 0xd677, 0xd677, 0xd677, 0xd677, 0xd677, 0xd677, 0xd677, 0xd677, 0xd677, 0xd677, 0xd677, 0xd677, 0xd656, 0xd656, 0x3165, 0x10a2,
  0x10a2, 0x5aca, 0xd656, 0xd656, 0xd656, 0xd656, 0xd656, 0xd656, 0xd656, 0xd656, 0xd656, 0xd656, 0xd656, 0xd656, 0xd656, 0xd656, 0xd656, 0xd656, 0xd656, 0xd656,
  0xd656, 0xd656, 0xd656, 0xd656, 0xd656, 0xd656, 0xd656, 0xd656, 0xd656, 0xd656, 0xd656, 0xd656, 0xd656, 0xd656, 0xd656, 0xd656, 0xd656, 0xd656, 0xd656, 0xd656,
  0xd656, 0xd676, 0xd676, 0xd677, 0xd677, 0xd676, 0xd656, 0xd656, 0xd656, 0xd656, 0xd656, 0xd656, 0xd656, 0xd656, 0xd656, 0xd656, 0xd656, 0xd656, 0xd656, 0xd656,
  0xd656, 0xd656, 0xd656, 0xd656, 0xd656, 0xd656, 0xd656, 0xd656, 0xd656, 0xd656, 0xd656, 0xd656, 0xd656, 0xd656, 0xd656, 0xd656, 0xd676, 0xd676, 0xd656, 0xd656,
  0xd656, 0xd656, 0xd656, 0xd656, 0xd656, 0xd656, 0xd656, 0xd656, 0xd656, 0xd656, 0xd656, 0xd656, 0xd656, 0xd656, 0xd656, 0xd656, 0xd656, 0xd656, 0xd656, 0xd656,
  0xd656, 0xd656, 0xd676, 0xd676, 0xd656, 0xd656, 0xd656, 0xd656, 0xd656, 0xd656, 0xd656, 0xd656, 0xd656, 0xd656, 0xd656, 0xd656, 0xd656, 0xd656, 0xd656, 0xd656,
  0xd656, 0xd656, 0xd656, 0xd656, 0xd656, 0xd656, 0xd656, 0xd656, 0xd656, 0xd656, 0xd656, 0xd656, 0xd656, 0xd656, 0xd656, 0xd656, 0xd656, 0xd656, 0xd656, 0xd656,
  0xd656, 0xd656, 0xd656, 0xd656, 0xd656, 0xd656, 0xd656, 0xd656, 0xd656, 0xd656, 0xd656, 0xd656, 0xd656, 0xd656, 0xd656, 0xd656, 0xd656, 0xd656, 0xd656, 0xd656,
  0xd656, 0xd656, 0xd656, 0xd656, 0xd656, 0xd656, 0xd656, 0xd656, 0xd656, 0xd656, 0xd656, 0xd656, 0xd656, 0xd656, 0xd656, 0xd656, 0xd656, 0xd656, 0xd656, 0xd656,
  0xd656, 0xd656, 0xd656, 0xd656, 0xd656, 0xd656, 0xd656, 0xd656, 0xd656, 0xd656, 0xd677, 0xd677, 0xd656, 0xd656, 0xd656, 0xd656, 0xd656, 0xd656, 0xd656, 0xd656,
  0xd656, 0xd656, 0xd656, 0xd656, 0xd656, 0xd656, 0xd656, 0xd656, 0xd656, 0xd656, 0xd656, 0xd656, 0xd656, 0xd656, 0xd656, 0xd656, 0xd656, 0xd656, 0xd677, 0xd677,
  0xd656, 0xd656, 0xd656, 0xd656, 0xd656, 0xd656, 0xd656, 0xd656, 0xd657, 0xd677, 0xd677, 0xd677, 0xd677, 0xd676, 0xd676, 0xd656, 0xd656, 0xd656, 0xd656, 0xd656,
  0xd656, 0xd656, 0xd656, 0xd656, 0xd656, 0xd677, 0xd656, 0xd656, 0xd656, 0xd656, 0xd656, 0xd656, 0xd656, 0xd656, 0xd656, 0xd656, 0xd656, 0xd656, 0xd656, 0xd656,
  0xd656, 0xd656, 0xd656, 0xd656, 0xd656, 0xd656, 0xd656, 0xd656, 0xd656, 0xd656, 0xd656, 0xd656, 0xd656, 0xd656, 0xd656, 0xd656, 0xd656, 0xd656, 0x5aca, 0x10a2,
  0x10a2, 0x9470, 0xd656, 0xd656, 0xd656, 0xd656, 0xd656, 0xd656, 0xd656, 0xd656, 0xd656, 0xd656, 0xd656, 0xd656, 0xd656, 0xd656, 0xd656, 0xd656, 0xd656, 0xd656,
  0xd656, 0xd656, 0xd656, 0xd656, 0xd656, 0xd656, 0xd656, 0xd656, 0xd656, 0xd656, 0xd656, 0xd656, 0xd656, 0xd656, 0xd656, 0xd656, 0xd656, 0xd656, 0xd656, 0xd656,
  0xd656, 0xd677, 0xd677, 0xd677, 0xd677, 0xd677, 0xd656, 0xd656, 0xd656, 0xd656, 0xd656, 0xd656, 0xd656, 0xd656, 0xd656, 0xd656, 0xd656, 0xd656, 0xd656, 0xd656,
  0xd656, 0xd656, 0xd656, 0xd656, 0xd656, 0xd656, 0xd656, 0xd656, 0xd656, 0xd656, 0xd656, 0xd656, 0xd656, 0xd656, 0xd656, 0xd656, 0xd656, 0xd656, 0xd656, 0xd656,
  0xd656, 0xd656, 0xd656, 0xd656, 0xd656, 0xd656, 0xd656, 0xd656, 0xd656, 0xd656, 0xd656, 0xd656, 0xd656, 0xd656, 0xd656, 0xd656, 0xd656, 0xd656, 0xd656, 0xd656,
  0xd656, 0xd656, 0xd676, 0xd676, 0xd656, 0xd656, 0xd656, 0xd656, 0xd656, 0xd656, 0xd656, 0xd656, 0xd656, 0xd656, 0xd656, 0xd656, 0xd656, 0xd656, 0xd656, 0xd656,
  0xd656, 0xd656, 0xd656, 0xd656, 0xd656, 0xd656, 0xd656, 0xd656, 0xd656, 0xd656, 0xd656, 0xd656, 0xd656, 0xd656, 0xd656, 0xd656, 0xd656, 0xd656, 0xd656, 0xd656,
  0xd656, 0xd656, 0xd656, 0xd656, 0xd656, 0xd656, 0xd656, 0xd656, 0xd656, 0xd656, 0xd656, 0xd656, 0xd656, 0xd656, 0xd656, 0xd656, 0xd656, 0xd656, 0xd656, 0xd656,
  0xd656, 0xd656, 0xd656, 0xd656, 0xd656, 0xd656, 0xd656, 0xd656, 0xd656, 0xd656, 0xd656, 0xd656, 0xd656, 0xd656, 0xd656, 0xd656, 0xd656, 0xd656, 0xd656, 0xd656,
  0xd656, 0xd656, 0xd656, 0xd656, 0xd656, 0xd656, 0xd656, 0xd656, 0xd656, 0xd656, 0xd677, 0xd677, 0xd656, 0xd656, 0xd656, 0xd656, 0xd656, 0xd656, 0xd656, 0xd656,
  0xd656, 0xd656, 0xd656, 0xd656, 0xd656, 0xd656, 0xd656, 0xd656, 0xd656, 0xd656, 0xd656, 0xd656, 0xd656, 0xd656, 0xd656, 0xd656, 0xd656, 0xd656, 0xd656, 0xd656,
  0xd656, 0xd656, 0xd656, 0xd656, 0xd656, 0xd656, 0xd656, 0xd656, 0xd656, 0xd677, 0xd677, 0xd677, 0xd677, 0xd677, 0xd677, 0xd656, 0xd656, 0xd656, 0xd656, 0xd656,
  0xd656, 0xd656, 0xd656, 0xd656, 0xd656, 0xd677, 0xd656, 0xd656, 0xd656, 0xd656, 0xd656, 0xd656, 0xd656, 0xd656, 0xd656, 0xd656, 0xd656, 0xd656, 0xd656, 0xd656,
  0xd656, 0xd656, 0xd656, 0xd656, 0xd656, 0xd656, 0xd656, 0xd656, 0xd656, 0xd656, 0xd656, 0xd656, 0xd656, 0xd656, 0xd656, 0xd656, 0xd656, 0xd656, 0x9470, 0x10a2,
  0x18c3, 0xbd94, 0xd656, 0xd656, 0xd656, 0xd656, 0xd656, 0xd656, 0xd656, 0xd656, 0xd656, 0xd656, 0xd656, 0xd656, 0xd656, 0xd656, 0xd656, 0xd656, 0xd656, 0xd656,
  0xd656, 0xd656, 0xd656, 0xd656, 0xd656, 0xd656, 0xd656, 0xd656, 0xd656, 0xd656, 0xd656, 0xd656, 0xd656, 0xd656, 0xd656, 0xd656, 0xd656, 0xd656, 0xd656, 0xd656,
  0xd656, 0xd656, 0xd656, 0xd677, 0xd677, 0xd656, 0xd656, 0xd656, 0xd656, 0xd656, 0xd656, 0xd656, 0xd656, 0xd656, 0xd656, 0xd656, 0xd656, 0xd656, 0xd656, 0xd656,
  0xd656, 0xd656, 0xd656, 0xd656, 0xd656, 0xd656, 0xd656, 0xd656, 0xd656, 0xd656, 0xd656, 0xd656, 0xd656, 0xd656, 0xd656, 0xd656, 0xd656, 0xd656, 0xd656, 0xd656,
  0xd656, 0xd656, 0xd656, 0xd656, 0xd656, 0xd656, 0xd656, 0xd656, 0xd656, 0xd656, 0xd656, 0xd656, 0xd656, 0xd656, 0xd656, 0xd656, 0xd656, 0xd656, 0xd656, 0xd656,
  0xd656, 0xd656, 0xd656, 0xd656, 0xd656, 0xd656, 0xd656, 0xd656, 0xd656, 0xd656, 0xd656, 0xd656, 0xd656, 0xd656, 0xd656, 0xd656, 0xd656, 0xd656, 0xd656, 0xd656,
  0xd656, 0xd656, 0xd656, 0xd656, 0xd656, 0xd656, 0xd656, 0xd656, 0xd656, 0xd656, 0xd656, 0xd656, 0xd656, 0xd656, 0xd656, 0xd656, 0xd656, 0xd656, 0xd656, 0xd656,
  0xd656, 0xd656, 0xd656, 0xd656, 0xd656, 0xd656, 0xd656, 0xd656, 0xd656, 0xd656, 0xd656, 0xd656, 0xd656, 0xd656, 0xd656, 0xd656, 0xd656, 0xd656, 0xd656, 0xd656,
  0xd656, 0xd656, 0xd656, 0xd656, 0xd656, 0xd656, 0xd656, 0xd656, 0xd656, 0xd656, 0xd656, 0xd656, 0xd656, 0xd656, 0xd656, 0xd656, 0xd656, 0xd656, 0xd656, 0xd656,
  0xd656, 0xd656, 0xd656, 0xd656, 0xd656, 0xd656, 0xd656, 0xd656, 0xd656, 0xd656, 0xd656, 0xd656, 0xd656, 0xd656, 0xd656, 0xd656, 0xd656, 0xd677, 0xd656, 0xd656,
  0xd656, 0xd656, 0xd656, 0xd656, 0xd656, 0xd656, 0xd656, 0xd656, 0xd656, 0xd656, 0xd677, 0xd656, 0xd656, 0xd656, 0xd656, 0xd656, 0xd656, 0xd656, 0xd656, 0xd656,
  0xd656, 0xd656, 0xd656, 0xd656, 0xd656, 0xd677, 0xd677, 0xd677, 0xd677, 0xd677, 0xd677, 0xd677, 0xd677, 0xd677, 0xd677, 0xd677, 0xd656, 0xd656, 0xd677, 0xd677,
  0xd677, 0xd677, 0xd677, 0xd677, 0xd677, 0xd677, 0xd656, 0xd656, 0xd656, 0xd656, 0xd656, 0xd656, 0xd656, 0xd656, 0xd656, 0xd656, 0xd656, 0xd656, 0xd677, 0xd677,
  0xd656, 0xd656, 0xd656, 0xd656, 0xd656, 0xd656, 0xd656, 0xd656, 0xd656, 0xd656, 0xd656, 0xd656, 0xd656, 0xd656, 0xd656, 0xd656, 0xd656, 0xd656, 0xbd94, 0x18c3,
  0x3185, 0xce36, 0xd656, 0xd656, 0xd656, 0xd656, 0xd656, 0xd656, 0xd656, 0xd656, 0xd656, 0xd656, 0xd656, 0xd656, 0xd656, 0xd656, 0xd656, 0xd656, 0xd656, 0xd656,
  0xd656, 0xd656, 0xd656, 0xd656, 0xd656, 0xd656, 0xd656, 0xd656, 0xd656, 0xd656, 0xd656, 0xd656, 0xd656, 0xd656, 0xd656, 0xd656, 0xd656, 0xd656, 0xd656, 0xd656,
  0xd656, 0xd656, 0xd656, 0xd677, 0xd677, 0xd656, 0xd656, 0xd656, 0xd656, 0xd656, 0xd656, 0xd656, 0xd656, 0xd656, 0xd656, 0xd656, 0xd656, 0xd656, 0xd656, 0xd656,
  0xd656, 0xd656, 0xd656, 0xd656, 0xd656, 0xd656, 0xd656, 0xd656, 0xd656, 0xd656, 0xd656, 0xd656, 0xd656, 0xd656, 0xd656, 0xd656, 0xd656, 0xd656, 0xd656, 0xd656,
  0xd656, 0xd656, 0xd656, 0xd656, 0xd656, 0xd656, 0xd656, 0xd656, 0xd656, 0xd656, 0xd656, 0xd656, 0xd656, 0xd656, 0xd656, 0xd656, 0xd656, 0xd656, 0xd656, 0xd656,
  0xd656, 0xd656, 0xd656, 0xd656, 0xd656, 0xd656, 0xd656, 0xd656, 0xd656, 0xd656, 0xd656, 0xd656, 0xd656, 0xd656, 0xd656, 0xd656, 0xd656, 0xd656, 0xd656, 0xd656,
  0xd656, 0xd656, 0xd656, 0xd656, 0xd656, 0xd656, 0xd656, 0xd656, 0xd656, 0xd656, 0xd656, 0xd656, 0xd656, 0xd656, 0xd656, 0xd656, 0xd656, 0xd656, 0xd656, 0xd656,
  0xd656, 0xd656, 0xd656, 0xd656, 0xd656, 0xd656, 0xd656, 0xd656, 0xd656, 0xd656, 0xd656, 0xd656, 0xd656, 0xd656, 0xd656, 0xd656, 0xd656, 0xd656, 0xd656, 0xd656,
  0xd656, 0xd656, 0xd656, 0xd656, 0xd656, 0xd656, 0xd656, 0xd656, 0xd656, 0xd656, 0xd656, 0xd656, 0xd656, 0xd656, 0xd656, 0xd656, 0xd656, 0xd656, 0xd656, 0xd656,
  0xd656, 0xd656, 0xd656, 0xd656, 0xd656, 0xd656, 0xd656, 0xd656, 0xd656, 0xd656, 0xd656, 0xd656, 0xd656, 0xd656, 0xd656, 0xd656, 0xd677, 0xd677, 0xd656, 0xd656,
  0xd656, 0xd656, 0xd656, 0xd656, 0xd656, 0xd656, 0xd656, 0xd656, 0xd656, 0xd656, 0xd677, 0xd677, 0xd656, 0xd656, 0xd656, 0xd656, 0xd656, 0xd656, 0xd656, 0xd656,
  0xd656, 0xd656, 0xd656, 0xd656, 0xd656, 0xd677, 0xd677, 0xd677, 0xd677, 0xd677, 0xd677, 0xd677, 0xd677, 0xd677, 0xd677, 0xd677, 0xd656, 0xd656, 0xd677, 0xd677,
  0xd677, 0xd677, 0xd677, 0xd677, 0xd677, 0xd677, 0xd656, 0xd656, 0xd656, 0xd656, 0xd656, 0xd656, 0xd656, 0xd656, 0xd656, 0xd656, 0xd656, 0xd656, 0xd677, 0xd677,
  0xd656, 0xd656, 0xd656, 0xd656, 0xd656, 0xd656, 0xd656, 0xd656, 0xd656, 0xd656, 0xd656, 0xd656, 0xd656, 0xd656, 0xd656, 0xd656, 0xd656, 0xd656, 0xce36, 0x3185,
  0x5aa9, 0xd656, 0xd656, 0xd656, 0xd656, 0xd656, 0xd656, 0xd656, 0xd656, 0xd656, 0xd656, 0xd656, 0xd656, 0xd656, 0xd656, 0xd656, 0xd656, 0xd656, 0xd656, 0xd656,
  0xd656, 0xd656, 0xd656, 0xd656, 0xd656, 0xd656, 0xd656, 0xd656, 0xd656, 0xd656, 0xd656, 0xd656, 0xd656, 0xd656, 0xd656, 0xd656, 0xd656, 0xd656, 0xd656, 0xd656,
  0xd677, 0xd656, 0xd656, 0xd677, 0xd677, 0xd677, 0xd656, 0xd656, 0xd656, 0xd656, 0xd656, 0xd656, 0xd656, 0xd656, 0xd656, 0xd656, 0xd656, 0xd656, 0xd656, 0xd656,
  0xd656, 0xd656, 0xd656, 0xd656, 0xd656, 0xd656, 0xd656, 0xd656, 0xd656, 0xd656, 0xd656, 0xd656, 0xd656, 0xd656, 0xd656, 0xd656, 0xd656, 0xd656, 0xd656, 0xd656,
  0xd656, 0xd656, 0xd656, 0xd656, 0xd656, 0xd676, 0xd656, 0xd656, 0xd656, 0xd656, 0xd656, 0xd656, 0xd676, 0xd656, 0xd676, 0xd676, 0xd676, 0xd656, 0xd676, 0xd656,
  0xd656, 0xde76, 0xde76, 0xde76, 0xde76, 0xde76, 0xde76, 0xd676, 0xd676, 0xde77, 0xde77, 0xde77, 0xde77, 0xde77, 0xd677, 0xd676, 0xde76, 0xd656, 0xd676, 0xd676,
  0xd676, 0xd676, 0xde76, 0xde76, 0xde76, 0xde76, 0xde77, 0xd677, 0xde77, 0xde77, 0xde77, 0xde77, 0xd656, 0xd656, 0xd656, 0xd656, 0xd676, 0xd656, 0xde76, 0xde76,
  0xde76, 0xde76, 0xde77, 0xde77, 0xd656, 0xd656, 0xd656, 0xd656, 0xd656, 0xde76, 0xde76, 0xd656, 0xde76, 0xde76, 0xde76, 0xde76, 0xde77, 0xd657, 0xd656, 0xd656,
  0xd656, 0xd656, 0xd656, 0xd656, 0xde77, 0xde76, 0xde76, 0xd656, 0xd656, 0xd656, 0xd676, 0xd676, 0xde76, 0xd676, 0xd656, 0xd656, 0xd656, 0xd656, 0xd656, 0xd656,
  0xd656, 0xd656, 0xd656, 0xd656, 0xd656, 0xd676, 0xd677, 0xde77, 0xde77, 0xde77, 0xd677, 0xd677, 0xd677, 0xde77, 0xde77, 0xd677, 0xd656, 0xd656, 0xd656, 0xd656,
  0xd656, 0xd656, 0xd656, 0xd656, 0xd656, 0xd656, 0xd656, 0xd656, 0xd656, 0xd656, 0xd656, 0xd656, 0xd656, 0xd656, 0xd656, 0xd656, 0xd656, 0xd656, 0xd656, 0xd656,
  0xd656, 0xd656, 0xd656, 0xd656, 0xd656, 0xd656, 0xd656, 0xd656, 0xd656, 0xd656, 0xd677, 0xd677, 0xd677, 0xd677, 0xd677, 0xd677, 0xd677, 0xd677, 0xd677, 0xd677,
  0xd677, 0xd677, 0xd677, 0xd656, 0xd656, 0xd656, 0xd656, 0xd656, 0xd656, 0xd656, 0xd656, 0xd656, 0xd656, 0xd656, 0xd656, 0xd656, 0xd656, 0xd656, 0xd656, 0xd656,
  0xd656, 0xd656, 0xd656, 0xd656, 0xd656, 0xd656, 0xd656, 0xd656, 0xd656, 0xd656, 0xd656, 0xd656, 0xd656, 0xd656, 0xd656, 0xd656, 0xd656, 0xd656, 0xd656, 0x5aa9,
  0x7b8d, 0xd656, 0xd656, 0xd656, 0xd656, 0xd656, 0xd656, 0xd656, 0xd656, 0xd656, 0xd656, 0xd656, 0xd656, 0xd656, 0xd656, 0xd656, 0xd656, 0xd656, 0xd656, 0xd656,
  0xd656, 0xd656, 0xd656, 0xd656, 0xd656, 0xd656, 0xd656, 0xd656, 0xd656, 0xd656, 0xd656, 0xd656, 0xd656, 0xd656, 0xd656, 0xd656, 0xd656, 0xd656, 0xd656, 0xd656,
  0xd677, 0xd677, 0xd677, 0xd677, 0xd677, 0xd677, 0xd677, 0xd677, 0xd656, 0xd656, 0xd656, 0xd656, 0xd656, 0xd656, 0xd656, 0xd656, 0xd656, 0xd656, 0xd656, 0xd656,
  0xd656, 0xd656, 0xd656, 0xd656, 0xd656, 0xd656, 0xd656, 0xd656, 0xd656, 0xd656, 0xd656, 0xd656, 0xd656, 0xd656, 0xd656, 0xd656, 0xd656, 0xd656, 0xd656, 0xd656,
  0xd656, 0xd656, 0xd656, 0xd656, 0xd656, 0xd656, 0xd656, 0xd656, 0xd636, 0xce36, 0xd636, 0xd636, 0xce36, 0xce36, 0xce36, 0xce36, 0xce36, 0xce36, 0xce36, 0xce36,
  0xce36, 0xd636, 0xd656, 0xd656, 0xd656, 0xd636, 0xd656, 0xd636, 0xd636, 0xd636, 0xd656, 0xd656, 0xd656, 0xd656, 0xd636, 0xd636, 0xd656, 0xd656, 0xd656, 0xd656,
  0xd656, 0xd656, 0xd656, 0xd656, 0xd656, 0xd636, 0xd636, 0xd656, 0xd636, 0xd656, 0xd656, 0xd636, 0xd636, 0xd636, 0xd636, 0xce36, 0xd636, 0xd636, 0xd636, 0xd636,
  0xd636, 0xd636, 0xd656, 0xd636, 0xd636, 0xd636, 0xd636, 0xd636, 0xd656, 0xd656, 0xd656, 0xd656, 0xd656, 0xd656, 0xd656, 0xd656, 0xd656, 0xd656, 0xd636, 0xd636,
  0xd656, 0xd656, 0xd636, 0xd636, 0xd656, 0xd636, 0xd636, 0xd636, 0xd636, 0xd636, 0xce36, 0xd636, 0xd656, 0xd636, 0xd636, 0xd636, 0xd636, 0xd636, 0xd636, 0xd636,
  0xd636, 0xd636, 0xd656, 0xd656, 0xd656, 0xd656, 0xd656, 0xd656, 0xd636, 0xd636, 0xd636, 0xd656, 0xd656, 0xd656, 0xd657, 0xd656, 0xd656, 0xd657, 0xd657, 0xd656,
  0xd656, 0xd656, 0xd656, 0xd656, 0xd656, 0xd656, 0xd656, 0xd656, 0xd656, 0xd656, 0xd656, 0xd656, 0xd656, 0xd656, 0xd656, 0xd656, 0xd656, 0xd656, 0xd656, 0xd656,
  0xd656, 0xd656, 0xd656, 0xd656, 0xd656, 0xd656, 0xd656, 0xd656, 0xd656, 0xd656, 0xd677, 0xd656, 0xd656, 0xd656, 0xd656, 0xd656, 0xd677, 0xd677, 0xd677, 0xd677,
  0xd677, 0xd677, 0xd677, 0xd656, 0xd656, 0xd656, 0xd656, 0xd656, 0xd656, 0xd656, 0xd656, 0xd656, 0xd656, 0xd656, 0xd656, 0xd656, 0xd656, 0xd656, 0xd656, 0xd656,
  0xd656, 0xd656, 0xd656, 0xd656, 0xd656, 0xd656, 0xd656, 0xd656, 0xd656, 0xd656, 0xd656, 0xd656, 0xd656, 0xd656, 0xd656, 0xd656, 0xd656, 0xd656, 0xd656, 0x7b8d,
  0x9470, 0xd656, 0xd656, 0xd656, 0xd656, 0xd656, 0xd656, 0xd656, 0xd656, 0xd656, 0xd656, 0xd656, 0xd656, 0xd656, 0xd656, 0xd656, 0xd656, 0xd656, 0xd656, 0xd656,
  0xd656, 0xd656, 0xd656, 0xd656, 0xd656, 0xd656, 0xd656, 0xd656, 0xd656, 0xd656, 0xd656, 0xd656, 0xd656, 0xd656, 0xd656, 0xd656, 0xd656, 0xd656, 0xd656, 0xd656,
  0xd656, 0xd677, 0xd677, 0xd677, 0xd677, 0xd677, 0xd677, 0xd677, 0xd656, 0xd656, 0xd656, 0xd656, 0xd656, 0xd656, 0xd656, 0xd656, 0xd656, 0xd656, 0xd656, 0xd656,
  0xd656, 0xd656, 0xd656, 0xd656, 0xd656, 0xd656, 0xd656, 0xd656, 0xd656, 0xd656, 0xd656, 0xd656, 0xd656, 0xd656, 0xd656, 0xd656, 0xd656, 0xd656, 0xd656, 0xd656,
  0xd656, 0xd656, 0xde76, 0xde77, 0x41e6, 0x2924, 0x3165, 0x2965, 0x2945, 0x2945, 0x2945, 0x2944, 0x2944, 0x2924, 0x2924, 0x2924, 0x2944, 0x2944, 0x2944, 0x2924,
  0x2124, 0x2124, 0x2924, 0x2944, 0x2944, 0x2944, 0x2944, 0x2945, 0x2945, 0x2945, 0x2945, 0x2945, 0x2945, 0x2945, 0x2945, 0x2944, 0x2944, 0x2965, 0x2945, 0x2965,
  0x2965, 0x2965, 0x2965, 0x2945, 0x2944, 0x2944, 0x2945, 0x2945, 0x2945, 0x2945, 0x2945, 0x2944, 0x2944, 0x2945, 0x2965, 0x2945, 0x2944, 0x2944, 0x2924, 0x2924,
  0x2944, 0x2944, 0x2944, 0x2945, 0x2945, 0x2945, 0x2945, 0x2945, 0x2945, 0x2945, 0x2965, 0x2945, 0x2945, 0x2945, 0x2945, 0x2945, 0x2945, 0x2945, 0x2965, 0x2965,
  0x2965, 0x2945, 0x2945, 0x2944, 0x2944, 0x2944, 0x2944, 0x2944, 0x2944, 0x2944, 0x2944, 0x2944, 0x2945, 0x2945, 0x2945, 0x2945, 0x2945, 0x2945, 0x2965, 0x2965,
  0x2945, 0x2945, 0x2965, 0x3165, 0x2965, 0x2945, 0x2945, 0x2945, 0x2944, 0x2944, 0x2944, 0x2944, 0x2945, 0x2965, 0x2104, 0x4a48, 0xde97, 0xd656, 0xd656, 0xd656,
  0xd656, 0xd656, 0xd656, 0xd656, 0xd656, 0xd656, 0xd656, 0xd656, 0xd656, 0xd656, 0xd656, 0xd656, 0xd656, 0xd656, 0xd656, 0xd656, 0xd656, 0xd656, 0xd656, 0xd656,
  0xd656, 0xd656, 0xd656, 0xd656, 0xd656, 0xd656, 0xd656, 0xd656, 0xd656, 0xd656, 0xd677, 0xd656, 0xd656, 0xd656, 0xd656, 0xd656, 0xd677, 0xd677, 0xd677, 0xd677,
  0xd677, 0xd677, 0xd677, 0xd677, 0xd656, 0xd656, 0xd656, 0xd656, 0xd656, 0xd656, 0xd656, 0xd656, 0xd656, 0xd656, 0xd656, 0xd656, 0xd656, 0xd656, 0xd656, 0xd656,
  0xd656, 0xd656, 0xd656, 0xd656, 0xd656, 0xd656, 0xd656, 0xd656, 0xd656, 0xd656, 0xd656, 0xd656, 0xd656, 0xd656, 0xd656, 0xd656, 0xd656, 0xd656, 0xd656, 0x9470,
  0xad32, 0xd656, 0xd656, 0xd656, 0xd656, 0xd656, 0xd656, 0xd656, 0xd656, 0xd656, 0xd656, 0xd656, 0xd656, 0xd656, 0xd656, 0xd656, 0xd656, 0xd677, 0xd656, 0xd656,
  0xd656, 0xd656, 0xd656, 0xd656, 0xd656, 0xd656, 0xd656, 0xd656, 0xd656, 0xd656, 0xd656, 0xd656, 0xd656, 0xd656, 0xd656, 0xd656, 0xd656, 0xd656, 0xd656, 0xd656,
  0xd677, 0xd656, 0xd656, 0xd677, 0xd677, 0xd656, 0xd677, 0xd677, 0xd677, 0xd677, 0xd656, 0xd656, 0xd656, 0xd656, 0xd656, 0xd656, 0xd656, 0xd656, 0xd656, 0xd656,
  0xd656, 0xd656, 0xd656, 0xd656, 0xd656, 0xd656, 0xd656, 0xd656, 0xd656, 0xd656, 0xd656, 0xd656, 0xd656, 0xd656, 0xd656, 0xd656, 0xd656, 0xd656, 0xd656, 0xd656,
  0xd656, 0xde77, 0xd656, 0x8c0f, 0x41e6, 0x4207, 0x4228, 0x4228, 0x4228, 0x4228, 0x4228, 0x4228, 0x4228, 0x4228, 0x4207, 0x4207, 0x4207, 0x4207, 0x4207, 0x4207,
  0x4207, 0x41e7, 0x4207, 0x4207, 0x4207, 0x4207, 0x4207, 0x4207, 0x4207, 0x4207, 0x4207, 0x4207, 0x4207, 0x4207, 0x4207, 0x4207, 0x4207, 0x4207, 0x4207, 0x4228,
  0x4207, 0x4207, 0x4207, 0x4207, 0x4207, 0x4207, 0x4207, 0x41e7, 0x4207, 0x4207, 0x4207, 0x4207, 0x4207, 0x4207, 0x4207, 0x4207, 0x4207, 0x4207, 0x4207, 0x4207,
  0x4207, 0x4207, 0x4207, 0x4207, 0x4207, 0x4207, 0x4207, 0x4207, 0x4208, 0x4207, 0x4207, 0x4207, 0x4207, 0x4207, 0x4207, 0x4207, 0x4207, 0x4228, 0x4208, 0x4207,
  0x4207, 0x4207, 0x4207, 0x4207, 0x4207, 0x4207, 0x4207, 0x4207, 0x4207, 0x4207, 0x4207, 0x41e7, 0x41e7, 0x41e7, 0x4207, 0x4207, 0x4207, 0x4207, 0x4207, 0x4207,
  0x4207, 0x4207, 0x4207, 0x4228, 0x4228, 0x4207, 0x4207, 0x4207, 0x4207, 0x4207, 0x4207, 0x4207, 0x4207, 0x41e7, 0x4208, 0x31a6, 0x83cd, 0xde97, 0xd656, 0xd656,
  0xd656, 0xd656, 0xd656, 0xd656, 0xd656, 0xd656, 0xd656, 0xd656, 0xd656, 0xd656, 0xd656, 0xd656, 0xd656, 0xd677, 0xd677, 0xd677, 0xd677, 0xd656, 0xd656, 0xd656,
  0xd656, 0xd656, 0xd656, 0xd656, 0xd656, 0xd656, 0xd656, 0xd656, 0xd656, 0xd656, 0xd656, 0xd656, 0xd656, 0xd656, 0xd656, 0xd656, 0xd677, 0xd677, 0xd677, 0xd677,
  0xd677, 0xd677, 0xd677, 0xd656, 0xd656, 0xd656, 0xd656, 0xd656, 0xd656, 0xd656, 0xd656, 0xd656, 0xd656, 0xd656, 0xd677, 0xd656, 0xd656, 0xd656, 0xd656, 0xd656,
  0xd656, 0xd656, 0xd656, 0xd656, 0xd656, 0xd656, 0xd656, 0xd656, 0xd656, 0xd656, 0xd656, 0xd656, 0xd656, 0xd656, 0xd656, 0xd656, 0xd656, 0xd656, 0xd656, 0xb532,
  0xb573, 0xd656, 0xd656, 0xd656, 0xd656, 0xd656, 0xd656, 0xd656, 0xd656, 0xd656, 0xd656, 0xd656, 0xd656, 0xd656, 0xd656, 0xd656, 0xd656, 0xd677, 0xd656, 0xd656,
  0xd656, 0xd656, 0xd656, 0xd656, 0xd656, 0xd656, 0xd656, 0xd656, 0xd656, 0xd656, 0xd656, 0xd656, 0xd656, 0xd656, 0xd656, 0xd656, 0xd656, 0xd656, 0xd656, 0xd656,
  0xd676, 0xd656, 0xd656, 0xd677, 0xd677, 0xd656, 0xd677, 0xd677, 0xd677, 0xd677, 0xd656, 0xd656, 0xd656, 0xd656, 0xd656, 0xd656, 0xd656, 0xd656, 0xd656, 0xd656,
  0xd656, 0xd656, 0xd656, 0xd656, 0xd656, 0xd656, 0xd656, 0xd656, 0xd656, 0xd656, 0xd656, 0xd656, 0xd656, 0xd656, 0xd656, 0xd656, 0xd656, 0xd656, 0xd656, 0xd656,
  0xd656, 0xe6d8, 0x736c, 0x41c6, 0xe6d9, 0xef39, 0xe6f8, 0xe719, 0xef19, 0xef19, 0xef19, 0xef19, 0xef19, 0xef19, 0xef19, 0xef19, 0xeef8, 0xe6f8, 0xeef9, 0xef19,
  0xef39, 0xef39, 0xef19, 0xef19, 0xef19, 0xef19, 0xef19, 0xef19, 0xef19, 0xef19, 0xef19, 0xef19, 0xef19, 0xef19, 0xef19, 0xef19, 0xef19, 0xef19, 0xef19, 0xef19,
  0xef19, 0xe719, 0xe719, 0xef19, 0xef19, 0xef19, 0xe6f9, 0xe6f8, 0xe719, 0xef19, 0xef19, 0xef39, 0xef39, 0xef19, 0xef19, 0xef19, 0xef19, 0xef19, 0xef19, 0xef19,
  0xef19, 0xef19, 0xef19, 0xef19, 0xef19, 0xef19, 0xef19, 0xef19, 0xef19, 0xef19, 0xef19, 0xef19, 0xef19, 0xef19, 0xef19, 0xef19, 0xef19, 0xef19, 0xef19, 0xef19,
  0xef19, 0xef19, 0xef19, 0xef19, 0xef19, 0xef19, 0xef19, 0xef19, 0xef19, 0xef19, 0xef19, 0xef19, 0xe6f9, 0xe6f9, 0xef19, 0xef19, 0xe719, 0xe719, 0xe6f9, 0xe6f9,
  0xe6f9, 0xef19, 0xef19, 0xef19, 0xef19, 0xef19, 0xef19, 0xef19, 0xef19, 0xef19, 0xef19, 0xef19, 0xeef9, 0xe6f8, 0xff9b, 0xbd94, 0x0000, 0x83ee, 0xdeb8, 0xd656,
  0xd656, 0xd656, 0xd656, 0xd656, 0xd656, 0xd656, 0xd656, 0xd656, 0xd656, 0xd656, 0xd656, 0xd656, 0xd656, 0xd677, 0xd677, 0xd656, 0xd656, 0xd656, 0xd656, 0xd656,
  0xd656, 0xd656, 0xd656, 0xd656, 0xd656, 0xd656, 0xd656, 0xd656, 0xd656, 0xd656, 0xd656, 0xd656, 0xd656, 0xd656, 0xd656, 0xd656, 0xd677, 0xd677, 0xd677, 0xd677,
  0xd677, 0xd677, 0xd656, 0xd656, 0xd656, 0xd656, 0xd656, 0xd656, 0xd656, 0xd656, 0xd656, 0xd656, 0xd656, 0xd656, 0xd656, 0xd656, 0xd656, 0xd656, 0xd656, 0xd656,
  0xd656, 0xd656, 0xd656, 0xd656, 0xd656, 0xd656, 0xd656, 0xd656, 0xd656, 0xd656, 0xd656, 0xd656, 0xd656, 0xd656, 0xd656, 0xd656, 0xd656, 0xd656, 0xd656, 0xbd73,
  0xd656, 0xd656, 0xd656, 0xd656, 0xd656, 0xd656, 0xd656, 0xd656, 0xd656, 0xd656, 0xd656, 0xd656, 0xd656, 0xd656, 0xd656, 0xd677, 0xd677, 0xd656, 0xd677, 0xd677,
  0xd656, 0xd656, 0xd656, 0xd656, 0xd656, 0xd656, 0xd656, 0xd656, 0xd656, 0xd656, 0xd656, 0xd656, 0xd656, 0xd656, 0xd656, 0xd656, 0xd656, 0xd656, 0xd656, 0xd656,
  0xd656, 0xd656, 0xd656, 0xd656, 0xd656, 0xd656, 0xd677, 0xd677, 0xd656, 0xd656, 0xd656, 0xd656, 0xd656, 0xd656, 0xd656, 0xd656, 0xd656, 0xd656, 0xd656, 0xd656,
  0xd656, 0xd656, 0xd656, 0xd656, 0xd656, 0xd656, 0xd656, 0xd656, 0xd656, 0xd656, 0xd656, 0xd656, 0xd656, 0xd656, 0xd656, 0xd656, 0xd656, 0xd656, 0xd656, 0xd656,
  0xde76, 0x6b2b, 0x2124, 0xde98, 0xeef9, 0xd657, 0xe6b8, 0xe6b8, 0xdeb7, 0xe6b8, 0xe6b8, 0xe6b8, 0xe6b8, 0xe6b8, 0xe6b8, 0xe6d8, 0xdeb7, 0xd656, 0xd656, 0xde76,
  0xe6b7, 0xe6b8, 0xe6b8, 0xdeb7, 0xde97, 0xde97, 0xde97, 0xdeb7, 0xdeb7, 0xdeb7, 0xde97, 0xde97, 0xde97, 0xde97, 0xde97, 0xde97, 0xde97, 0xde97, 0xde97, 0xde97,
  0xde97, 0xde97, 0xde97, 0xde97, 0xdeb7, 0xde97, 0xde97, 0xde97, 0xde97, 0xde97, 0xde97, 0xde97, 0xdeb7, 0xdeb7, 0xdeb7, 0xdeb7, 0xde97, 0xde97, 0xde97, 0xde97,
  0xde97, 0xde97, 0xde97, 0xde97, 0xde97, 0xdeb7, 0xdeb8, 0xdeb8, 0xdeb7, 0xdeb7, 0xde97, 0xde97, 0xde97, 0xde97, 0xde97, 0xde97, 0xde97, 0xdeb7, 0xe6b7, 0xe6b7,
  0xdeb7, 0xde97, 0xde97, 0xde97, 0xde97, 0xde97, 0xde97, 0xde97, 0xde97, 0xde97, 0xde97, 0xde97, 0xde97, 0xdeb7, 0xde97, 0xde97, 0xde97, 0xde97, 0xde97, 0xdeb7,
  0xe6b8, 0xe6b7, 0xe6b7, 0xdeb7, 0xe6b7, 0xe6b7, 0xe6b7, 0xdeb7, 0xe6b7, 0xdeb7, 0xde97, 0xde97, 0xde97, 0xde77, 0xde97, 0xb553, 0x5aaa, 0x0020, 0x736c, 0xde97,
  0xd656, 0xd656, 0xd656, 0xd656, 0xd656, 0xd656, 0xd656, 0xd656, 0xd656, 0xd656, 0xd656, 0xd656, 0xd656, 0xd677, 0xd677, 0xd656, 0xd656, 0xd656, 0xd656, 0xd656,
  0xd656, 0xd656, 0xd656, 0xd656, 0xd656, 0xd656, 0xd656, 0xd656, 0xd656, 0xd656, 0xd656, 0xd656, 0xd656, 0xd656, 0xd656, 0xd677, 0xd677, 0xd677, 0xd677, 0xd677,
  0xd677, 0xd656, 0xd656, 0xd656, 0xd656, 0xd656, 0xd656, 0xd656, 0xd656, 0xd656, 0xd656, 0xd656, 0xd656, 0xd656, 0xd656, 0xd656, 0xd656, 0xd656, 0xd656, 0xd656,
  0xd656, 0xd656, 0xd656, 0xd656, 0xd656, 0xd656, 0xd656, 0xd656, 0xd656, 0xd656, 0xd656, 0xd656, 0xd656, 0xd656, 0xd656, 0xd656, 0xd656, 0xd656, 0xd656, 0xd656,
  0xd656, 0xd656, 0xd656, 0xd656, 0xd656, 0xd656, 0xd656, 0xd656, 0xd656, 0xd656, 0xd656, 0xd656, 0xd656, 0xd656, 0xd656, 0xd677, 0xd677, 0xd656, 0xd656, 0xd656,
  0xd656, 0xd656, 0xd656, 0xd656, 0xd656, 0xd656, 0xd656, 0xd656, 0xd656, 0xd656, 0xd656, 0xd656, 0xd656, 0xd656, 0xd656, 0xd656, 0xd656, 0xd656, 0xd677, 0xd676,
  0xd656, 0xd656, 0xd656, 0xd656, 0xd656, 0xd676, 0xd656, 0xd656, 0xd656, 0xd656, 0xd656, 0xd656, 0xd656, 0xd656, 0xd656, 0xd656, 0xd656, 0xd656, 0xd656, 0xd656,
  0xd656, 0xd657, 0xd657, 0xd677, 0xd656, 0xd656, 0xd656, 0xd656, 0xd656, 0xd656, 0xd656, 0xd656, 0xd656, 0xd656, 0xd656, 0xd656, 0xd656, 0xd656, 0xd656, 0xd676,
  0xd677, 0x3186, 0x39c6, 0xe6f9, 0xde77, 0xd657, 0x840e, 0x630b, 0x6b2b, 0x6b2b, 0x6b4c, 0x6b6c, 0x6b4c, 0x6b2b, 0x6b2b, 0x62eb, 0x9c90, 0xde97, 0xd656, 0xb573,
  0x944f, 0x946f, 0x9490, 0x9c90, 0x9c90, 0x9490, 0x9470, 0x946f, 0x946f, 0x946f, 0x946f, 0x9470, 0x9470, 0x9470, 0x946f, 0x946f, 0x946f, 0x946f, 0x946f, 0x946f,
  0x9470, 0x9470, 0x9470, 0x946f, 0x9470, 0x946f, 0x946f, 0x9470, 0x9490, 0x9470, 0x9490, 0x9c90, 0x9490, 0x9470, 0x9c90, 0x9c90, 0x9c90, 0x9490, 0x9470, 0x9490,
  0x9c90, 0x9cb0, 0x9c90, 0x9c90, 0x9c90, 0x9c90, 0x9c90, 0x9c90, 0x9c90, 0x9c90, 0x9c90, 0x9470, 0x9490, 0x9c90, 0x9c90, 0x9c90, 0x9c90, 0x9c90, 0x9c90, 0x9490,
  0x9490, 0x9490, 0x9c90, 0x9c90, 0x9490, 0x9470, 0x9470, 0x9470, 0x9470, 0x9470, 0x9490, 0x9490, 0x9c90, 0x9c90, 0x9c90, 0x946f, 0x946f, 0x946f, 0x946f, 0x946f,
  0x946f, 0x9470, 0x9c90, 0x9c90, 0x9c90, 0x9490, 0x9490, 0x9c90, 0x9c90, 0x9c90, 0x9c90, 0x9cb0, 0x9cb0, 0xbdb4, 0xd656, 0x946f, 0x738d, 0x0821, 0x41e7, 0xe6d8,
  0xd656, 0xd656, 0xd656, 0xd656, 0xd656, 0xd656, 0xd656, 0xd656, 0xd656, 0xd656, 0xd677, 0xd677, 0xd677, 0xd677, 0xd677, 0xd677, 0xd677, 0xd656, 0xd656, 0xd656,
  0xd656, 0xd656, 0xd656, 0xd656, 0xd656, 0xd656, 0xd656, 0xd656, 0xd656, 0xd656, 0xd677, 0xd656, 0xd656, 0xd656, 0xd656, 0xd656, 0xd656, 0xd656, 0xd677, 0xd677,
  0xd656, 0xd677, 0xd677, 0xd656, 0xd656, 0xd656, 0xd656, 0xd656, 0xd656, 0xd656, 0xd656, 0xd656, 0xd656, 0xd656, 0xd656, 0xd656, 0xd656, 0xd656, 0xd656, 0xd656,
  0xd656, 0xd656, 0xd656, 0xd656, 0xd656, 0xd656, 0xd656, 0xd656, 0xd656, 0xd656, 0xd656, 0xd656, 0xd656, 0xd656, 0xd656, 0xd656, 0xd656, 0xd656, 0xd656, 0xd656,
  0xd656, 0xd656, 0xd656, 0xd656, 0xd656, 0xd656, 0xd656, 0xd656, 0xd656, 0xd656, 0xd656, 0xd656, 0xd656, 0xd677, 0xd677, 0xd677, 0xd677, 0xd656, 0xd656, 0xd656,
  0xd656, 0xd656, 0xd656, 0xd656, 0xd656, 0xd656, 0xd656, 0xd656, 0xd656, 0xd656, 0xd656, 0xd656, 0xd656, 0xd656, 0xd656, 0xd656, 0xd656, 0xd656, 0xd677, 0xd676,
  0xd656, 0xd656, 0xd656, 0xd656, 0xd656, 0xd656, 0xd656, 0xd656, 0xd656, 0xd656, 0xd656, 0xd656, 0xd656, 0xd656, 0xd656, 0xd656, 0xd656, 0xd656, 0xd656, 0xd656,
  0xd656, 0xd656, 0xd656, 0xd677, 0xd656, 0xd656, 0xd656, 0xd656, 0xd656, 0xd656, 0xd656, 0xd656, 0xd656, 0xd656, 0xd656, 0xd656, 0xd656, 0xd656, 0xd656, 0xd656,
  0xd677, 0x41e7, 0x39c6, 0xeef9, 0xde77, 0xce36, 0x39c6, 0x0021, 0x0841, 0x1062, 0x1082, 0x1082, 0x1062, 0x1062, 0x1082, 0x0841, 0x630b, 0xe6d8, 0xde77, 0xad12,
  0x840e, 0x9cb0, 0x9cb0, 0xa4d1, 0xa4d1, 0xa4d1, 0x9cb0, 0x9c90, 0x9490, 0x9c90, 0x9cb0, 0x9cd0, 0x9cb0, 0x9cb0, 0x9cb0, 0x9cb0, 0x9cb0, 0x9cb1, 0x9cd1, 0x9cd1,
  0x9cd0, 0x9cb0, 0x9cb0, 0x9c90, 0x9c90, 0x9c90, 0x9cb0, 0x9cb1, 0x9cb0, 0x9cb0, 0x9cd1, 0x9cb1, 0x9cb0, 0x9cb0, 0x9cb0, 0x9cb0, 0x9cb0, 0x9cb0, 0x9c90, 0x9c90,
  0x9cb0, 0x9cb0, 0x9cb0, 0x9cb1, 0x9cb0, 0x9cb0, 0x9cb0, 0x9cb0, 0x9cb0, 0x9cb0, 0x9cb0, 0x9c90, 0x9c90, 0x9cb0, 0x9cb0, 0x9cb0, 0x9cb0, 0x9c90, 0x9c90, 0x9c90,
  0x9c90, 0x9cb0, 0x9cb0, 0x9cb0, 0x9cb0, 0x9cb0, 0x9cb0, 0x9cb0, 0x9cb0, 0x9c90, 0x9c90, 0x9c90, 0x9cb0, 0x9cb0, 0x9cb0, 0x9cb0, 0x9cb0, 0x9cb0, 0x9cb0, 0x9c90,
  0x948f, 0x9490, 0x9c90, 0x9cb0, 0x9cb0, 0x9c90, 0x9490, 0x9c90, 0x9cb0, 0x9cb0, 0x9cd1, 0xa4f1, 0x948f, 0xb552, 0xde77, 0x9490, 0x6b4b, 0x1081, 0x2104, 0x9cd0,
  0xde97, 0xd656, 0xd676, 0xd656, 0xd656, 0xd656, 0xd656, 0xd656, 0xd656, 0xd656, 0xd677, 0xd676, 0xd676, 0xd676, 0xd677, 0xd677, 0xd677, 0xd656, 0xd656, 0xd656,
  0xd656, 0xd656, 0xd656, 0xd656, 0xd656, 0xd656, 0xd656, 0xd656, 0xd656, 0xd656, 0xd677, 0xd656, 0xd656, 0xd656, 0xd656, 0xd656, 0xd656, 0xd656, 0xd677, 0xd677,
  0xd656, 0xd677, 0xd677, 0xd656, 0xd656, 0xd656, 0xd656, 0xd656, 0xd656, 0xd656, 0xd656, 0xd656, 0xd656, 0xd656, 0xd656, 0xd656, 0xd656, 0xd656, 0xd656, 0xd656,
  0xd656, 0xd656, 0xd656, 0xd656, 0xd656, 0xd656, 0xd656, 0xd656, 0xd656, 0xd656, 0xd656, 0xd656, 0xd656, 0xd656, 0xd656, 0xd656, 0xd656, 0xd656, 0xd656, 0xd656,
  0xd656, 0xd656, 0xd656, 0xd656, 0xd656, 0xd656, 0xd656, 0xd656, 0xd656, 0xd656, 0xd676, 0xd676, 0xd656, 0xd656, 0xd657, 0xd657, 0xd656, 0xd656, 0xd656, 0xd656,
  0xd656, 0xd656, 0xd656, 0xd656, 0xd656, 0xd656, 0xd656, 0xd656, 0xd656, 0xd656, 0xd656, 0xd656, 0xd656, 0xd656, 0xd656, 0xd656, 0xd656, 0xd656, 0xd656, 0xd656,
  0xd656, 0xd656, 0xd656, 0xd656, 0xd656, 0xd656, 0xd656, 0xd656, 0xd656, 0xd656, 0xd656, 0xd656, 0xd656, 0xd656, 0xd656, 0xd656, 0xd656, 0xd656, 0xd656, 0xd656,
  0xd656, 0xd656, 0xd656, 0xd656, 0xd656, 0xd656, 0xd656, 0xd656, 0xd656, 0xd656, 0xd656, 0xd656, 0xd656, 0xd656, 0xd656, 0xd656, 0xd656, 0xd656, 0xd656, 0xd656,
  0xde77, 0x39c6, 0x31a6, 0xeef9, 0xde77, 0xce36, 0x4207, 0x2104, 0xad12, 0xb573, 0xb574, 0xb553, 0xb573, 0xbd95, 0xa512, 0x18c3, 0x6b2c, 0xde97, 0xce36, 0xd656,
  0xde98, 0xeed8, 0xe6b8, 0xe6b8, 0xe6d8, 0xe6d8, 0xe6d8, 0xe6b8, 0xe6b8, 0xe6b8, 0xe6d8, 0xe6d8, 0xe6b8, 0xe6b8, 0xe6b8, 0xe6d8, 0xe6d8, 0xe6d8, 0xe6d8, 0xe6d8,
  0xe6d8, 0xe6d8, 0xe6d8, 0xe6d8, 0xe6d8, 0xe6d8, 0xe6d8, 0xe6d8, 0xe6d8, 0xe6d8, 0xe6d8, 0xe6d8, 0xe6d8, 0xe6d8, 0xe6d8, 0xe6d8, 0xe6d8, 0xe6d8, 0xe6d8, 0xe6d8,
  0xe6b8, 0xe6b8, 0xe6b8, 0xe6d8, 0xe6d8, 0xe6d8, 0xe6d8, 0xe6b8, 0xe6b8, 0xe6b7, 0xe6b7, 0xe6b7, 0xe6b7, 0xe6b7, 0xe6b7, 0xe6b8, 0xe6b8, 0xe6d8, 0xe6d8, 0xe6b8,
  0xe6b8, 0xe6b8, 0xe6b8, 0xe6d8, 0xe6d8, 0xe6b8, 0xe6b8, 0xe6d8, 0xe6b8, 0xe6b8, 0xe6d8, 0xe6d8, 0xe6d8, 0xe6b8, 0xe6b8, 0xe6d8, 0xe6d8, 0xe6d8, 0xe6d8, 0xe6d8,
  0xe6b8, 0xe6b8, 0xe6b8, 0xe6d8, 0xe6d8, 0xe6d8, 0xe6d8, 0xe6d8, 0xe6d8, 0xe6d8, 0xeed8, 0xe6d8, 0xe6b7, 0xd636, 0xd657, 0x9490, 0x6b2b, 0x0020, 0x41e7, 0x8c2f,
  0xad32, 0xdeb7, 0xd676, 0xd676, 0xd656, 0xd656, 0xd656, 0xd656, 0xd656, 0xd656, 0xd656, 0xd656, 0xd656, 0xd656, 0xd656, 0xd656, 0xd656, 0xd656, 0xd656, 0xd656,
  0xd656, 0xd656, 0xd656, 0xd656, 0xd656, 0xd656, 0xd656, 0xd656, 0xd656, 0xd656, 0xd656, 0xd656, 0xd656, 0xd656, 0xd656, 0xd656, 0xd656, 0xd656, 0xd656, 0xd656,
  0xd656, 0xd656, 0xd656, 0xd656, 0xd656, 0xd656, 0xd656, 0xd656, 0xd656, 0xd656, 0xd656, 0xd656, 0xd656, 0xd656, 0xd656, 0xd656, 0xd656, 0xd656, 0xd656, 0xd656,
  0xd656, 0xd656, 0xd656, 0xd656, 0xd656, 0xd656, 0xd656, 0xd656, 0xd656, 0xd656, 0xd656, 0xd656, 0xd656, 0xd656, 0xd656, 0xd656, 0xd656, 0xd656, 0xd656, 0xd676,
  0xd656, 0xd656, 0xd656, 0xd656, 0xd656, 0xd656, 0xd656, 0xd656, 0xd656, 0xd677, 0xd676, 0xde77, 0xe6b7, 0xe6b7, 0xe6b7, 0xe6b7, 0xe6b7, 0xe6b7, 0xe6b7, 0xe6b7,
  0xdeb7, 0xdeb7, 0xe6b7, 0xe6b7, 0xe6b7, 0xe6b7, 0xe6b7, 0xe6b7, 0xe6b7, 0xe6b7, 0xe6b7, 0xe6b7, 0xe6b7, 0xe6b7, 0xe6b7, 0xe6b7, 0xe6b7, 0xe6b7, 0xe6b7, 0xe697,
  0xe697, 0xe697, 0xde97, 0xde97, 0xde97, 0xdeb7, 0xdeb7, 0xdeb7, 0xdeb7, 0xe6b7, 0xdeb7, 0xdeb7, 0xdeb7, 0xe6b7, 0xe6b7, 0xe6b7, 0xdeb7, 0xdeb7, 0xdeb7, 0xdeb7,
  0xdeb7, 0xe6b7, 0xe6b7, 0xe6b8, 0xe6b7, 0xde97, 0xd677, 0xd656, 0xd656, 0xd656, 0xd656, 0xd656, 0xd656, 0xd656, 0xd656, 0xd656, 0xd656, 0xd656, 0xd656, 0xd656,
  0xde77, 0x39c6, 0x3186, 0xef19, 0xde97, 0xd677, 0x4a28, 0x2965, 0xef3a, 0xff7b, 0xf75a, 0xf739, 0xef3a, 0xff9b, 0xdeb8, 0x18e3, 0x6b4c, 0xde97, 0xce36, 0xbdb4,
  0xad12, 0xad32, 0xad32, 0xad12, 0xa511, 0xa4f1, 0xa4f1, 0xa4f1, 0xa4f1, 0xa4f1, 0xad11, 0xad11, 0xad11, 0xad12, 0xad12, 0xad12, 0xad12, 0xad32, 0xad12, 0xad12,
  0xad12, 0xad12, 0xad12, 0xad32, 0xad32, 0xad32, 0xad32, 0xad32, 0xad12, 0xad12, 0xad32, 0xad32, 0xad32, 0xad32, 0xad32, 0xad32, 0xad32, 0xad32, 0xad32, 0xad12,
  0xad12, 0xad12, 0xad12, 0xad12, 0xad12, 0xad12, 0xad12, 0xad12, 0xad12, 0xad12, 0xad12, 0xad12, 0xad12, 0xad11, 0xa511, 0xa511, 0xad12, 0xad32, 0xad32, 0xad32,
  0xad12, 0xad12, 0xad12, 0xad12, 0xad12, 0xad12, 0xad32, 0xad32, 0xad12, 0xad12, 0xad32, 0xad32, 0xad32, 0xad32, 0xad32, 0xad32, 0xad32, 0xad32, 0xad32, 0xad32,
  0xad32, 0xad12, 0xad12, 0xad12, 0xad32, 0xad32, 0xad32, 0xad32, 0xad12, 0xad12, 0xad12, 0xad12, 0xa4f1, 0xc5d4, 0xde77, 0x9cb0, 0x6b6c, 0x0841, 0x3185, 0xa4f2,
  0x8c2f, 0xbdb4, 0xde97, 0xd676, 0xd656, 0xd656, 0xd656, 0xd656, 0xd656, 0xd656, 0xd656, 0xd656, 0xd677, 0xde97, 0xde97, 0xdeb7, 0xdeb7, 0xde97, 0xdeb7, 0xde97,
  0xde97, 0xde97, 0xe697, 0xde97, 0xde97, 0xde97, 0xde97, 0xde97, 0xde97, 0xde97, 0xde97, 0xde97, 0xde97, 0xde97, 0xde97, 0xde97, 0xde97, 0xe697, 0xde97, 0xde97,
  0xe697, 0xde97, 0xde97, 0xde97, 0xde97, 0xde97, 0xde97, 0xde97, 0xde97, 0xde97, 0xde97, 0xde97, 0xde97, 0xde97, 0xde97, 0xde97, 0xde97, 0xde97, 0xde97, 0xde97,
  0xde97, 0xdeb7, 0xdeb7, 0xe6b7, 0xdeb7, 0xde97, 0xdeb7, 0xde97, 0xd656, 0xd656, 0xd656, 0xd656, 0xd656, 0xd656, 0xd656, 0xd656, 0xd656, 0xd656, 0xd656, 0xd676,
  0xd656, 0xd656, 0xd656, 0xd656, 0xd656, 0xd656, 0xd656, 0xd656, 0xd656, 0xd656, 0xde77, 0xce16, 0xad32, 0xad53, 0xad53, 0xad33, 0xad32, 0xad32, 0xad32, 0xad32,
  0xad53, 0xad53, 0xad53, 0xad33, 0xad33, 0xad12, 0xacf2, 0xad12, 0xad12, 0xad12, 0xad12, 0xad12, 0xad12, 0xad32, 0xad12, 0xad12, 0xad12, 0xad12, 0xad32, 0xad32,
  0xad32, 0xad32, 0xad32, 0xad32, 0xad32, 0xad32, 0xad32, 0xad32, 0xad32, 0xad32, 0xad32, 0xad32, 0xad32, 0xad32, 0xad32, 0xad32, 0xad32, 0xad32, 0xad32, 0xad32,
  0xad12, 0xad12, 0xad32, 0xad32, 0xad32, 0xad32, 0xd636, 0xd677, 0xd656, 0xd656, 0xd656, 0xd656, 0xd656, 0xd656, 0xd656, 0xd656, 0xd656, 0xd656, 0xd656, 0xd656,
  0xde77, 0x39c6, 0x3186, 0xef19, 0xde98, 0xde77, 0x4a28, 0x2965, 0xe6d9, 0xe6d8, 0xd677, 0xd656, 0xce36, 0xd676, 0xbdd5, 0x20e4, 0x6b4c, 0xe6b8, 0xd676, 0x9c90,
  0x630a, 0x738c, 0x7b8c, 0x7b8c, 0x7b8c, 0x7b8c, 0x7b8c, 0x738c, 0x738c, 0x738c, 0x738c, 0x738c, 0x738c, 0x738c, 0x736c, 0x736c, 0x736c, 0x736c, 0x736c, 0x736c,
  0x736c, 0x736c, 0x736c, 0x736c, 0x738c, 0x7b8c, 0x738c, 0x738c, 0x738c, 0x7b8c, 0x7b8c, 0x7b8c, 0x7bad, 0x7bad, 0x7b8c, 0x738c, 0x738c, 0x738c, 0x738c, 0x738c,
  0x736c, 0x736c, 0x736c, 0x736c, 0x736c, 0x736c, 0x736b, 0x734b, 0x736b, 0x736c, 0x738c, 0x7b8c, 0x7b8c, 0x738c, 0x736c, 0x736c, 0x738c, 0x7b8c, 0x7b8c, 0x7b8c,
  0x7b8c, 0x736c, 0x736c, 0x738c, 0x738c, 0x738c, 0x738c, 0x738c, 0x736c, 0x7b8c, 0x7b8c, 0x7b8c, 0x7b8c, 0x7b8c, 0x7b8c, 0x7b8c, 0x7b8c, 0x738c, 0x738c, 0x738c,
  0x738c, 0x736c, 0x736c, 0x736c, 0x736c, 0x7b8c, 0x7b8c, 0x7b8c, 0x736c, 0x6b4b, 0x736c, 0x738c, 0x6b4b, 0xad32, 0xe6d8, 0x9cb0, 0x6b6c, 0x0820, 0x3185, 0x83ee,
  0x9c90, 0x8c2f, 0xce15, 0xde76, 0xd656, 0xd656, 0xd656, 0xd656, 0xd656, 0xd656, 0xd656, 0xd656, 0xce15, 0xad52, 0xad53, 0xad32, 0xad32, 0xad33, 0xb533, 0xb533,
  0xb553, 0xb553, 0xb553, 0xb553, 0xb553, 0xb553, 0xb553, 0xb553, 0xb553, 0xb553, 0xb553, 0xb553, 0xb553, 0xb553, 0xb553, 0xb553, 0xb553, 0xb553, 0xb553, 0xb553,
  0xb553, 0xb553, 0xb553, 0xb553, 0xb553, 0xb553, 0xb553, 0xb553, 0xb553, 0xb553, 0xb553, 0xb553, 0xb553, 0xb553, 0xb553, 0xb553, 0xb553, 0xb553, 0xb553, 0xb553,
  0xb553, 0xb553, 0xb553, 0xb553, 0xb553, 0xb553, 0xad33, 0xbd94, 0xd677, 0xd656, 0xd656, 0xd656, 0xd656, 0xd656, 0xd656, 0xd656, 0xd656, 0xd656, 0xd656, 0xd676,
  0xd656, 0xd656, 0xd656, 0xd656, 0xd656, 0xd656, 0xd657, 0xd677, 0xd676, 0xd636, 0xeef9, 0x8c2f, 0x0000, 0x1082, 0x0861, 0x0861, 0x0861, 0x0881, 0x1082, 0x1082,
  0x1082, 0x1082, 0x1082, 0x1082, 0x0862, 0x0861, 0x0861, 0x1082, 0x1082, 0x1082, 0x1082, 0x1082, 0x1082, 0x1082, 0x1082, 0x1082, 0x1082, 0x1082, 0x10a2, 0x10a2,
  0x10a2, 0x1082, 0x10a2, 0x10a2, 0x1082, 0x10a2, 0x1082, 0x1082, 0x1082, 0x1082, 0x1082, 0x1082, 0x1082, 0x1082, 0x1082, 0x1082, 0x1082, 0x1082, 0x1082, 0x1082,
  0x1082, 0x1082, 0x1082, 0x1082, 0x10a2, 0x0841, 0xa4f1, 0xdeb7, 0xd635, 0xd656, 0xd656, 0xd656, 0xd656, 0xd656, 0xd656, 0xd656, 0xd656, 0xd656, 0xd656, 0xd656,
  0xd677, 0x39c6, 0x3186, 0xeef9, 0xde97, 0xd677, 0x4207, 0x2124, 0xdeb8, 0xdeb8, 0xd676, 0xd656, 0xd656, 0xd677, 0xbdb5, 0x18e3, 0x6b2c, 0xe6b8, 0xce36, 0xd635,
  0xd636, 0xd657, 0xd677, 0xd677, 0xde97, 0xde77, 0xd677, 0xde77, 0xde77, 0xde77, 0xde77, 0xde77, 0xde77, 0xd677, 0xd657, 0xd677, 0xd677, 0xd677, 0xd657, 0xd657,
  0xd657, 0xde77, 0xde77, 0xd677, 0xde77, 0xde77, 0xd677, 0xd677, 0xd677, 0xd677, 0xd677, 0xd677, 0xd676, 0xd676, 0xd656, 0xd656, 0xd656, 0xd676, 0xde77, 0xd676,
  0xd656, 0xd656, 0xd656, 0xd656, 0xd656, 0xd656, 0xd656, 0xd656, 0xd656, 0xd656, 0xd656, 0xd676, 0xd676, 0xd656, 0xd676, 0xd677, 0xd677, 0xd677, 0xd677, 0xd676,
  0xd676, 0xd656, 0xd656, 0xd677, 0xd677, 0xd656, 0xd656, 0xd656, 0xd656, 0xd656, 0xd676, 0xd676, 0xd656, 0xd656, 0xd656, 0xd656, 0xd656, 0xd656, 0xd656, 0xd656,
  0xd656, 0xd656, 0xd656, 0xd656, 0xd656, 0xd656, 0xd656, 0xd656, 0xd636, 0xd636, 0xd636, 0xd657, 0xd677, 0xde77, 0xde98, 0x9c90, 0x6b2b, 0x0000, 0x31a6, 0x9c90,
  0x8c0e, 0x9cb1, 0xd656, 0xde76, 0xd656, 0xd656, 0xd657, 0xd656, 0xd657, 0xd657, 0xd656, 0xe6f8, 0x9c90, 0x0020, 0x10a2, 0x1081, 0x1082, 0x1082, 0x1082, 0x1082,
  0x1082, 0x1082, 0x1082, 0x1082, 0x10a2, 0x10a2, 0x10a2, 0x10a2, 0x10a2, 0x10a2, 0x10a2, 0x10a2, 0x10a2, 0x10a2, 0x1082, 0x1082, 0x1082, 0x1082, 0x1082, 0x1082,
  0x1082, 0x1082, 0x1082, 0x1082, 0x1082, 0x1082, 0x1082, 0x1082, 0x1082, 0x10a2, 0x1082, 0x1082, 0x1082, 0x1082, 0x1082, 0x1082, 0x1082, 0x1082, 0x1082, 0x1082,
  0x1081, 0x0862, 0x0862, 0x0862, 0x1081, 0x10a2, 0x0000, 0x5aca, 0xe6d8, 0xd636, 0xd676, 0xd676, 0xd656, 0xd656, 0xd656, 0xd656, 0xd656, 0xd656, 0xd656, 0xd676,
  0xd656, 0xd656, 0xd656, 0xd656, 0xd656, 0xd677, 0xd677, 0xd677, 0xd656, 0xef19, 0x83ee, 0x5289, 0xb573, 0xa512, 0xad12, 0xad32, 0xad32, 0xad12, 0xad32, 0xad32,
  0xa512, 0xa512, 0xad33, 0xad32, 0xa512, 0xad12, 0xad32, 0xad32, 0xad32, 0xad32, 0xad32, 0xad33, 0xad33, 0xad33, 0xad33, 0xad33, 0xad32, 0xad32, 0xad32, 0xad33,
  0xad33, 0xad32, 0xad32, 0xad32, 0xad32, 0xad33, 0xad32, 0xa512, 0xa512, 0xad32, 0xad32, 0xad32, 0xad33, 0xad33, 0xad33, 0xad32, 0xad32, 0xad32, 0xad32, 0xad33,
  0xad33, 0xad32, 0xad32, 0xad32, 0xb573, 0x83ee, 0x18c2, 0xad32, 0xe6d8, 0xd636, 0xd656, 0xd656, 0xd656, 0xd656, 0xd656, 0xd656, 0xd656, 0xd656, 0xd656, 0xd656,
  0xd677, 0x39c6, 0x3186, 0xeef9, 0xde97, 0xd657, 0x4208, 0x2944, 0xde98, 0xde97, 0xde77, 0xde77, 0xd657, 0xde97, 0xbdb5, 0x10a2, 0x630b, 0xde97, 0xd656, 0xb552,
  0x8c2e, 0x946f, 0x9c90, 0x9c90, 0x9c90, 0x9c90, 0x9c90, 0x9c90, 0x9c90, 0x946f, 0x946f, 0x9470, 0x946f, 0x946f, 0x944f, 0x946f, 0x946f, 0x946f, 0x946f, 0x946f,
  0x946f, 0x9470, 0x9470, 0x9470, 0x9490, 0x9c90, 0x9c90, 0x9c90, 0x9c90, 0x9490, 0x946f, 0x946f, 0x946f, 0x946f, 0x946f, 0x946f, 0x946f, 0x9490, 0x948f, 0x946f,
  0x946f, 0x946f, 0x946f, 0x946f, 0x946f, 0x946f, 0x946f, 0x9c8f, 0x946f, 0x9490, 0x946f, 0x946f, 0x946f, 0x946f, 0x9490, 0x9c90, 0x9c90, 0x9c90, 0x9c90, 0x9cb0,
  0x9c90, 0x9c90, 0x9c90, 0x9cb0, 0x9c90, 0x946f, 0x946f, 0x946f, 0x944f, 0x946f, 0x9470, 0x9c70, 0x9490, 0x946f, 0x946f, 0x946f, 0x946f, 0x946f, 0x946f, 0x946f,
  0x946f, 0x946f, 0x9c90, 0x9c8f, 0x946f, 0x946f, 0x946f, 0x946f, 0x946f, 0x946f, 0x946f, 0x9c90, 0x946f, 0xbd94, 0xde97, 0x946f, 0x6b0b, 0x0000, 0x2924, 0x9c90,
  0x8c4f, 0x8c2e, 0xd656, 0xde77, 0xd656, 0xd656, 0xd677, 0xd656, 0xd657, 0xd655, 0xe6d8, 0x7bad, 0x5289, 0xad53, 0xa4f2, 0xad32, 0xad33, 0xad32, 0xad12, 0xad12,
  0xad32, 0xad12, 0xa512, 0xa512, 0xa512, 0xa512, 0xa512, 0xad12, 0xad12, 0xad12, 0xad32, 0xad32, 0xad12, 0xa512, 0xa512, 0xa512, 0xa512, 0xa512, 0xa512, 0xa512,
  0xa512, 0xa512, 0xa512, 0xa512, 0xa512, 0xa512, 0xa512, 0xad12, 0xad32, 0xad12, 0xa512, 0xa512, 0xa512, 0xa512, 0xad12, 0xa512, 0xa512, 0xa512, 0xa512, 0xa512,
  0xa512, 0xa4f2, 0xa4f2, 0xa4f2, 0xad12, 0xa512, 0xa4f1, 0x2103, 0x6b0b, 0xe6d8, 0xd656, 0xd677, 0xd677, 0xd656, 0xd656, 0xd656, 0xd656, 0xd656, 0xd656, 0xd676,
  0xd656, 0xd656, 0xd656, 0xd656, 0xd656, 0xd677, 0xd677, 0xd676, 0xe6f9, 0x738c, 0x39c6, 0xce16, 0xff9b, 0xf73a, 0xf75a, 0xf75a, 0xf75a, 0xf75a, 0xf75a, 0xf75a,
  0xf75a, 0xf75a, 0xf75a, 0xf75a, 0xf75a, 0xf75a, 0xf75a, 0xf75a, 0xf75a, 0xf75a, 0xf75a, 0xf75a, 0xf75a, 0xf73a, 0xf73a, 0xf73a, 0xf75a, 0xf75a, 0xf75a, 0xf75a,
  0xf75a, 0xf75a, 0xf75a, 0xf73a, 0xf73a, 0xf73a, 0xf75a, 0xf75a, 0xf75a, 0xf75a, 0xf75a, 0xf73a, 0xf75a, 0xf75a, 0xf75a, 0xf75a, 0xf75a, 0xf75a, 0xf75a, 0xf75a,
  0xf73a, 0xf73a, 0xf73a, 0xf739, 0xf759, 0xeef9, 0x8c2f, 0x2124, 0xa4f1, 0xe6b7, 0xd636, 0xd656, 0xd656, 0xd656, 0xd656, 0xd656, 0xd656, 0xd656, 0xd656, 0xd656,
  0xde77, 0x39c6, 0x3186, 0xeef9, 0xde97, 0xd657, 0x4a28, 0x2965, 0xce36, 0xc5f5, 0xbdb4, 0xbd94, 0xbdb4, 0xc5d4, 0xad12, 0x0881, 0x62ea, 0xde97, 0xd676, 0xc5b4,
  0xad32, 0xb573, 0xb552, 0xb553, 0xb573, 0xb573, 0xb573, 0xb573, 0xb573, 0xb553, 0xad32, 0xad32, 0xad32, 0xb552, 0xb552, 0xad52, 0xb552, 0xb552, 0xad32, 0xad32,
  0xad32, 0xad32, 0xad52, 0xad32, 0xad32, 0xad32, 0xad32, 0xad32, 0xad32, 0xad32, 0xad12, 0xad12, 0xad12, 0xad11, 0xa4f1, 0xa4f1, 0xa4f1, 0xa4f1, 0xa4f1, 0xa4f1,
  0xa4f1, 0xa4f1, 0xad12, 0xad12, 0xad12, 0xad12, 0xad32, 0xad32, 0xad32, 0xad12, 0xad12, 0xad11, 0xad12, 0xad12, 0xad32, 0xad32, 0xad32, 0xad32, 0xad32, 0xb552,
  0xb553, 0xad32, 0xb552, 0xb553, 0xb553, 0xb553, 0xb553, 0xb553, 0xb553, 0xb552, 0xb552, 0xb552, 0xad32, 0xad32, 0xad32, 0xad32, 0xad32, 0xad32, 0xad32, 0xad32,
  0xad32, 0xad32, 0xad32, 0xb552, 0xb553, 0xb553, 0xb552, 0xb552, 0xb553, 0xb552, 0xb573, 0xb573, 0xad52, 0xc5d4, 0xde77, 0x9c90, 0x6b2b, 0x0000, 0x39a6, 0x946f,
  0x8c0e, 0x8c4f, 0xce15, 0xde77, 0xd656, 0xd656, 0xd676, 0xd656, 0xd636, 0xdeb7, 0x7b8d, 0x39a6, 0xc5f5, 0xff7a, 0xf73a, 0xf75a, 0xf75a, 0xf75a, 0xf75a, 0xf75a,
  0xf75a, 0xf75a, 0xf75a, 0xf75a, 0xf75a, 0xf75a, 0xf75a, 0xf75a, 0xf75a, 0xf75a, 0xf75a, 0xf75a, 0xf75a, 0xf75a, 0xf75a, 0xf75a, 0xf75a, 0xf75a, 0xf75a, 0xf75a,
  0xf75a, 0xf75a, 0xf75a, 0xf75a, 0xf75a, 0xf75a, 0xf75a, 0xf75a, 0xf75a, 0xf75a, 0xf75a, 0xf75a, 0xf75a, 0xf77a, 0xf77a, 0xf75a, 0xf75a, 0xf75a, 0xf75a, 0xf75a,
  0xf75a, 0xf75a, 0xf75a, 0xf75a, 0xf75a, 0xf75a, 0xef39, 0xb553, 0x39e6, 0x6b4b, 0xeef9, 0xd636, 0xd656, 0xd656, 0xd677, 0xd677, 0xd656, 0xd656, 0xd656, 0xd676,
  0xd656, 0xd656, 0xd656, 0xd656, 0xd656, 0xd656, 0xde77, 0xd636, 0x5248, 0x62ea, 0xce57, 0xf77b, 0xe6b8, 0xd657, 0xd656, 0xd656, 0xd656, 0xd656, 0xd656, 0xd656,
  0xd656, 0xd656, 0xd656, 0xd656, 0xd656, 0xd656, 0xd656, 0xd656, 0xd656, 0xd656, 0xd656, 0xd656, 0xd656, 0xd656, 0xd656, 0xd656, 0xd656, 0xd656, 0xd656, 0xd656,
  0xd656, 0xd656, 0xd656, 0xd656, 0xd656, 0xd656, 0xd656, 0xd657, 0xd657, 0xd657, 0xd656, 0xd656, 0xd656, 0xd656, 0xd656, 0xd656, 0xd656, 0xd656, 0xd656, 0xd656,
  0xd656, 0xd656, 0xd656, 0xd656, 0xd656, 0xd677, 0xe6d8, 0x7bee, 0x18a2, 0xb553, 0xde97, 0xd656, 0xd656, 0xd656, 0xd656, 0xd656, 0xd656, 0xd656, 0xd656, 0xd656,
  0xde77, 0x39e7, 0x31a6, 0xef19, 0xde97, 0xd636, 0x41e7, 0x10a3, 0x2965, 0x2124, 0x2124, 0x2945, 0x2965, 0x2124, 0x2104, 0x0021, 0x630b, 0xe6d8, 0xd677, 0xce36,
  0xc5f5, 0xc5f5, 0xc5d4, 0xc5f4, 0xc5f5, 0xc5f5, 0xc5f5, 0xc5f5, 0xc5f5, 0xc5f5, 0xc5f5, 0xc5f4, 0xc5f5, 0xce15, 0xcdf5, 0xc5f5, 0xc5f5, 0xc5f5, 0xc5f5, 0xc5f5,
  0xc5f5, 0xc5f5, 0xcdf5, 0xcdf5, 0xc5f4, 0xc5d4, 0xc5f5, 0xcdf5, 0xcdf5, 0xc5f5, 0xce15, 0xcdf5, 0xce15, 0xcdf5, 0xc5f4, 0xc5f5, 0xc5f4, 0xc5f4, 0xc5f4, 0xc5f5,
  0xcdf5, 0xce15, 0xce15, 0xcdf5, 0xcdf5, 0xcdf5, 0xce15, 0xce15, 0xce15, 0xce15, 0xc5f5, 0xc5f5, 0xc5d4, 0xcdf5, 0xce15, 0xce15, 0xcdf5, 0xcdf5, 0xc5f5, 0xce15,
  0xc5f4, 0xc5f4, 0xc5f5, 0xc5f5, 0xc5f5, 0xc5f5, 0xc5f5, 0xc5f4, 0xc5f4, 0xc5f4, 0xc5d4, 0xc5d4, 0xc5d4, 0xc5d4, 0xc5d4, 0xc5d4, 0xc5d4, 0xc5d4, 0xc5d4, 0xc5d4,
  0xc5d4, 0xc5d4, 0xc5d4, 0xc5d4, 0xc5d4, 0xc5d5, 0xc5d5, 0xc5d4, 0xc5d4, 0xc5f5, 0xc5f5, 0xc5f5, 0xc5d4, 0xce15, 0xd656, 0x9c90, 0x6b4c, 0x0820, 0x2965, 0x946f,
  0x8c0e, 0x840e, 0xce35, 0xde76, 0xd656, 0xd656, 0xd656, 0xd656, 0xd676, 0x5268, 0x4a48, 0xce36, 0xf75a, 0xdeb8, 0xd656, 0xd656, 0xd656, 0xd656, 0xd656, 0xd656,
  0xd656, 0xd656, 0xd656, 0xd656, 0xd656, 0xd656, 0xd656, 0xd656, 0xd656, 0xd656, 0xd656, 0xd656, 0xd656, 0xd656, 0xd656, 0xd656, 0xd656, 0xd656, 0xd656, 0xd656,
  0xd656, 0xd656, 0xd656, 0xd657, 0xd657, 0xd656, 0xd657, 0xd657, 0xd656, 0xd656, 0xd656, 0xd657, 0xd657, 0xd657, 0xd657, 0xd656, 0xd656, 0xd656, 0xd656, 0xd656,
  0xd656, 0xd656, 0xd656, 0xd656, 0xd656, 0xd656, 0xce16, 0xe6f8, 0xbdb4, 0x3165, 0x6b4b, 0xe6f9, 0xd656, 0xd677, 0xd676, 0xd677, 0xd656, 0xd656, 0xd656, 0xd676,
  0xd656, 0xd656, 0xd656, 0xd656, 0xd656, 0xd656, 0xde77, 0xce15, 0x1082, 0x9491, 0xffbc, 0xde98, 0xd657, 0xd656, 0xd656, 0xd656, 0xd656, 0xd656, 0xd656, 0xd656,
  0xd656, 0xd656, 0xd656, 0xd656, 0xd656, 0xd656, 0xd656, 0xd656, 0xd656, 0xd656, 0xd656, 0xd636, 0xd636, 0xd656, 0xd656, 0xd656, 0xd656, 0xd656, 0xd656, 0xd656,
  0xd656, 0xd656, 0xd656, 0xd656, 0xd656, 0xd656, 0xd656, 0xd656, 0xd656, 0xd656, 0xd656, 0xd656, 0xd656, 0xd656, 0xd656, 0xd656, 0xd656, 0xd656, 0xd656, 0xd656,
  0xd656, 0xd656, 0xd656, 0xd656, 0xd656, 0xd636, 0xce56, 0xbd94, 0x4a48, 0x2103, 0xa4f1, 0xde97, 0xd656, 0xd656, 0xd656, 0xd656, 0xd656, 0xd656, 0xd656, 0xd656,
  0xde77, 0x39e7, 0x31a6, 0xe6f9, 0xde97, 0xce36, 0x5ac9, 0x3185, 0x41e7, 0x39e6, 0x39e6, 0x41e7, 0x41e7, 0x39c6, 0x39a5, 0x2944, 0x7bad, 0xe6b8, 0xde97, 0xad33,
  0x83cd, 0x83ed, 0x83cd, 0x83ee, 0x83ee, 0x83ee, 0x8c0e, 0x8c0e, 0x8c0e, 0x8c0e, 0x8c0e, 0x83ee, 0x8c0e, 0x8c2e, 0x8c2e, 0x8c0e, 0x8c2e, 0x8c2e, 0x8c2e, 0x8c2e,
  0x8c2e, 0x8c0e, 0x8c0e, 0x8c0e, 0x8c0e, 0x8c0e, 0x8c0e, 0x8c2e, 0x8c2e, 0x8c2e, 0x8c2e, 0x8c0e, 0x8c0e, 0x8c0e, 0x8c0e, 0x8c0e, 0x8c2f, 0x8c2f, 0x8c2f, 0x944e,
  0x946f, 0x946f, 0x944f, 0x944f, 0x944f, 0x944f, 0x944f, 0x944f, 0x944f, 0x944f, 0x8c2e, 0x8c2e, 0x8c2e, 0x8c2e, 0x8c2e, 0x8c2e, 0x8c2e, 0x8c2e, 0x8c2e, 0x8c2e,
  0x8c0e, 0x8c0e, 0x8c2e, 0x8c0e, 0x8c0e, 0x8c0e, 0x83ed, 0x83ed, 0x83ed, 0x83ed, 0x83ed, 0x83ed, 0x840e, 0x83ee, 0x83ee, 0x83ee, 0x83ee, 0x8c0e, 0x8c0e, 0x8c0e,
  0x8c0e, 0x8c0e, 0x8c0e, 0x83ee, 0x83ee, 0x8c0e, 0x8c0e, 0x8bee, 0x83ed, 0x83ed, 0x83ed, 0x83ed, 0x7bac, 0xad32, 0xde77, 0x9cb0, 0x738c, 0x0020, 0x4207, 0x9490,
  0x840e, 0x840e, 0xc5d4, 0xde76, 0xd656, 0xd656, 0xd656, 0xd656, 0xde77, 0x2945, 0x6b4c, 0xff9b, 0xdeb8, 0xd677, 0xd656, 0xd656, 0xd656, 0xd656, 0xd656, 0xd656,
  0xd656, 0xd656, 0xd656, 0xd656, 0xd656, 0xd656, 0xd656, 0xd656, 0xd656, 0xd656, 0xd656, 0xd656, 0xd656, 0xd656, 0xd656, 0xd656, 0xd656, 0xd656, 0xd656, 0xd656,
  0xd656, 0xd656, 0xd656, 0xd656, 0xd656, 0xd656, 0xd656, 0xd656, 0xd656, 0xd656, 0xd656, 0xd656, 0xd656, 0xd656, 0xd656, 0xd656, 0xd656, 0xd656, 0xd656, 0xd656,
  0xd656, 0xd656, 0xd656, 0xd656, 0xd636, 0xd636, 0xce15, 0xcdf5, 0xd656, 0x7bce, 0x18c3, 0x736c, 0xde97, 0xd656, 0xd676, 0xd677, 0xd656, 0xd656, 0xd656, 0xd656,
  0xd656, 0xd656, 0xd656, 0xd656, 0xd656, 0xd656, 0xde77, 0xce15, 0x2104, 0x9470, 0xf75b, 0xce36, 0xce36, 0xd677, 0xd656, 0xd656, 0xd656, 0xd656, 0xd656, 0xd656,
  0xd656, 0xd656, 0xd656, 0xd656, 0xd656, 0xd656, 0xd656, 0xd656, 0xd656, 0xd656, 0xd656, 0xd656, 0xd656, 0xd656, 0xd656, 0xd656, 0xd656, 0xd656, 0xd656, 0xd656,
  0xd656, 0xd656, 0xd656, 0xd656, 0xd656, 0xd656, 0xd656, 0xd656, 0xd656, 0xd656, 0xd656, 0xd656, 0xd656, 0xd656, 0xd656, 0xd656, 0xd656, 0xd656, 0xd656, 0xd656,
  0xd656, 0xd656, 0xd656, 0xd656, 0xd636, 0xd636, 0xb553, 0x83cd, 0x840f, 0x0020, 0x7bae, 0xe6f9, 0xd636, 0xd656, 0xd656, 0xd656, 0xd656, 0xd656, 0xd656, 0xd656,
  0xde77, 0x39e7, 0x3186, 0xe6f9, 0xdeb8, 0xd636, 0xd656, 0xde77, 0xdeb8, 0xdeb8, 0xde97, 0xd677, 0xd677, 0xde77, 0xde97, 0xde97, 0xd677, 0xd636, 0xd656, 0xd656,
  0xd656, 0xd656, 0xd656, 0xd656, 0xd656, 0xd656, 0xd656, 0xd656, 0xd656, 0xd656, 0xd656, 0xd656, 0xd656, 0xd656, 0xd656, 0xd656, 0xd656, 0xd656, 0xd656, 0xd656,
  0xd656, 0xd656, 0xd656, 0xd656, 0xd656, 0xd656, 0xd636, 0xd636, 0xd636, 0xd636, 0xd636, 0xd656, 0xd656, 0xd636, 0xd636, 0xd636, 0xd636, 0xd636, 0xd636, 0xd636,
  0xd656, 0xd656, 0xd656, 0xd656, 0xd656, 0xd656, 0xd656, 0xd656, 0xd656, 0xd656, 0xd656, 0xd656, 0xd656, 0xd656, 0xd656, 0xd636, 0xd656, 0xd656, 0xd656, 0xd656,
  0xd656, 0xd656, 0xd636, 0xd636, 0xd656, 0xd636, 0xd636, 0xd636, 0xd636, 0xd636, 0xd636, 0xd636, 0xd656, 0xd656, 0xd656, 0xd636, 0xd636, 0xd656, 0xd656, 0xd656,
  0xd656, 0xd656, 0xd656, 0xce36, 0xce36, 0xd636, 0xd636, 0xd656, 0xd656, 0xce56, 0xce36, 0xce36, 0xce36, 0xd636, 0xde77, 0xa4d1, 0x736c, 0x0020, 0x2965, 0x8c4f,
  0x8c0e, 0x8c2f, 0xce36, 0xd656, 0xd656, 0xd656, 0xd656, 0xd656, 0xde77, 0x3186, 0x6b2c, 0xf75a, 0xd657, 0xce36, 0xd657, 0xd656, 0xd656, 0xd656, 0xd656, 0xd656,
  0xd656, 0xd656, 0xd656, 0xd656, 0xd656, 0xd656, 0xd656, 0xd656, 0xd656, 0xd656, 0xd656, 0xd656, 0xd656, 0xd656, 0xd656, 0xd656, 0xd656, 0xd656, 0xd656, 0xd656,
  0xd656, 0xd656, 0xd656, 0xd656, 0xd656, 0xd656, 0xd656, 0xd656, 0xd656, 0xd656, 0xd656, 0xd656, 0xd656, 0xd656, 0xd656, 0xd656, 0xd656, 0xd656, 0xd656, 0xd656,
  0xd656, 0xd656, 0xd656, 0xd656, 0xd636, 0xd636, 0xd636, 0xc5f5, 0x9c90, 0x9cd1, 0x18c2, 0x2944, 0xe6d8, 0xd656, 0xd677, 0xd656, 0xd656, 0xd656, 0xd656, 0xd656,
  0xd656, 0xd656, 0xd656, 0xd656, 0xd656, 0xd656, 0xde77, 0xce15, 0x18e3, 0x9470, 0xff7b, 0xce16, 0xce16, 0xd656, 0xd656, 0xd656, 0xd656, 0xd656, 0xd656, 0xd656,
  0xd656, 0xd656, 0xd656, 0xd656, 0xd656, 0xd656, 0xd656, 0xd656, 0xd656, 0xd656, 0xd656, 0xd656, 0xd656, 0xd656, 0xd656, 0xd656, 0xd656, 0xd677, 0xde77, 0xd656,
  0xd636, 0xd636, 0xd657, 0xd657, 0xd677, 0xd657, 0xd657, 0xd677, 0xd657, 0xd656, 0xd656, 0xd656, 0xd656, 0xd656, 0xd656, 0xd656, 0xd656, 0xd656, 0xd656, 0xd656,
  0xd656, 0xd656, 0xd656, 0xd636, 0xd636, 0xce15, 0xb552, 0x840e, 0x6b2b, 0x0862, 0x4207, 0xce36, 0xde97, 0xd656, 0xd656, 0xd656, 0xd656, 0xd656, 0xd656, 0xd656,
  0xde77, 0x39e7, 0x31a6, 0xe6f9, 0xdeb8, 0xd656, 0xde77, 0xde76, 0xde97, 0xde97, 0xde97, 0xde97, 0xde77, 0xde77, 0xde97, 0xde97, 0xde97, 0xde97, 0xde96, 0xde97,
  0xde97, 0xde97, 0xde97, 0xde97, 0xde97, 0xde97, 0xde97, 0xde97, 0xde97, 0xde97, 0xde97, 0xde97, 0xde97, 0xde97, 0xde97, 0xde97, 0xde97, 0xde97, 0xde97, 0xde97,
  0xde97, 0xde97, 0xde97, 0xde97, 0xde97, 0xde97, 0xde97, 0xde97, 0xde97, 0xde97, 0xde97, 0xde97, 0xde97, 0xde97, 0xde97, 0xde97, 0xde97, 0xde97, 0xde97, 0xde97,
  0xde97, 0xde97, 0xde97, 0xde97, 0xde97, 0xde97, 0xde97, 0xde97, 0xde97, 0xde97, 0xde97, 0xde97, 0xde97, 0xde97, 0xde97, 0xde97, 0xde97, 0xde97, 0xde97, 0xde97,
  0xde97, 0xde97, 0xde97, 0xde97, 0xde97, 0xde97, 0xde97, 0xde97, 0xde97, 0xde97, 0xde97, 0xde97, 0xde97, 0xde97, 0xdeb7, 0xde97, 0xde97, 0xde97, 0xde97, 0xde97,
  0xde97, 0xde97, 0xde97, 0xde97, 0xde97, 0xde97, 0xde97, 0xde97, 0xde97, 0xde97, 0xde97, 0xde97, 0xde97, 0xd656, 0xde77, 0xa4d1, 0x6b4c, 0x0000, 0x2124, 0x736c,
  0x9470, 0x8c4f, 0xc5f5, 0xde76, 0xd656, 0xd656, 0xd656, 0xd656, 0xde77, 0x3166, 0x6b4c, 0xff9b, 0xd656, 0xce16, 0xd657, 0xd656, 0xd656, 0xd657, 0xd656, 0xd656,
  0xd656, 0xd656, 0xd656, 0xd656, 0xd656, 0xd656, 0xd656, 0xde97, 0xde97, 0xde97, 0xe6b8, 0xe6b8, 0xde77, 0xd656, 0xd656, 0xd656, 0xd656, 0xd656, 0xd656, 0xd656,
  0xde98, 0xe6b8, 0xde77, 0xd656, 0xd676, 0xde97, 0xde76, 0xd656, 0xde97, 0xdeb7, 0xe6b8, 0xe6d8, 0xdeb8, 0xd656, 0xd656, 0xd656, 0xd656, 0xd656, 0xd656, 0xd656,
  0xd656, 0xd656, 0xd656, 0xd636, 0xd636, 0xce15, 0xd657, 0xb553, 0x8c0e, 0x9cb0, 0x18e3, 0x10a2, 0xad32, 0xde98, 0xd656, 0xd656, 0xd656, 0xd656, 0xd656, 0xd656,
  0xd656, 0xd656, 0xd656, 0xd656, 0xd656, 0xd656, 0xde77, 0xce15, 0x18c3, 0x9470, 0xff7b, 0xce16, 0xce36, 0xd656, 0xd656, 0xd656, 0xd656, 0xd656, 0xd656, 0xd656,
  0xd656, 0xd656, 0xd656, 0xd677, 0xc5f5, 0x39e6, 0x5268, 0xd656, 0xd656, 0xd656, 0xd656, 0xd656, 0xd656, 0xd656, 0xd636, 0xde97, 0x9c90, 0x2945, 0x8c4f, 0xe6b8,
  0xd656, 0x4207, 0x2924, 0xce15, 0x7bad, 0x2965, 0x3185, 0x2944, 0x2103, 0x630a, 0xde97, 0xd636, 0xd656, 0xd656, 0xd656, 0xd656, 0xd656, 0xd656, 0xd656, 0xd656,
  0xd636, 0xce36, 0xd636, 0xd636, 0xce16, 0xd656, 0xad12, 0x840e, 0x7b8d, 0x0841, 0x5289, 0x944f, 0xce36, 0xde97, 0xd656, 0xd656, 0xd656, 0xd656, 0xd656, 0xd656,
  0xde77, 0x39e7, 0x31a6, 0xef1a, 0xde97, 0xce15, 0x946f, 0x7bcd, 0x7bcd, 0x7bad, 0x7bad, 0x7bad, 0x7bad, 0x7bad, 0x7bad, 0x7bad, 0x7bad, 0x7bcd, 0x7bcd, 0x83cd,
  0x7bed, 0x7bed, 0x83ee, 0x83ee, 0x83ee, 0x83ee, 0x83ce, 0x83ee, 0x83ee, 0x83ee, 0x83ee, 0x83ee, 0x83ee, 0x83ee, 0x83ee, 0x83ee, 0x83ee, 0x83ee, 0x83ee, 0x83ee,
  0x83ee, 0x83ed, 0x83ee, 0x83ee, 0x83ee, 0x83ee, 0x83ed, 0x7bed, 0x7bcd, 0x83cd, 0x83cd, 0x83ed, 0x83ee, 0x83ee, 0x83ee, 0x7bcd, 0x7bcd, 0x7bcd, 0x7bcd, 0x7bcd,
  0x7bcd, 0x7bcd, 0x7bcd, 0x83ed, 0x7bcd, 0x7bcd, 0x7bcd, 0x7bcd, 0x7bcd, 0x7bcd, 0x7bcd, 0x7bcd, 0x7bcd, 0x7bcd, 0x7bcd, 0x83cd, 0x83cd, 0x7bcd, 0x7bcd, 0x7bcd,
  0x7bcd, 0x7bcd, 0x7bcd, 0x7bcd, 0x7bcd, 0x7bcd, 0x7bcd, 0x7bcd, 0x7bcd, 0x83ed, 0x83ee, 0x83ee, 0x83ee, 0x83ee, 0x83ee, 0x83ee, 0x83ee, 0x83ee, 0x83ee, 0x83cd,
  0x83cd, 0x83cd, 0x83cd, 0x83cd, 0x83cd, 0x83cd, 0x83cd, 0x83cd, 0x7bcd, 0x7bcd, 0x7bed, 0x7bed, 0x738c, 0xb532, 0xde97, 0x9cb0, 0x738c, 0x0000, 0x39c6, 0x9cb0,
  0x7b8d, 0x8c4f, 0xd656, 0xd656, 0xd656, 0xd656, 0xd656, 0xde77, 0xde77, 0x3186, 0x6b4c, 0xff9b, 0xd656, 0xce16, 0xd656, 0xd656, 0xd656, 0xd656, 0xd656, 0xd656,
  0xd656, 0xd656, 0xd656, 0xd656, 0xd656, 0xd656, 0xde97, 0x7bcd, 0x4227, 0x4a27, 0x4a27, 0x4a28, 0x83cd, 0xe6b8, 0xd636, 0xd656, 0xd656, 0xd656, 0xd656, 0xd636,
  0x630b, 0x5aca, 0xcdf5, 0xe6d8, 0xad12, 0x39c6, 0x83ed, 0xc5f5, 0x4a48, 0x5268, 0x4a48, 0x4a48, 0x4a27, 0xbd73, 0xde97, 0xd636, 0xd656, 0xd656, 0xd656, 0xd656,
  0xd656, 0xd656, 0xd656, 0xd636, 0xd636, 0xce36, 0xd636, 0xc5f5, 0x9470, 0x944f, 0x18c3, 0x18e3, 0x8c2f, 0xce15, 0xde97, 0xd656, 0xd656, 0xd656, 0xd656, 0xd656,
  0xd656, 0xd656, 0xd656, 0xd656, 0xd656, 0xd656, 0xde77, 0xce15, 0x18c3, 0x8c50, 0xff7b, 0xce16, 0xce36, 0xd656, 0xd656, 0xd656, 0xd656, 0xd656, 0xd656, 0xd656,
  0xd656, 0xd656, 0xd656, 0xde77, 0xc5d5, 0x18c3, 0x3185, 0xd656, 0xd656, 0xd656, 0xd656, 0xd656, 0xd656, 0xd656, 0xd636, 0xe6b8, 0x8c2f, 0x0000, 0x734c, 0xe6d8,
  0x7bad, 0x20e4, 0x630b, 0xd656, 0x5aca, 0x0000, 0x4a28, 0x73ad, 0x4228, 0x0861, 0x630b, 0xde77, 0xd636, 0xd656, 0xd656, 0xd656, 0xd656, 0xd656, 0xd656, 0xd656,
  0xd636, 0xce15, 0xce16, 0xce36, 0xce16, 0xce36, 0xad32, 0x7bad, 0x7bcd, 0x0841, 0x5aca, 0x9470, 0x8c2e, 0xd656, 0xd676, 0xd656, 0xd656, 0xd656, 0xd656, 0xd656,
  0xde77, 0x39c7, 0x39a6, 0xef1a, 0xde77, 0xa512, 0x630a, 0x52a9, 0x52a9, 0x52a9, 0x52a9, 0x52a9, 0x52a9, 0x52a9, 0x5289, 0x5289, 0x5289, 0x5aa9, 0x5aaa, 0x5aca,
  0x5aca, 0x5aca, 0x5aca, 0x5aca, 0x5aa9, 0x5aa9, 0x5aa9, 0x5aca, 0x5aca, 0x5aca, 0x5aca, 0x5aca, 0x5aca, 0x5aca, 0x5aca, 0x5aca, 0x5aca, 0x5aca, 0x5aaa, 0x5aca,
  0x5aca, 0x5aa9, 0x52a9, 0x5aa9, 0x5aca, 0x5aca, 0x5aca, 0x5aa9, 0x5aa9, 0x5aa9, 0x5aa9, 0x5aa9, 0x5aa9, 0x5aa9, 0x5aa9, 0x5aa9, 0x5aa9, 0x52a9, 0x52a9, 0x52a9,
  0x52a9, 0x52a9, 0x5aa9, 0x5aa9, 0x5aa9, 0x52a9, 0x52a9, 0x52a9, 0x52a9, 0x52a9, 0x52a9, 0x5aa9, 0x52a9, 0x52a9, 0x52a9, 0x5aa9, 0x5aa9, 0x52a9, 0x52a9, 0x52a9,
  0x52a9, 0x52a9, 0x52a9, 0x52a9, 0x52a9, 0x52a9, 0x52a9, 0x5aca, 0x5aca, 0x5aca, 0x5aca, 0x5aca, 0x5aca, 0x5aca, 0x5aca, 0x5aca, 0x5aca, 0x5aaa, 0x5aa9, 0x5aaa,
  0x5aaa, 0x5aaa, 0x5aaa, 0x5aaa, 0x5aaa, 0x5aa9, 0x5aa9, 0x5aa9, 0x52a9, 0x52a9, 0x52a9, 0x52a9, 0x4a48, 0xa4d1, 0xdeb8, 0x9c90, 0x738c, 0x0841, 0x2124, 0x8c2e,
  0x8c0e, 0x83ce, 0xce35, 0xde76, 0xd656, 0xd656, 0xd656, 0xd677, 0xde77, 0x3186, 0x6b2b, 0xff7b, 0xd656, 0xce16, 0xd656, 0xd636, 0xd636, 0xd636, 0xd656, 0xd656,
  0xd656, 0xd656, 0xd656, 0xd656, 0xd656, 0xd656, 0xdeb7, 0x5269, 0x0001, 0x39a6, 0x5aca, 0x4228, 0x2104, 0x630b, 0xd656, 0xd656, 0xd656, 0xd656, 0xd656, 0xce36,
  0x3145, 0x18c3, 0xc5d5, 0xd677, 0x5aca, 0x2104, 0x944f, 0xbdb4, 0x0861, 0x10a2, 0x5268, 0x5aa9, 0x18e3, 0x2964, 0xad32, 0xde97, 0xd656, 0xd656, 0xd656, 0xd656,
  0xd636, 0xd636, 0xd636, 0xd636, 0xce15, 0xce36, 0xd656, 0xb552, 0x7b8c, 0x9cd1, 0x18c3, 0x2965, 0x9470, 0x944f, 0xd656, 0xd677, 0xd656, 0xd656, 0xd656, 0xd656,
  0xd656, 0xd656, 0xd656, 0xd656, 0xd656, 0xd656, 0xde77, 0xce15, 0x18c3, 0x8c4f, 0xff7b, 0xce15, 0xce16, 0xd656, 0xd656, 0xd656, 0xd656, 0xd656, 0xd656, 0xd656,
  0xd656, 0xd656, 0xd656, 0xde77, 0xc5d4, 0x2104, 0x39a6, 0xd656, 0xd656, 0xd656, 0xd656, 0xd656, 0xd656, 0xd656, 0xd636, 0xe6b8, 0x8c2f, 0x0000, 0x83cd, 0xa4d1,
  0x0020, 0x4a48, 0xdeb8, 0xdeb7, 0x62ea, 0x0000, 0x942f, 0xffbb, 0xa4d1, 0x0000, 0x4a48, 0xdeb7, 0xd636, 0xd656, 0xd656, 0xd656, 0xd656, 0xd656, 0xd656, 0xd636,
  0xd636, 0xd636, 0xce15, 0xce16, 0xce16, 0xcdf5, 0xad32, 0x9470, 0x7bad, 0x0841, 0x4227, 0xa512, 0x7bcd, 0xc5d4, 0xde77, 0xd656, 0xd656, 0xd656, 0xd656, 0xd656,
  0xde77, 0x39c6, 0x3185, 0xef3a, 0xce16, 0x8c2e, 0xc5f5, 0xe6d8, 0xdeb8, 0xdeb8, 0xdeb8, 0xdeb8, 0xdeb8, 0xdeb8, 0xdeb8, 0xdeb8, 0xdeb8, 0xdeb8, 0xdeb8, 0xdeb8,
  0xdeb8, 0xdeb8, 0xdeb8, 0xdeb8, 0xdeb8, 0xdeb8, 0xdeb8, 0xdeb7, 0xdeb7, 0xdeb7, 0xdeb7, 0xdeb7, 0xdeb8, 0xdeb8, 0xdeb8, 0xdeb8, 0xdeb8, 0xdeb8, 0xdeb8, 0xdeb8,
  0xdeb8, 0xdeb8, 0xde98, 0xde98, 0xde98, 0xde98, 0xde98, 0xdeb8, 0xdeb8, 0xdeb8, 0xdeb7, 0xdeb7, 0xdeb8, 0xdeb8, 0xdeb7, 0xdeb7, 0xdeb7, 0xdeb7, 0xdeb8, 0xdeb8,
  0xdeb8, 0xdeb8, 0xdeb8, 0xdeb8, 0xdeb8, 0xdeb8, 0xdeb8, 0xdeb8, 0xdeb8, 0xdeb8, 0xdeb8, 0xdeb8, 0xdeb8, 0xdeb8, 0xdeb8, 0xdeb8, 0xdeb8, 0xdeb8, 0xdeb8, 0xdeb8,
  0xdeb8, 0xdeb8, 0xdeb8, 0xdeb8, 0xdeb8, 0xdeb8, 0xdeb7, 0xdeb8, 0xdeb8, 0xdeb8, 0xdeb8, 0xdeb8, 0xdeb8, 0xdeb8, 0xdeb8, 0xdeb8, 0xdeb8, 0xdeb8, 0xdeb8, 0xdeb8,
  0xdeb8, 0xe6b8, 0xdeb8, 0xdeb8, 0xdeb8, 0xdeb8, 0xdeb8, 0xdeb8, 0xdeb8, 0xdeb8, 0xdeb8, 0xdeb8, 0xe6d8, 0xce35, 0xd676, 0xa4f1, 0x734c, 0x0000, 0x31a6, 0x840e,
  0x9490, 0x83ed, 0xc5d4, 0xde77, 0xd656, 0xd656, 0xd656, 0xd676, 0xde97, 0x3186, 0x630b, 0xf77b, 0xce36, 0xce16, 0xd656, 0xd636, 0xd636, 0xd636, 0xd636, 0xd656,
  0xd656, 0xd656, 0xd656, 0xd656, 0xd656, 0xd656, 0xdeb7, 0x5aaa, 0x0841, 0x9cb0, 0xf75a, 0xb553, 0x0882, 0x3165, 0xd656, 0xd656, 0xd656, 0xd656, 0xd656, 0xce35,
  0x31a6, 0x2124, 0xcdf5, 0x6b2b, 0x1082, 0x9cb1, 0xef19, 0xbd73, 0x18e3, 0x2964, 0xde56, 0xef18, 0x52a9, 0x0020, 0x9cb1, 0xe6b8, 0xd636, 0xd656, 0xd656, 0xd656,
  0xd656, 0xd636, 0xd636, 0xd636, 0xce36, 0xce15, 0xce15, 0xbdb4, 0x8c2f, 0x944f, 0x18e3, 0x10a2, 0x8bee, 0x8c0f, 0xb573, 0xde97, 0xd656, 0xd656, 0xd656, 0xd656,
  0xd656, 0xd656, 0xd656, 0xd656, 0xd656, 0xd656, 0xde77, 0xce15, 0x18c3, 0x8c4f, 0xf77b, 0xce15, 0xce16, 0xd656, 0xd656, 0xd656, 0xd656, 0xd656, 0xd656, 0xd656,
  0xd656, 0xd656, 0xd656, 0xde77, 0xc5d4, 0x18e3, 0x31a6, 0xd656, 0xd656, 0xd656, 0xd656, 0xd656, 0xd656, 0xd656, 0xd636, 0xe6b8, 0x840e, 0x0041, 0x4207, 0x2945,
  0x39e6, 0xc615, 0xce15, 0xde98, 0x630b, 0x0000, 0x736c, 0xce15, 0x7bcd, 0x0841, 0x630a, 0xde97, 0xd636, 0xd656, 0xd656, 0xd656, 0xd656, 0xd656, 0xd656, 0xd636,
  0xd636, 0xd636, 0xce16, 0xce15, 0xcdf5, 0xce16, 0xad12, 0x840e, 0x7bad, 0x0000, 0x5aaa, 0x9450, 0x7bad, 0xce15, 0xde76, 0xd656, 0xd656, 0xd656, 0xd656, 0xd656,
  0xde77, 0x39c6, 0x3165, 0xef1a, 0xce15, 0x8c2e, 0xce36, 0xef39, 0xe6f8, 0xeef9, 0xeef9, 0xeef9, 0xeef9, 0xeef9, 0xeef9, 0xeef9, 0xeef9, 0xeef9, 0xeef9, 0xeef9,
  0xeef9, 0xeef9, 0xeef9, 0xeef9, 0xeef9, 0xeef9, 0xeef9, 0xeef9, 0xeef9, 0xe6f8, 0xe6f8, 0xe6f9, 0xeef9, 0xe6f9, 0xeef9, 0xeef9, 0xeef9, 0xeef9, 0xeef9, 0xeef9,
  0xeef9, 0xe6f9, 0xe6f9, 0xe6f9, 0xe6d8, 0xe6d8, 0xe6f9, 0xe6f9, 0xe6f9, 0xe6f8, 0xe6f9, 0xe6f9, 0xe6f8, 0xe6f8, 0xe6f9, 0xe6f9, 0xe6f8, 0xe6f9, 0xe6f9, 0xeef9,
  0xeef9, 0xeef9, 0xeef9, 0xeef9, 0xeef9, 0xeef9, 0xeef9, 0xe6f9, 0xe6f9, 0xe6f9, 0xe6f9, 0xe6f9, 0xe6f9, 0xeef9, 0xe6f9, 0xe6f9, 0xe6f9, 0xe6f9, 0xe6f9, 0xe6f9,
  0xeef9, 0xeef9, 0xe6f9, 0xe6f9, 0xe6f9, 0xe6f9, 0xe6f8, 0xeef9, 0xeef9, 0xeef9, 0xeef9, 0xeef9, 0xeef9, 0xeef9, 0xe6f9, 0xe6f9, 0xe6f9, 0xe6f9, 0xe6f9, 0xeef9,
  0xeef9, 0xeef9, 0xeef9, 0xe6f9, 0xe6f9, 0xe6f9, 0xe6f9, 0xeef9, 0xeef9, 0xeef9, 0xeef9, 0xe6f9, 0xef19, 0xce36, 0xd657, 0xa4f1, 0x6b4c, 0x0000, 0x18c2, 0x8c2f,
  0x8c0e, 0x9470, 0xce56, 0xd656, 0xd656, 0xd676, 0xd677, 0xd677, 0xde77, 0x3186, 0x632b, 0xff7b, 0xd636, 0xce16, 0xd656, 0xd636, 0xd636, 0xd636, 0xd636, 0xd656,
  0xd656, 0xd656, 0xd656, 0xd656, 0xd656, 0xd656, 0xe6b8, 0x5aca, 0x0841, 0x9cb0, 0xef19, 0xa4d1, 0x0841, 0x3185, 0xd657, 0xd656, 0xd656, 0xd656, 0xd656, 0xce36,
  0x3185, 0x18e3, 0x5aa9, 0x1082, 0x736c, 0xde77, 0xd657, 0xbd94, 0x1904, 0x2985, 0xc5d5, 0xd656, 0x4a48, 0x0861, 0xa4d1, 0xde97, 0xd636, 0xd656, 0xd656, 0xd656,
  0xd656, 0xd636, 0xd636, 0xce36, 0xce36, 0xcdf5, 0xd636, 0xb552, 0x83cd, 0xa512, 0x18c3, 0x2124, 0x8c0e, 0x83ed, 0xd656, 0xde77, 0xd656, 0xd656, 0xd656, 0xd656,
  0xd656, 0xd656, 0xd656, 0xd656, 0xd656, 0xd656, 0xde77, 0xce15, 0x18c3, 0x8c4f, 0xff7b, 0xce15, 0xce15, 0xd656, 0xd656, 0xd656, 0xd656, 0xd656, 0xd656, 0xd656,
  0xd656, 0xd656, 0xd656, 0xde77, 0xc5d5, 0x18e3, 0x31a6, 0xd656, 0xd656, 0xd656, 0xd656, 0xd656, 0xd656, 0xd656, 0xd636, 0xe6b8, 0x83ed, 0x0861, 0x1062, 0x18a2,
  0xc5d5, 0xd656, 0xce15, 0xe6d8, 0x632b, 0x1082, 0x10a2, 0x0841, 0x0021, 0x4a48, 0xd697, 0xd635, 0xd656, 0xd656, 0xd656, 0xd656, 0xd656, 0xd656, 0xd656, 0xd636,
  0xce16, 0xce16, 0xce16, 0xce15, 0xcdf5, 0xd636, 0xad53, 0x840e, 0x7bad, 0x0020, 0x5268, 0x8c2f, 0x736c, 0xce15, 0xde77, 0xd656, 0xd656, 0xd656, 0xd656, 0xd656,
  0xde77, 0x39c6, 0x3185, 0xef1a, 0xce15, 0x8c2e, 0xce36, 0xef19, 0xe6d8, 0xe6d8, 0xe6d8, 0xe6d8, 0xe6d8, 0xe6d8, 0xe6d8, 0xe6d8, 0xe6d8, 0xe6d8, 0xe6d8, 0xe6d8,
  0xe6d8, 0xe6d8, 0xe6d8, 0xe6d8, 0xe6d8, 0xe6d8, 0xe6d8, 0xe6d8, 0xe6d8, 0xe6d8, 0xe6d8, 0xe6d8, 0xe6d8, 0xe6d8, 0xe6d8, 0xe6d8, 0xe6d8, 0xe6d8, 0xe6d8, 0xe6d8,
  0xe6d8, 0xe6d8, 0xe6d8, 0xe6d8, 0xe6d8, 0xe6d8, 0xe6d8, 0xe6d8, 0xe6d8, 0xe6d8, 0xe6d8, 0xe6d8, 0xe6d8, 0xe6d8, 0xe6d8, 0xe6d8, 0xe6d8, 0xe6d8, 0xe6d8, 0xe6d8,
  0xe6d8, 0xe6d8, 0xe6d8, 0xe6d8, 0xe6d8, 0xe6d8, 0xe6d8, 0xe6d8, 0xe6d8, 0xe6d8, 0xe6d8, 0xe6d8, 0xe6d8, 0xe6d8, 0xe6d8, 0xe6d8, 0xe6d8, 0xe6d8, 0xe6d8, 0xe6d8,
  0xe6d8, 0xe6d8, 0xe6d8, 0xe6d8, 0xe6d8, 0xe6d8, 0xe6d8, 0xe6d8, 0xe6d8, 0xe6d8, 0xe6d8, 0xe6d8, 0xe6d8, 0xe6d8, 0xe6d8, 0xe6d8, 0xe6d8, 0xe6d8, 0xe6d8, 0xe6d8,
  0xe6d8, 0xe6d8, 0xe6d8, 0xe6d8, 0xe6d8, 0xe6d8, 0xe6d8, 0xe6d8, 0xe6d8, 0xe6d8, 0xe6d8, 0xe6d8, 0xe6f9, 0xce36, 0xd657, 0xa4f1, 0x736c, 0x0000, 0x2965, 0x7bcd,
  0x9470, 0x7bcd, 0xbdb3, 0xde77, 0xd656, 0xd676, 0xd677, 0xd677, 0xde77, 0x3165, 0x632b, 0xff7b, 0xd656, 0xce16, 0xd656, 0xd636, 0xce36, 0xd636, 0xd636, 0xd636,
  0xd656, 0xd656, 0xd656, 0xd656, 0xd656, 0xd656, 0xe6b8, 0x5aca, 0x10a2, 0x39c7, 0x4a28, 0x3185, 0x39c6, 0xad12, 0xd656, 0xd656, 0xd656, 0xd656, 0xd676, 0xce36,
  0x2965, 0x10a2, 0x0020, 0x5aa9, 0xde76, 0xcdf5, 0xd656, 0xb573, 0x2104, 0x2104, 0x2124, 0x2103, 0x0841, 0x842f, 0xd676, 0xd636, 0xd656, 0xd656, 0xd656, 0xd656,
  0xd656, 0xce36, 0xce36, 0xce15, 0xce15, 0xce15, 0xd636, 0xb553, 0x8c4f, 0x9cb1, 0x18e3, 0x18c2, 0x8c0e, 0x8c2f, 0xad32, 0xdeb7, 0xd656, 0xd677, 0xd677, 0xd656,
  0xd656, 0xd656, 0xd656, 0xd656, 0xd656, 0xd656, 0xde77, 0xce15, 0x18a2, 0x8c2f, 0xff7b, 0xcdf5, 0xce15, 0xd656, 0xd656, 0xd656, 0xd656, 0xd656, 0xd656, 0xd656,
  0xd656, 0xd656, 0xd656, 0xde77, 0xc5d5, 0x1903, 0x39a6, 0xd636, 0xd656, 0xd636, 0xd636, 0xd656, 0xd656, 0xd656, 0xd636, 0xe6b8, 0x83ee, 0x0021, 0x3165, 0x18a2,
  0x7bad, 0xde97, 0xd636, 0xe6d8, 0x6b2b, 0x0021, 0x62ea, 0xad12, 0x6b4c, 0x1082, 0x734c, 0xde77, 0xd636, 0xd656, 0xd656, 0xd656, 0xd656, 0xd636, 0xd636, 0xd636,
  0xce16, 0xce15, 0xcdf5, 0xcdf5, 0xc5f5, 0xce16, 0xb573, 0x8c2f, 0x736c, 0x0020, 0x39a6, 0x9450, 0x7bac, 0xc5f4, 0xde97, 0xd656, 0xd656, 0xd656, 0xd656, 0xd656,
  0xde77, 0x39c6, 0x3185, 0xef19, 0xce15, 0x8c4f, 0xce36, 0xef19, 0xe6d8, 0xe6d8, 0xe6d8, 0xe6d8, 0xe6d8, 0xe6d8, 0xe6d8, 0xe6d8, 0xe6d8, 0xe6d8, 0xe6d8, 0xe6d8,
  0xe6d8, 0xe6d8, 0xe6d8, 0xe6d8, 0xe6d8, 0xe6d8, 0xe6d8, 0xe6d8, 0xe6d8, 0xe6d8, 0xe6d8, 0xe6d8, 0xe6d8, 0xe6d8, 0xe6d8, 0xe6d8, 0xe6d8, 0xe6d8, 0xe6d8, 0xe6d8,
  0xe6b8, 0xe6b8, 0xe6d8, 0xe6d8, 0xe6d8, 0xe6d8, 0xe6d8, 0xe6d8, 0xe6d8, 0xe6b8, 0xe6b8, 0xe6b8, 0xe6b8, 0xe6d8, 0xe6d8, 0xe6d8, 0xe6b8, 0xe6b8, 0xe6d8, 0xe6d8,
  0xe6d8, 0xe6d8, 0xe6d8, 0xe6d8, 0xe6d8, 0xe6d8, 0xe6b8, 0xe6b8, 0xe6b8, 0xe6b8, 0xe6b8, 0xe6b8, 0xe6d8, 0xe6d8, 0xe6b8, 0xe6b8, 0xe6d8, 0xe6b8, 0xe6b8, 0xe6d8,
  0xe6d8, 0xe6d8, 0xe6d8, 0xe6d8, 0xe6d8, 0xe6d8, 0xe6d8, 0xe6d8, 0xe6d8, 0xe6d8, 0xe6d8, 0xe6d8, 0xe6d8, 0xe6d8, 0xe6d8, 0xe6d8, 0xe6d8, 0xe6d8, 0xe6d8, 0xe6d8,
  0xe6d8, 0xe6d8, 0xe6d8, 0xe6d8, 0xe6d8, 0xe6d8, 0xe6d8, 0xe6d8, 0xe6d8, 0xe6d8, 0xe6d8, 0xe6d8, 0xe6f9, 0xce36, 0xd677, 0xa4f1, 0x736c, 0x0020, 0x2124, 0x8c2f,
  0x83cd, 0x8c2f, 0xd656, 0xd677, 0xd657, 0xd656, 0xd656, 0xd656, 0xde77, 0x3165, 0x630b, 0xff7b, 0xd656, 0xce15, 0xd636, 0xce36, 0xce16, 0xce36, 0xd636, 0xd636,
  0xd656, 0xd656, 0xd656, 0xd656, 0xd656, 0xd636, 0xe6b8, 0x5aa9, 0x1082, 0x3186, 0x39c6, 0x0861, 0x4a48, 0xce16, 0xd656, 0xd656, 0xd656, 0xd656, 0xd676, 0xce36,
  0x2965, 0x18c3, 0x2944, 0x39a6, 0xbd93, 0xd656, 0xd656, 0xbd93, 0x2104, 0x2965, 0x8c2f, 0x9490, 0x31a6, 0x39c6, 0xb552, 0xde77, 0xd656, 0xd656, 0xd656, 0xd656,
  0xd656, 0xd636, 0xce15, 0xcdf5, 0xcdf5, 0xce15, 0xce15, 0xbdb4, 0x9470, 0x9490, 0x18c3, 0x20e4, 0x7bad, 0x7bcd, 0xce15, 0xde77, 0xd656, 0xd677, 0xd677, 0xd656,
  0xd656, 0xd656, 0xd656, 0xd656, 0xd656, 0xd656, 0xde77, 0xce15, 0x10a2, 0x8c2f, 0xff7b, 0xce15, 0xce16, 0xd656, 0xd656, 0xd656, 0xd656, 0xd656, 0xd656, 0xd656,
  0xd656, 0xd656, 0xd656, 0xde77, 0xc5f5, 0x2103, 0x39a6, 0xd677, 0xde77, 0xde77, 0xde76, 0xd656, 0xd656, 0xd656, 0xd636, 0xe6b8, 0x840e, 0x0000, 0x7bad, 0x7bcd,
  0x0000, 0x83ce, 0xde98, 0xe6b8, 0x62ea, 0x0000, 0x8c2f, 0xff9a, 0x9cd1, 0x0000, 0x4a48, 0xde97, 0xd636, 0xd656, 0xd656, 0xd656, 0xd656, 0xd656, 0xd636, 0xd636,
  0xce36, 0xce15, 0xcdf5, 0xcdf5, 0xcdf5, 0xcdf5, 0xb553, 0x840e, 0x734c, 0x0000, 0x4a48, 0x840e, 0x738c, 0xce36, 0xde77, 0xd656, 0xd656, 0xd656, 0xd656, 0xd656,
  0xde77, 0x39c6, 0x3165, 0xef19, 0xce15, 0x944f, 0xce36, 0xef19, 0xe6d8, 0xe6d8, 0xe6d8, 0xe6d8, 0xe6d8, 0xe6d8, 0xe6d8, 0xe6d8, 0xe6d8, 0xe6d8, 0xe6d8, 0xe6d8,
  0xe6d8, 0xe6d8, 0xe6d8, 0xe6d8, 0xe6d8, 0xe6d8, 0xe6d8, 0xe6d8, 0xe6d8, 0xe6d8, 0xe6d8, 0xe6d8, 0xe6d8, 0xe6d8, 0xe6d8, 0xe6d8, 0xe6d8, 0xe6d8, 0xe6d8, 0xeef9,
  0xf73a, 0xef19, 0xe6d8, 0xe6d8, 0xe6d8, 0xe6d8, 0xe6d8, 0xe6d8, 0xe6d8, 0xef19, 0xf73a, 0xef19, 0xf739, 0xeef9, 0xe6d8, 0xe6d8, 0xf73a, 0xf75a, 0xeef9, 0xe6b8,
  0xe6d8, 0xe6d8, 0xef19, 0xf75a, 0xef19, 0xe6f9, 0xf73a, 0xf739, 0xf739, 0xf739, 0xef39, 0xef19, 0xe6d8, 0xef19, 0xf75a, 0xf739, 0xef39, 0xef3a, 0xef19, 0xe6b8,
  0xe6d8, 0xe6d8, 0xe6d8, 0xe6d8, 0xe6d8, 0xe6d8, 0xe6d8, 0xe6d8, 0xe6d8, 0xe6d8, 0xe6d8, 0xe6d8, 0xe6d8, 0xe6d8, 0xe6d8, 0xe6d8, 0xe6d8, 0xe6d8, 0xe6d8, 0xe6d8,
  0xe6d8, 0xe6d8, 0xe6d8, 0xe6d8, 0xe6d8, 0xe6d8, 0xe6d8, 0xe6d8, 0xe6d8, 0xe6d8, 0xe6d8, 0xe6d8, 0xe6f9, 0xd636, 0xde77, 0xa4f1, 0x736c, 0x0020, 0x2944, 0x6b2b,
  0x8c2f, 0x83ee, 0xc5d4, 0xde77, 0xd656, 0xd656, 0xd656, 0xd656, 0xde77, 0x3165, 0x630b, 0xff7b, 0xd636, 0xce15, 0xd636, 0xce36, 0xce36, 0xd636, 0xd636, 0xd656,
  0xd656, 0xd656, 0xd656, 0xd656, 0xd656, 0xd656, 0xe6b8, 0x5aca, 0x0020, 0x946f, 0xe6b8, 0x6b2b, 0x18c3, 0x39c7, 0xd656, 0xd656, 0xd656, 0xd656, 0xd656, 0xce15,
  0x3185, 0x2124, 0xad12, 0x3165, 0x3186, 0xc5b4, 0xdeb7, 0xbdb4, 0x18e4, 0x3165, 0xd656, 0xeef8, 0x5aaa, 0x0021, 0x9cb0, 0xdeb7, 0xd636, 0xd656, 0xd656, 0xd656,
  0xd636, 0xd636, 0xd636, 0xce15, 0xcdf5, 0xcdf5, 0xd636, 0xb553, 0x944f, 0x944f, 0x10a2, 0x18e3, 0x9cb0, 0x6b2b, 0xa4f1, 0xe6b8, 0xd656, 0xd677, 0xd677, 0xd677,
  0xd656, 0xd656, 0xd656, 0xd656, 0xd656, 0xd656, 0xde77, 0xcdf5, 0x10a2, 0x8c2f, 0xff7b, 0xce15, 0xce16, 0xd656, 0xd656, 0xd656, 0xd656, 0xd656, 0xd656, 0xd656,
  0xd656, 0xd656, 0xd656, 0xde77, 0xc5d5, 0x1903, 0x3185, 0xb593, 0xbd73, 0xb553, 0xbdb4, 0xd656, 0xd636, 0xd656, 0xd636, 0xe6b8, 0x8c2f, 0x0021, 0x7b8d, 0xeef9,
  0x5269, 0x2104, 0xad52, 0xde76, 0x62ea, 0x0020, 0x83ee, 0xe6d8, 0x944f, 0x0000, 0x4207, 0xde97, 0xce36, 0xd656, 0xd656, 0xd656, 0xd656, 0xd636, 0xd636, 0xd636,
  0xce36, 0xce15, 0xcdf5, 0xcdf5, 0xcdf5, 0xce16, 0xad32, 0x83ee, 0x734c, 0x0000, 0x5289, 0x9cd1, 0x7bad, 0xce15, 0xde77, 0xd656, 0xd656, 0xd656, 0xd656, 0xd656,
  0xde77, 0x39c6, 0x3165, 0xef19, 0xce16, 0x946f, 0xd636, 0xeef9, 0xe6d8, 0xe6d8, 0xe6d8, 0xe6d8, 0xe6d8, 0xe6d8, 0xe6d8, 0xe6d8, 0xe6d8, 0xe6d8, 0xe6d8, 0xe6d8,
  0xe6d8, 0xe6d8, 0xe6d8, 0xe6d8, 0xe6d8, 0xe6d8, 0xe6d8, 0xe6d8, 0xe6d8, 0xe6d8, 0xe6d8, 0xe6d8, 0xe6d8, 0xe6d8, 0xe6d8, 0xe6d8, 0xe6d8, 0xe6d8, 0xeef9, 0xd656,
  0x9cd1, 0xb573, 0xe6d8, 0xe6d8, 0xe6d8, 0xe6d8, 0xe6d8, 0xe6d8, 0xe6f8, 0xb573, 0x9cb1, 0xa4f1, 0x9c90, 0xc5f5, 0xe6f8, 0xe6f9, 0xb594, 0xa4d2, 0xce35, 0xe6d8,
  0xe6b8, 0xe6f8, 0xbdd4, 0x9cb1, 0xc5f5, 0xdeb8, 0xa512, 0xa512, 0xa4f2, 0xa4f1, 0xa4d1, 0xad12, 0xe6d8, 0xbd94, 0xa4f2, 0xa4f2, 0xa4f2, 0xa4f2, 0xbdb4, 0xf75a,
  0xe6d8, 0xe6d8, 0xe6d8, 0xe6d8, 0xe6d8, 0xe6d8, 0xe6d8, 0xe6d8, 0xe6d8, 0xe6d8, 0xe6d8, 0xe6d8, 0xe6d8, 0xe6d8, 0xe6d8, 0xe6d8, 0xe6d8, 0xe6d8, 0xe6d8, 0xe6d8,
  0xe6d8, 0xe6d8, 0xe6d8, 0xe6d8, 0xe6d8, 0xe6d8, 0xe6d8, 0xe6d8, 0xe6d8, 0xe6d8, 0xe6d8, 0xe6d8, 0xe6f9, 0xce36, 0xde77, 0xa512, 0x736c, 0x0000, 0x2965, 0x8c4f,
  0x7bad, 0x8c0e, 0xce36, 0xd676, 0xd656, 0xd656, 0xd656, 0xd656, 0xde77, 0x3186, 0x630b, 0xff7b, 0xd636, 0xce15, 0xd636, 0xce36, 0xce36, 0xd636, 0xd636, 0xd656,
  0xd656, 0xd656, 0xd656, 0xd656, 0xd656, 0xd636, 0xe6b8, 0x62eb, 0x0862, 0x944f, 0xe6b7, 0xb573, 0x18c3, 0x39c6, 0xd656, 0xd676, 0xd656, 0xd656, 0xd656, 0xce36,
  0x31a6, 0x2124, 0xce15, 0xad11, 0x0861, 0x73ad, 0xe6f8, 0xb573, 0x18e3, 0x2944, 0xc5d5, 0xd656, 0x4a48, 0x0020, 0x9cb0, 0xdeb7, 0xd636, 0xd656, 0xd656, 0xd656,
  0xd656, 0xce36, 0xd636, 0xce36, 0xcdf5, 0xcdf5, 0xce15, 0xbd73, 0x83ee, 0x946f, 0x18e3, 0x18e3, 0x8c2e, 0x9cb1, 0xc5f5, 0xde77, 0xd656, 0xd677, 0xd677, 0xd677,
  0xd656, 0xd656, 0xd656, 0xd656, 0xd656, 0xd656, 0xde77, 0xce15, 0x10a2, 0x8c2f, 0xff7b, 0xcdf5, 0xce15, 0xd656, 0xd656, 0xd656, 0xd656, 0xd656, 0xd656, 0xd656,
  0xd656, 0xd656, 0xd656, 0xde77, 0xbdb4, 0x1082, 0x0861, 0x10a2, 0x10a2, 0x0000, 0x4a47, 0xde97, 0xce15, 0xd636, 0xd636, 0xe6d8, 0x8c2f, 0x0000, 0x738d, 0xe6f8,
  0xce36, 0x18c3, 0x0841, 0xc5f5, 0x5aca, 0x0000, 0x18c3, 0x2103, 0x0882, 0x2104, 0x9cb1, 0xd656, 0xd656, 0xd656, 0xd656, 0xd656, 0xd636, 0xd636, 0xd636, 0xd636,
  0xce16, 0xce15, 0xcdf5, 0xcdf5, 0xcdf5, 0xce15, 0xad32, 0x7bcd, 0x736c, 0x0020, 0x5268, 0x9cb1, 0x8c2f, 0xce16, 0xde77, 0xd656, 0xd677, 0xd677, 0xd656, 0xd656,
  0xde77, 0x39c6, 0x3185, 0xef3a, 0xce16, 0x946f, 0xd636, 0xef19, 0xe6d8, 0xe6d8, 0xe6d8, 0xe6d8, 0xe6d8, 0xe6d8, 0xe6d8, 0xe6d8, 0xe6d8, 0xe6d8, 0xe6d8, 0xe6d8,
  0xe6d8, 0xe6d8, 0xe6d8, 0xe6d8, 0xe6d8, 0xe6d8, 0xe6d8, 0xe6d8, 0xe6d8, 0xe6d8, 0xe6d8, 0xe6d8, 0xe6d8, 0xe6d8, 0xe6d8, 0xe6d8, 0xe6d8, 0xe6d8, 0xf73a, 0xa512,
  0x0000, 0x5268, 0xef19, 0xe6d8, 0xe6d8, 0xe6d8, 0xe6d8, 0xe6d8, 0xf77b, 0x5aaa, 0x0000, 0x0841, 0x0821, 0x9cd1, 0xffdc, 0xe6f9, 0x3185, 0x0000, 0xad32, 0xf75a,
  0xde97, 0xff9c, 0x840e, 0x0000, 0x736c, 0xc616, 0x10c2, 0x18e3, 0x0020, 0x0021, 0x0020, 0x10a2, 0xdeb8, 0x5289, 0x0861, 0x0862, 0x0020, 0x0041, 0x4228, 0xbd94,
  0xdeb7, 0xe6d8, 0xe6d8, 0xe6d8, 0xe6d8, 0xe6d8, 0xe6d8, 0xe6d8, 0xe6d8, 0xe6d8, 0xe6d8, 0xe6d8, 0xe6d8, 0xe6d8, 0xe6d8, 0xe6d8, 0xe6d8, 0xe6d8, 0xe6d8, 0xe6d8,
  0xe6d8, 0xe6d8, 0xe6d8, 0xe6d8, 0xe6d8, 0xe6d8, 0xe6d8, 0xe6d8, 0xe6d8, 0xe6d8, 0xe6d8, 0xe6d8, 0xe6f8, 0xce16, 0xd677, 0xa512, 0x6b6c, 0x0020, 0x2103, 0x736c,
  0x8c0e, 0x83ee, 0xce36, 0xde76, 0xd656, 0xd656, 0xd656, 0xd656, 0xde77, 0x3186, 0x630b, 0xff7b, 0xd636, 0xcdf5, 0xd636, 0xd636, 0xce36, 0xd636, 0xd656, 0xd656,
  0xd656, 0xd656, 0xd656, 0xd656, 0xd656, 0xd636, 0xe697, 0x5289, 0x0000, 0x9470, 0xe6f9, 0xad33, 0x0020, 0x2924, 0xd656, 0xd656, 0xd656, 0xd656, 0xd676, 0xce36,
  0x2924, 0x10c2, 0xbdd4, 0xe6d8, 0x7bce, 0x0000, 0x6b4b, 0xbd94, 0x0841, 0x0882, 0x2944, 0x2944, 0x0841, 0x4a68, 0xbd94, 0xd656, 0xd636, 0xd656, 0xd656, 0xd656,
  0xd656, 0xd656, 0xce36, 0xce15, 0xce15, 0xcdf5, 0xce15, 0xad32, 0x83ee, 0x9c90, 0x18c3, 0x2945, 0x9490, 0x7bcd, 0xbd94, 0xde97, 0xd656, 0xd677, 0xd677, 0xd677,
  0xd656, 0xd656, 0xd656, 0xd656, 0xd656, 0xd656, 0xde77, 0xce15, 0x10a2, 0x8c2f, 0xff7b, 0xcdf5, 0xcdf5, 0xd656, 0xd656, 0xd656, 0xd656, 0xd656, 0xd656, 0xd656,
  0xd656, 0xd656, 0xd656, 0xd656, 0xce15, 0x944f, 0x942f, 0x9470, 0x9470, 0x8c2f, 0xa512, 0xd676, 0xd636, 0xd656, 0xd656, 0xde77, 0xbdb4, 0x8c4f, 0xb573, 0xde77,
  0xce15, 0x8c2f, 0x8c2e, 0xce36, 0xad12, 0x8c2f, 0x8c2f, 0x83ee, 0x83ee, 0xad32, 0xe6b8, 0xd636, 0xd656, 0xd656, 0xd656, 0xd656, 0xd656, 0xd636, 0xce15, 0xce16,
  0xce16, 0xcdf5, 0xcdf5, 0xcdf5, 0xc5f5, 0xc5f5, 0xad12, 0x83ee, 0x736d, 0x0020, 0x5aaa, 0xa4f2, 0x840e, 0xc5f5, 0xde77, 0xd656, 0xd677, 0xd677, 0xd656, 0xd656,
  0xde77, 0x39c6, 0x3185, 0xef3a, 0xce15, 0x944f, 0xd636, 0xef19, 0xe6d8, 0xe6d8, 0xe6d8, 0xe6d8, 0xe6d8, 0xe6d8, 0xe6d8, 0xe6d8, 0xe6d8, 0xe6d8, 0xe6d8, 0xe6d8,
  0xe6d8, 0xe6d8, 0xe6d8, 0xe6d8, 0xe6d8, 0xe6d8, 0xe6d8, 0xe6d8, 0xe6d8, 0xe6d8, 0xe6d8, 0xe6d8, 0xe6d8, 0xe6d8, 0xe6d8, 0xe6d8, 0xe6d8, 0xe6d8, 0xef39, 0xad12,
  0x0882, 0x5aca, 0xef39, 0xe6d8, 0xe6d8, 0xe6d8, 0xe6d8, 0xe6d8, 0x9490, 0x2945, 0x62eb, 0xa4d1, 0x2924, 0x528a, 0x8c4f, 0xdeb8, 0x9cb1, 0x31a5, 0x5289, 0xb573,
  0xef19, 0xa4d1, 0x4207, 0x630b, 0xc5f5, 0xbdb4, 0x18e3, 0x39c6, 0x9470, 0x9c90, 0x9c90, 0x9cb0, 0xe6d8, 0x5289, 0x1082, 0x738c, 0xa4f1, 0x83ee, 0x2104, 0x20e3,
  0xce15, 0xe6f9, 0xe6d8, 0xe6d8, 0xe6d8, 0xe6d8, 0xe6d8, 0xe6d8, 0xe6d8, 0xe6d8, 0xe6d8, 0xe6d8, 0xe6d8, 0xe6d8, 0xe6d8, 0xe6d8, 0xe6d8, 0xe6d8, 0xe6d8, 0xe6d8,
  0xe6d8, 0xe6d8, 0xe6d8, 0xe6d8, 0xe6d8, 0xe6d8, 0xe6d8, 0xe6d8, 0xe6d8, 0xe6d8, 0xe6d8, 0xe6d8, 0xe6f8, 0xce16, 0xd677, 0xa512, 0x6b4c, 0x0000, 0x2124, 0x83ee,
  0x8c4f, 0x83ee, 0xc5f4, 0xde76, 0xd656, 0xd656, 0xd656, 0xd656, 0xde77, 0x3186, 0x630b, 0xf77b, 0xd636, 0xcdf5, 0xd636, 0xce36, 0xd636, 0xd636, 0xd636, 0xd636,
  0xd656, 0xd656, 0xd656, 0xd656, 0xd656, 0xd636, 0xde76, 0x9490, 0x6b4c, 0xbd93, 0xdeb8, 0xc5f5, 0x738d, 0x840e, 0xd656, 0xd656, 0xd656, 0xd656, 0xd656, 0xd656,
  0x8c0e, 0x7bcd, 0xce35, 0xdeb8, 0xb553, 0x6b2b, 0x9490, 0xc5d4, 0x736c, 0x7bad, 0x7bad, 0x7bad, 0x738c, 0xc5d4, 0xde77, 0xd636, 0xd636, 0xd636, 0xd656, 0xd656,
  0xd636, 0xd656, 0xd636, 0xce15, 0xcdf5, 0xcdf5, 0xce15, 0xb573, 0x8c2f, 0x8c50, 0x18c3, 0x2124, 0x9490, 0x83ed, 0xbd94, 0xde97, 0xd656, 0xd677, 0xd676, 0xd676,
  0xd656, 0xd656, 0xd656, 0xd656, 0xd656, 0xd656, 0xde77, 0xce15, 0x10a2, 0x840f, 0xff7b, 0xcdf5, 0xce15, 0xd656, 0xd656, 0xd656, 0xd656, 0xd656, 0xd656, 0xd656,
  0xd656, 0xd656, 0xd656, 0xd656, 0xd656, 0xdeb8, 0xde97, 0xde97, 0xde97, 0xe6b7, 0xde97, 0xd656, 0xd656, 0xd656, 0xd656, 0xd656, 0xde77, 0xe6d8, 0xde77, 0xd636,
  0xd636, 0xde97, 0xde97, 0xd656, 0xde97, 0xe6d8, 0xe6b8, 0xde97, 0xe6b8, 0xde97, 0xd636, 0xd656, 0xd656, 0xd656, 0xd656, 0xd656, 0xd656, 0xd656, 0xd636, 0xce36,
  0xd636, 0xce36, 0xcdf5, 0xcdf5, 0xc5f5, 0xc5f5, 0xb553, 0x8c0e, 0x6b4c, 0x0021, 0x5289, 0xa4f1, 0x738c, 0xc5f5, 0xde77, 0xd676, 0xd656, 0xd656, 0xd656, 0xd676,
  0xde77, 0x39c6, 0x3185, 0xef19, 0xce15, 0x944f, 0xd636, 0xef19, 0xe6d8, 0xe6d8, 0xe6d8, 0xe6d8, 0xe6d8, 0xe6d8, 0xe6d8, 0xe6d8, 0xe6d8, 0xe6d8, 0xe6d8, 0xe6d8,
  0xe6d8, 0xe6d8, 0xe6d8, 0xe6d8, 0xe6d8, 0xe6d8, 0xe6d8, 0xe6d8, 0xe6d8, 0xe6d8, 0xe6d8, 0xe6d8, 0xe6d8, 0xe6d8, 0xe6d8, 0xe6d8, 0xe6d8, 0xe6b8, 0xef39, 0xad32,
  0x1082, 0x5aca, 0xef3a, 0xe6d8, 0xe6d8, 0xe6b8, 0xef19, 0xc5d4, 0x18c3, 0x2924, 0xc5f5, 0xff9b, 0x7bce, 0x10a2, 0x2965, 0xde97, 0xffbb, 0x736d, 0x0000, 0x83ee,
  0xffdb, 0x62ea, 0x0000, 0xa4f2, 0xffdc, 0xbd94, 0x18a3, 0x4a48, 0xffbc, 0xffbc, 0xffbc, 0xef19, 0xe6f8, 0x5289, 0x0861, 0xb594, 0xfffe, 0xce36, 0x18e3, 0x18c3,
  0xc5f5, 0xe6f9, 0xe6b8, 0xe6d8, 0xe6d8, 0xe6d8, 0xe6d8, 0xe6d8, 0xe6d8, 0xe6d8, 0xe6d8, 0xe6d8, 0xe6d8, 0xe6d8, 0xe6d8, 0xe6d8, 0xe6d8, 0xe6d8, 0xe6d8, 0xe6d8,
  0xe6d8, 0xe6d8, 0xe6d8, 0xe6d8, 0xe6d8, 0xe6d8, 0xe6d8, 0xe6d8, 0xe6d8, 0xe6d8, 0xe6d8, 0xe6d8, 0xe6f8, 0xce16, 0xd677, 0xa4f1, 0x6b4c, 0x0000, 0x2124, 0x8c2e,
  0x83ee, 0x946f, 0xce15, 0xd656, 0xd656, 0xd656, 0xd656, 0xde77, 0xde97, 0x3165, 0x62ea, 0xf75a, 0xd636, 0xce15, 0xd636, 0xd636, 0xd656, 0xd656, 0xd656, 0xd656,
  0xd656, 0xd656, 0xd656, 0xd656, 0xd656, 0xd656, 0xd656, 0xde97, 0xe6b8, 0xde77, 0xd656, 0xde77, 0xe6d8, 0xe6b8, 0xd656, 0xd656, 0xd656, 0xd656, 0xd656, 0xd656,
  0xe6b8, 0xe6b8, 0xd656, 0xd636, 0xde77, 0xe6d8, 0xde77, 0xd636, 0xdeb8, 0xe6d8, 0xe6d8, 0xe6d8, 0xe6d8, 0xd656, 0xd636, 0xd656, 0xd656, 0xd656, 0xd656, 0xd656,
  0xd656, 0xd656, 0xd656, 0xd656, 0xce15, 0xce15, 0xd656, 0xbd94, 0x840e, 0x8c2f, 0x1082, 0x18e3, 0x944f, 0x83ee, 0xbd93, 0xde97, 0xd656, 0xd676, 0xd676, 0xd656,
  0xd656, 0xd656, 0xd656, 0xd656, 0xd656, 0xd656, 0xde77, 0xce15, 0x10a2, 0x8c2f, 0xff7b, 0xc5f5, 0xcdf5, 0xd656, 0xd656, 0xd656, 0xd656, 0xd656, 0xd656, 0xd656,
  0xd656, 0xd656, 0xd656, 0xd656, 0xd656, 0xd636, 0xce36, 0xce36, 0xce36, 0xd636, 0xd636, 0xd656, 0xd656, 0xd636, 0xd636, 0xd636, 0xd636, 0xd636, 0xd636, 0xd656,
  0xd656, 0xce36, 0xd636, 0xd656, 0xd636, 0xd636, 0xd636, 0xd636, 0xd636, 0xd636, 0xd656, 0xd636, 0xd636, 0xd656, 0xd636, 0xd636, 0xd656, 0xd656, 0xd656, 0xd656,
  0xce15, 0xce15, 0xce15, 0xc5d4, 0xc5d4, 0xce15, 0xb573, 0x8c2f, 0x7bce, 0x0000, 0x62eb, 0x9470, 0x8c2e, 0xce36, 0xde77, 0xd676, 0xd656, 0xd656, 0xd677, 0xd676,
  0xde77, 0x39c6, 0x2965, 0xef19, 0xce15, 0x944f, 0xd636, 0xef19, 0xe6d8, 0xe6d8, 0xe6d8, 0xe6d8, 0xe6d8, 0xe6d8, 0xe6d8, 0xe6d8, 0xe6d8, 0xe6d8, 0xe6d8, 0xe6d8,
  0xe6d8, 0xe6d8, 0xe6d8, 0xe6d8, 0xe6d8, 0xe6d8, 0xe6d8, 0xe6d8, 0xe6d8, 0xe6d8, 0xe6d8, 0xe6d8, 0xe6d8, 0xe6d8, 0xe6d8, 0xe6d8, 0xe6d8, 0xe6b8, 0xef3a, 0xad32,
  0x0862, 0x5aa9, 0xef19, 0xe6d8, 0xe6d8, 0xe6b8, 0xef19, 0xb573, 0x18c3, 0x4227, 0xe6f9, 0xf73a, 0xc5f5, 0x18c2, 0x41e7, 0xdeb9, 0xeef9, 0xce16, 0x4207, 0x3186,
  0x6b2b, 0x3185, 0x736c, 0xce36, 0xef19, 0xbd94, 0x20e4, 0x3186, 0x62ca, 0x62eb, 0x62ea, 0xc5d5, 0xef19, 0x4a68, 0x1082, 0x4a68, 0x6b4c, 0x5aca, 0x2945, 0x8c2f,
  0xe6b8, 0xe6d8, 0xe6d8, 0xe6d8, 0xe6d8, 0xe6d8, 0xe6d8, 0xe6d8, 0xe6d8, 0xe6d8, 0xe6d8, 0xe6d8, 0xe6d8, 0xe6d8, 0xe6d8, 0xe6d8, 0xe6d8, 0xe6d8, 0xe6d8, 0xe6d8,
  0xe6d8, 0xe6d8, 0xe6d8, 0xe6d8, 0xe6d8, 0xe6d8, 0xe6d8, 0xe6d8, 0xe6d8, 0xe6d8, 0xe6d8, 0xe6d8, 0xe6f9, 0xce16, 0xd657, 0xa4f1, 0x6b4c, 0x0000, 0x2924, 0x840e,
  0x9c90, 0x6b0a, 0xb573, 0xde77, 0xd656, 0xd656, 0xd656, 0xd656, 0xd677, 0x2965, 0x630b, 0xf75a, 0xce16, 0xce15, 0xd636, 0xd656, 0xd636, 0xd636, 0xd636, 0xd636,
  0xd636, 0xd656, 0xd656, 0xd656, 0xd656, 0xd656, 0xd636, 0xd636, 0xce36, 0xd636, 0xd656, 0xd656, 0xd636, 0xd636, 0xd656, 0xd656, 0xd656, 0xd656, 0xd636, 0xd636,
  0xd636, 0xce36, 0xd636, 0xd656, 0xd636, 0xce36, 0xd636, 0xd656, 0xd636, 0xd636, 0xd636, 0xd636, 0xd636, 0xd636, 0xd656, 0xd636, 0xd636, 0xd636, 0xd636, 0xd636,
  0xd656, 0xd656, 0xd656, 0xd656, 0xd656, 0xd636, 0xd657, 0xbd94, 0x83ee, 0x8c2f, 0x1082, 0x2944, 0x946f, 0x8c0e, 0xc5f5, 0xde77, 0xd656, 0xd676, 0xd656, 0xd676,
  0xd656, 0xd656, 0xd656, 0xd656, 0xd656, 0xd656, 0xde77, 0xce15, 0x10a2, 0x7bad, 0xf75a, 0xd636, 0xd677, 0xde97, 0xde97, 0xde97, 0xde97, 0xde97, 0xde97, 0xde97,
  0xde97, 0xde97, 0xde97, 0xde97, 0xde97, 0xde97, 0xde97, 0xde97, 0xde97, 0xde97, 0xde97, 0xde97, 0xde97, 0xde97, 0xde97, 0xde97, 0xde97, 0xde97, 0xde97, 0xde97,
  0xde97, 0xde97, 0xde97, 0xde97, 0xde97, 0xde97, 0xde97, 0xde97, 0xde77, 0xde77, 0xde77, 0xde77, 0xde77, 0xde97, 0xde77, 0xde77, 0xde77, 0xde97, 0xde97, 0xde97,
  0xde77, 0xd656, 0xd677, 0xd656, 0xd656, 0xc5f5, 0xb573, 0x9c90, 0x73ad, 0x0021, 0x39c6, 0x9cd1, 0x738c, 0xc5f5, 0xde97, 0xd656, 0xd656, 0xd656, 0xd677, 0xd676,
  0xde77, 0x39c6, 0x2965, 0xef1a, 0xce15, 0x944f, 0xd636, 0xef19, 0xe6d8, 0xe6d8, 0xe6d8, 0xe6d8, 0xe6d8, 0xe6d8, 0xe6d8, 0xe6d8, 0xe6d8, 0xe6d8, 0xe6d8, 0xe6d8,
  0xe6d8, 0xe6d8, 0xe6d8, 0xe6d8, 0xe6d8, 0xe6d8, 0xe6d8, 0xe6d8, 0xe6d8, 0xe6d8, 0xe6d8, 0xe6d8, 0xe6d8, 0xe6d8, 0xe6d8, 0xe6d8, 0xe6d8, 0xe6d8, 0xf73a, 0xad32,
  0x0861, 0x5289, 0xef19, 0xe6d8, 0xe6d8, 0xe6d8, 0xef19, 0xb553, 0x18c3, 0x2945, 0x41e7, 0x4228, 0x39c7, 0x18c3, 0x31a6, 0xdeb8, 0xe6b8, 0xf739, 0x738c, 0x1062,
  0x18e3, 0x18e4, 0xbdb4, 0xf75a, 0xe6f8, 0xb573, 0x18c3, 0x1903, 0x18c3, 0x2104, 0x18e3, 0xbd94, 0xf75a, 0x4a48, 0x1082, 0x18e3, 0x2104, 0x18a3, 0x5269, 0xeef9,
  0xe6b8, 0xe6d8, 0xe6d8, 0xe6d8, 0xe6d8, 0xe6d8, 0xe6d8, 0xe6d8, 0xe6d8, 0xe6d8, 0xe6d8, 0xe6d8, 0xe6d8, 0xe6d8, 0xe6d8, 0xe6d8, 0xe6d8, 0xe6d8, 0xe6d8, 0xe6d8,
  0xe6d8, 0xe6d8, 0xe6d8, 0xe6d8, 0xe6d8, 0xe6d8, 0xe6d8, 0xe6d8, 0xe6d8, 0xe6d8, 0xe6d8, 0xe6d8, 0xe6f9, 0xce15, 0xd656, 0xa4d1, 0x6b4c, 0x0000, 0x3185, 0x9c70,
  0x734c, 0xa4d1, 0xd656, 0xd656, 0xd656, 0xd656, 0xd656, 0xd656, 0xd677, 0x2945, 0x5aa9, 0xf75a, 0xd677, 0xde77, 0xde97, 0xde77, 0xde77, 0xde77, 0xde97, 0xde97,
  0xde97, 0xde97, 0xde97, 0xde97, 0xde97, 0xde97, 0xde97, 0xde97, 0xde77, 0xde97, 0xde97, 0xde97, 0xde97, 0xde97, 0xde97, 0xde97, 0xde97, 0xde97, 0xde97, 0xde97,
  0xde97, 0xde97, 0xde97, 0xde97, 0xde97, 0xde97, 0xde97, 0xde97, 0xde97, 0xde97, 0xde97, 0xde97, 0xde97, 0xde97, 0xde77, 0xde77, 0xde77, 0xde77, 0xde77, 0xde77,
  0xde77, 0xde77, 0xde77, 0xd677, 0xde77, 0xde98, 0xd657, 0xc5b4, 0x840e, 0x8c2f, 0x18c2, 0x10a2, 0x840e, 0x83ee, 0xb553, 0xde97, 0xd656, 0xd656, 0xd656, 0xd656,
  0xd656, 0xd656, 0xd656, 0xd656, 0xd656, 0xd656, 0xde77, 0xce15, 0x10a2, 0x6b4c, 0xf77a, 0xe6d8, 0xeef9, 0xeef9, 0xeef9, 0xe6f9, 0xeef9, 0xeef9, 0xeef9, 0xeef9,
  0xeef9, 0xeef9, 0xeef9, 0xe6f9, 0xeef9, 0xef19, 0xef19, 0xef19, 0xeef9, 0xeef9, 0xe6f9, 0xe6f9, 0xe6f9, 0xeef9, 0xeef9, 0xe6f9, 0xe6f9, 0xe6f9, 0xe6f9, 0xe6f9,
  0xe6f9, 0xe6f9, 0xe6f9, 0xe6f9, 0xe6f9, 0xe6f9, 0xef19, 0xeef9, 0xeef9, 0xe6f9, 0xe6f9, 0xe6f8, 0xe6f9, 0xe6f8, 0xe6f9, 0xe6d8, 0xe6d8, 0xe6d8, 0xe6d8, 0xe6d8,
  0xe6d8, 0xe6d8, 0xe6d8, 0xe6d8, 0xe6d8, 0xde77, 0xce16, 0x946f, 0x7b8d, 0x0021, 0x5268, 0x8c2e, 0x9470, 0xce36, 0xde77, 0xd656, 0xd677, 0xd677, 0xd677, 0xd676,
  0xde77, 0x39c6, 0x3165, 0xef1a, 0xce15, 0x944f, 0xd636, 0xeef9, 0xe6d8, 0xe6d8, 0xe6d8, 0xe6d8, 0xe6d8, 0xe6d8, 0xe6d8, 0xe6d8, 0xe6d8, 0xe6d8, 0xe6d8, 0xe6d8,
  0xe6d8, 0xe6d8, 0xe6d8, 0xe6d8, 0xe6d8, 0xe6d8, 0xe6d8, 0xe6d8, 0xe6d8, 0xe6d8, 0xe6d8, 0xe6d8, 0xe6d8, 0xe6d8, 0xe6d8, 0xe6d8, 0xe6d8, 0xe6b8, 0xef39, 0xad12,
  0x0862, 0x5aa9, 0xf75a, 0xeef9, 0xef19, 0xe6f9, 0xef19, 0xb573, 0x10a2, 0x20e4, 0x3186, 0x39c6, 0x39a6, 0x18e4, 0x3185, 0xde97, 0xe6d8, 0xe6b7, 0xdeb8, 0x52a9,
  0x10a2, 0x9470, 0xef19, 0xe6b8, 0xef19, 0xbdb4, 0x10a2, 0x39e6, 0xde97, 0xde97, 0xdeb8, 0xeef9, 0xf73a, 0x5aaa, 0x0841, 0x946f, 0xe6f9, 0x4a48, 0x18c3, 0x39a5,
  0xce36, 0xe6f9, 0xe6d8, 0xe6d8, 0xe6d8, 0xe6d8, 0xe6d8, 0xe6d8, 0xe6d8, 0xe6d8, 0xe6d8, 0xe6d8, 0xe6d8, 0xe6d8, 0xe6d8, 0xe6d8, 0xe6d8, 0xe6d8, 0xe6d8, 0xe6d8,
  0xe6d8, 0xe6d8, 0xe6d8, 0xe6d8, 0xe6d8, 0xe6d8, 0xe6d8, 0xe6d8, 0xe6d8, 0xe6d8, 0xe6d8, 0xe6d8, 0xe6f9, 0xce15, 0xd656, 0xa4f1, 0x6b4c, 0x0000, 0x2965, 0x736b,
  0x9cb0, 0x7bad, 0xbdb3, 0xde97, 0xd656, 0xd656, 0xd656, 0xd656, 0xd677, 0x2945, 0x4a68, 0xf75a, 0xe6f9, 0xe6f9, 0xe6d8, 0xe6f9, 0xe6f8, 0xe6f9, 0xe6f9, 0xe6f9,
  0xe6f9, 0xe6f9, 0xeef9, 0xeef9, 0xeef9, 0xe6f9, 0xe6f9, 0xe6f9, 0xe6f9, 0xe6f9, 0xe6f9, 0xe6f9, 0xe6f9, 0xe6f9, 0xe6f9, 0xe6f9, 0xeef9, 0xeef9, 0xeef9, 0xef19,
  0xef19, 0xeef9, 0xe6f9, 0xe6f9, 0xe6f9, 0xe6f9, 0xe6f9, 0xe6f9, 0xe6f9, 0xe6f9, 0xe6f9, 0xef19, 0xef19, 0xe6f9, 0xe6f9, 0xe6f9, 0xe6f9, 0xe6f9, 0xe6f8, 0xe6f8,
  0xe6f8, 0xe6d8, 0xe6b8, 0xe6b8, 0xe6b8, 0xe6d8, 0xe6b8, 0xe6d8, 0xad32, 0x8c2f, 0x18c3, 0x2104, 0x944f, 0x7bad, 0xbdb4, 0xde97, 0xd656, 0xd656, 0xd656, 0xd656,
  0xd656, 0xd656, 0xd656, 0xd656, 0xd656, 0xd656, 0xde77, 0xce15, 0x10a2, 0x736c, 0xff7b, 0xe6b8, 0xef19, 0xeef9, 0xe6d8, 0xe6f9, 0xe6d8, 0xe6d8, 0xe6f9, 0xe6f8,
  0xe6f9, 0xeef9, 0xeef9, 0xeef9, 0xe6f9, 0xeef9, 0xe6f9, 0xe6f9, 0xe6f9, 0xe6f9, 0xe6f9, 0xe6f9, 0xe6f9, 0xeef9, 0xeef9, 0xeef9, 0xeef9, 0xeef9, 0xe6f9, 0xe6f9,
  0xe6f9, 0xe6f9, 0xe6f9, 0xe6f9, 0xe6f9, 0xe6f9, 0xe6d8, 0xe6f9, 0xe6d8, 0xe6d9, 0xe6f9, 0xe6f9, 0xe6d9, 0xef19, 0xe6b8, 0xe6d8, 0xdeb8, 0xe6d8, 0xe6d8, 0xdeb8,
  0xe6f9, 0xe6d8, 0xe6d9, 0xe6b8, 0xeef9, 0xde97, 0xce15, 0x946f, 0x734c, 0x0021, 0x4a49, 0x8c0f, 0x83cd, 0xce36, 0xde77, 0xd657, 0xd677, 0xd677, 0xd677, 0xd677,
  0xde77, 0x39c6, 0x3186, 0xef3a, 0xce15, 0x944f, 0xd636, 0xeef9, 0xe6d8, 0xe6d8, 0xe6d8, 0xe6d8, 0xe6d8, 0xe6d8, 0xe6d8, 0xe6d8, 0xe6d8, 0xe6d8, 0xe6d8, 0xe6d8,
  0xe6d8, 0xe6d8, 0xe6d8, 0xe6d8, 0xe6d8, 0xe6d8, 0xe6d8, 0xe6d8, 0xe6d8, 0xe6d8, 0xe6d8, 0xe6d8, 0xe6d8, 0xe6d8, 0xe6d8, 0xe6d8, 0xe6d8, 0xe6b8, 0xef19, 0xad32,
  0x10a3, 0x52aa, 0xde98, 0xce36, 0xce16, 0xce16, 0xef19, 0xbd94, 0x18c2, 0x31a5, 0xd677, 0xef18, 0xb574, 0x18e3, 0x39c7, 0xe6b8, 0xe6f9, 0xe6d8, 0xf73a, 0x5aca,
  0x0861, 0x9cb0, 0xf73a, 0xdeb8, 0xef1a, 0xc5d5, 0x2104, 0x4228, 0xd657, 0xd656, 0xd656, 0xce36, 0xef1a, 0x5aea, 0x0862, 0xa4f1, 0xff9b, 0xad33, 0x18e4, 0x2944,
  0xce36, 0xe6f9, 0xe6d8, 0xe6d8, 0xe6d8, 0xe6d8, 0xe6d8, 0xe6d8, 0xe6d8, 0xe6d8, 0xe6d8, 0xe6d8, 0xe6d8, 0xe6d8, 0xe6d8, 0xe6d8, 0xe6d8, 0xe6d8, 0xe6d8, 0xe6d8,
  0xe6d8, 0xe6d8, 0xe6d8, 0xe6d8, 0xe6d8, 0xe6d8, 0xe6d8, 0xe6d8, 0xe6d8, 0xe6d8, 0xe6d8, 0xe6d8, 0xe6f9, 0xce15, 0xd656, 0xa4f1, 0x6b6c, 0x0020, 0x18e3, 0x946f,
  0x734b, 0x8c4f, 0xd676, 0xd656, 0xd656, 0xd656, 0xd656, 0xd656, 0xd677, 0x2965, 0x52a9, 0xf75a, 0xe6d8, 0xe6d8, 0xef19, 0xe6f9, 0xef1a, 0xe719, 0xef19, 0xeef9,
  0xef19, 0xef19, 0xeef9, 0xef19, 0xef19, 0xef19, 0xef19, 0xef19, 0xef19, 0xef19, 0xeef9, 0xeef9, 0xeef9, 0xeef9, 0xeef9, 0xeef9, 0xef19, 0xef19, 0xef19, 0xef19,
  0xef19, 0xef19, 0xef19, 0xef19, 0xef19, 0xeef9, 0xeef9, 0xef19, 0xef19, 0xef19, 0xef19, 0xef19, 0xef19, 0xef19, 0xef19, 0xeef9, 0xeef9, 0xe6f9, 0xe6f9, 0xeef9,
  0xeef9, 0xe6f9, 0xe6f9, 0xe6d8, 0xe6d9, 0xe6d8, 0xe6b7, 0xe6b7, 0xb553, 0x9cb1, 0x18e3, 0x18c3, 0x83ed, 0x8c0e, 0xc5d4, 0xde77, 0xd656, 0xd656, 0xd656, 0xd656,
  0xd656, 0xd656, 0xd656, 0xd656, 0xd656, 0xd656, 0xde77, 0xce15, 0x10a2, 0x734c, 0xf75a, 0xde97, 0xbdd5, 0x83ee, 0x8c2e, 0x840e, 0x7b8c, 0x83ed, 0x83ee, 0x83ed,
  0x83cd, 0x83cd, 0x83ed, 0x83ee, 0x83cd, 0x83ee, 0x83ee, 0x83ee, 0x840e, 0x840e, 0x840e, 0x840e, 0x840e, 0x8c0e, 0x8c0e, 0x8c0e, 0x8c0e, 0x840e, 0x83ee, 0x83ee,
  0x83ee, 0x83ee, 0x83ee, 0x8c0e, 0x8c0e, 0x8c2e, 0x734b, 0x7bcd, 0x630a, 0x736b, 0x83cd, 0x7bcd, 0x736c, 0x83ee, 0x734b, 0x83cd, 0x62ea, 0x7bad, 0x7bad, 0x6b2b,
  0x83cd, 0x6b4b, 0x83ed, 0x736c, 0x8c0e, 0xce35, 0xd656, 0x946f, 0x736c, 0x0021, 0x39c6, 0x9cb1, 0x83ed, 0xc5f5, 0xde77, 0xd656, 0xd657, 0xd677, 0xd677, 0xd676,
  0xde77, 0x39c6, 0x3186, 0xef3a, 0xce15, 0x8c4f, 0xd636, 0xeef9, 0xe6d8, 0xe6d8, 0xe6d8, 0xe6d8, 0xe6d8, 0xe6d8, 0xe6d8, 0xe6d8, 0xe6d8, 0xe6d8, 0xe6d8, 0xe6d8,
  0xe6d8, 0xe6d8, 0xe6d8, 0xe6d8, 0xe6d8, 0xe6d8, 0xe6d8, 0xe6d8, 0xe6d8, 0xe6d8, 0xe6d8, 0xe6d8, 0xe6d8, 0xe6d8, 0xe6d8, 0xe6d8, 0xe6d8, 0xe6b8, 0xef39, 0xa4d1,
  0x0842, 0x1904, 0x1903, 0x18c3, 0x1082, 0x2944, 0xe6f9, 0xb594, 0x0041, 0x2945, 0xde97, 0xeef8, 0xad32, 0x0020, 0x2965, 0xe6d8, 0xe6d8, 0xe6b8, 0xef1a, 0x4a48,
  0x0000, 0x944f, 0xf73a, 0xe6b8, 0xef19, 0xb594, 0x10a3, 0x18e3, 0x20e3, 0x18c3, 0x0861, 0x18e3, 0xe6d8, 0x4a48, 0x0000, 0x9cd1, 0xf75a, 0xbdb4, 0x10a2, 0x18e3,
  0xce36, 0xe6f9, 0xe6d8, 0xe6d8, 0xe6d8, 0xe6d8, 0xe6d8, 0xe6d8, 0xe6d8, 0xe6d8, 0xe6d8, 0xe6d8, 0xe6d8, 0xe6d8, 0xe6d8, 0xe6d8, 0xe6d8, 0xe6d8, 0xe6d8, 0xe6d8,
  0xe6d8, 0xe6d8, 0xe6d8, 0xe6d8, 0xe6d8, 0xe6d8, 0xe6d8, 0xe6d8, 0xe6d8, 0xe6d8, 0xe6d8, 0xe6d8, 0xe6f9, 0xce15, 0xd656, 0xa4f1, 0x736c, 0x0000, 0x39c6, 0x83ce,
  0x8c2e, 0x83ee, 0xc5d4, 0xde77, 0xd656, 0xd656, 0xd656, 0xd656, 0xd677, 0x3165, 0x5aa9, 0xf75a, 0xde97, 0xde97, 0x83ed, 0x736c, 0x8c0e, 0x7b8d, 0x8c4f, 0x6b4b,
  0x7bac, 0x8c0e, 0x83ee, 0x8c0e, 0x8c0e, 0x840e, 0x840e, 0x83ee, 0x840e, 0x8c0e, 0x8c0e, 0x8c2f, 0x8c2f, 0x8c2f, 0x8c4f, 0x8c4f, 0x8c2f, 0x8c2f, 0x8c4f, 0x8c4f,
  0x8c2f, 0x8c2e, 0x8c2e, 0x8c2f, 0x8c2e, 0x8c2f, 0x8c2f, 0x8c2f, 0x8c0e, 0x8c0e, 0x8c0e, 0x8c0e, 0x840e, 0x840e, 0x8c0e, 0x8c0e, 0x8c0e, 0x8c0e, 0x8c0e, 0x8c0e,
  0x8c2e, 0x8c0e, 0x8c0e, 0x944f, 0x8c0e, 0x6b4b, 0xad32, 0xef19, 0xb553, 0x9490, 0x18c3, 0x0861, 0x840e, 0x840e, 0xad12, 0xde97, 0xd656, 0xd676, 0xd656, 0xd656,
  0xd656, 0xd656, 0xd656, 0xd656, 0xd656, 0xd656, 0xde77, 0xce15, 0x10a2, 0x736c, 0xf77b, 0xd677, 0x8c4f, 0x7bad, 0x9c90, 0x9cb1, 0xa4f1, 0xbd94, 0x944f, 0xad12,
  0x9cb0, 0x944f, 0x9cb0, 0x9490, 0x9cd1, 0x9c90, 0x9c90, 0x9cb1, 0x9cb1, 0x9cb0, 0x9cb1, 0x9cb1, 0x9cb1, 0x9cd1, 0xa4d1, 0x9cd1, 0x9cb1, 0x9cb0, 0x9cb0, 0x9cb0,
  0x9cb0, 0x9cb1, 0x9cb1, 0x9cb1, 0xa4d1, 0x9c90, 0xad52, 0x8c0e, 0xa4f1, 0x946f, 0xb553, 0x83ed, 0xad32, 0x8c4f, 0xa4f2, 0x7bcd, 0xb573, 0xa4d1, 0x7b8c, 0xad53,
  0x944f, 0xb553, 0x8c2e, 0xa4f1, 0x734b, 0xa4f1, 0xce15, 0x9470, 0x7b8d, 0x0020, 0x5aca, 0x946f, 0x946f, 0xd656, 0xd676, 0xd656, 0xd656, 0xd656, 0xd677, 0xd676,
  0xde77, 0x39e7, 0x3186, 0xef1a, 0xce15, 0x944f, 0xd636, 0xeef9, 0xe6d8, 0xe6d8, 0xe6d8, 0xe6d8, 0xe6d8, 0xe6d8, 0xe6d8, 0xe6d8, 0xe6d8, 0xe6d8, 0xe6d8, 0xe6d8,
  0xe6d8, 0xe6d8, 0xe6d8, 0xe6d8, 0xe6d8, 0xe6d8, 0xe6d8, 0xe6d8, 0xe6d8, 0xe6d8, 0xe6d8, 0xe6d8, 0xe6d8, 0xe6d8, 0xe6d8, 0xe6d8, 0xe6d8, 0xe6d8, 0xef19, 0xc5d4,
  0x736c, 0x7bce, 0x7bad, 0x738c, 0x7bad, 0x840e, 0xe6d8, 0xce15, 0x736c, 0x8c0f, 0xe6d8, 0xeef9, 0xcdf5, 0x6b2b, 0x83cd, 0xe6b8, 0xe6d8, 0xe6b8, 0xe6f9, 0x946f,
  0x6b2b, 0xbdb4, 0xef3a, 0xe6d8, 0xeef8, 0xce15, 0x736c, 0x7bce, 0x7bad, 0x7b8d, 0x734c, 0x7bad, 0xe6d8, 0x9470, 0x6b2b, 0xc5d5, 0xef19, 0xce36, 0x736c, 0x738c,
  0xde77, 0xe6f9, 0xe6d8, 0xe6d8, 0xe6d8, 0xe6d8, 0xe6d8, 0xe6d8, 0xe6d8, 0xe6d8, 0xe6d8, 0xe6d8, 0xe6d8, 0xe6d8, 0xe6d8, 0xe6d8, 0xe6d8, 0xe6d8, 0xe6d8, 0xe6d8,
  0xe6d8, 0xe6d8, 0xe6d8, 0xe6d8, 0xe6d8, 0xe6d8, 0xe6d8, 0xe6d8, 0xe6d8, 0xe6d8, 0xe6d8, 0xe6d8, 0xe6f9, 0xce15, 0xd656, 0xa511, 0x736c, 0x0000, 0x2103, 0x9470,
  0x840e, 0x9470, 0xd656, 0xd676, 0xd656, 0xd656, 0xd656, 0xd656, 0xde77, 0x3165, 0x5289, 0xf73a, 0xd656, 0xad12, 0x5ac9, 0x944f, 0x7bad, 0x9c90, 0x83cd, 0x8c0e,
  0xa4d1, 0x8c0e, 0x8c2f, 0x8c2f, 0x8c2f, 0x8c2f, 0x8c2f, 0x8c2f, 0x8c2f, 0x8c2f, 0x8c2f, 0x8c2f, 0x944f, 0x944f, 0x944f, 0x944f, 0x944f, 0x944f, 0x944f, 0x944f,
  0x8c4f, 0x8c4f, 0x944f, 0x944f, 0x944f, 0x8c4f, 0x8c4f, 0x8c4f, 0x8c4f, 0x8c4f, 0x8c4f, 0x8c2f, 0x8c2f, 0x8c2f, 0x8c2f, 0x8c2f, 0x8c2f, 0x8c4f, 0x8c4f, 0x8c4f,
  0x944f, 0x9470, 0x9470, 0x8c2f, 0x7b8c, 0x9470, 0x7bad, 0xded8, 0xad32, 0x9cb1, 0x10a2, 0x2944, 0x8c6f, 0x83ee, 0xce15, 0xde77, 0xd656, 0xd656, 0xd656, 0xd656,
  0xd656, 0xd656, 0xd656, 0xd656, 0xd656, 0xd656, 0xde77, 0xce36, 0x10a2, 0x736c, 0xffbc, 0xbd94, 0xb552, 0xe6f9, 0xd656, 0xef19, 0xef19, 0xeef9, 0xef19, 0xef19,
  0xef19, 0xef19, 0xef19, 0xef19, 0xef19, 0xef1a, 0xef19, 0xef19, 0xef19, 0xef19, 0xef19, 0xef19, 0xef19, 0xef19, 0xef19, 0xef19, 0xef19, 0xef19, 0xef19, 0xef19,
  0xef19, 0xef19, 0xef19, 0xef19, 0xef19, 0xef19, 0xef1a, 0xef1a, 0xef1a, 0xef3a, 0xef19, 0xef39, 0xef19, 0xef39, 0xeef9, 0xef19, 0xeef9, 0xef19, 0xef19, 0xef19,
  0xef3a, 0xef1a, 0xeef9, 0xe6b8, 0xef19, 0xc5b4, 0xcdf5, 0x9c90, 0x738c, 0x0841, 0x41c6, 0x9cb1, 0x7bad, 0xc5f5, 0xde77, 0xd656, 0xd656, 0xd656, 0xd677, 0xd676,
  0xde77, 0x39c6, 0x3186, 0xef19, 0xce15, 0x946f, 0xce36, 0xeef9, 0xe6d8, 0xe6d8, 0xe6d8, 0xe6d8, 0xe6d8, 0xe6d8, 0xe6d8, 0xe6d8, 0xe6d8, 0xe6d8, 0xe6d8, 0xe6d8,
  0xe6d8, 0xe6d8, 0xe6d8, 0xe6d8, 0xe6d8, 0xe6d8, 0xe6d8, 0xe6d8, 0xe6d8, 0xe6d8, 0xe6d8, 0xe6d8, 0xe6d8, 0xe6d8, 0xe6d8, 0xe6d8, 0xe6d8, 0xe6d8, 0xe6d8, 0xeef9,
  0xf75a, 0xf73a, 0xf73a, 0xef39, 0xf75a, 0xf73a, 0xe6b8, 0xe6d8, 0xf75a, 0xf73a, 0xe6f9, 0xe6d9, 0xe6f9, 0xf73a, 0xf73a, 0xe6d8, 0xe6d8, 0xe6d8, 0xe6d8, 0xef19,
  0xf75a, 0xeef9, 0xe6d8, 0xe6f9, 0xe6d8, 0xe6f9, 0xf73a, 0xf75a, 0xf73a, 0xf739, 0xf73a, 0xf73a, 0xe6d8, 0xef19, 0xf75a, 0xeef9, 0xe6d8, 0xe6f9, 0xf73a, 0xf73a,
  0xe6d8, 0xe6d8, 0xe6d8, 0xe6d8, 0xe6d8, 0xe6d8, 0xe6d8, 0xe6d8, 0xe6d8, 0xe6d8, 0xe6d8, 0xe6d8, 0xe6d8, 0xe6d8, 0xe6d8, 0xe6d8, 0xe6d8, 0xe6d8, 0xe6d8, 0xe6d8,
  0xe6d8, 0xe6d8, 0xe6d8, 0xe6d8, 0xe6d8, 0xe6d8, 0xe6d8, 0xe6d8, 0xe6d8, 0xe6d8, 0xe6d8, 0xe6d8, 0xe6f9, 0xce15, 0xd677, 0xad12, 0x738c, 0x0000, 0x4228, 0x8c2f,
  0x8c0e, 0x840e, 0xc5d4, 0xde77, 0xd656, 0xd656, 0xd656, 0xd656, 0xde77, 0x3185, 0x5289, 0xf75a, 0xbd74, 0x8c2f, 0xef3a, 0xde97, 0xde97, 0xef3a, 0xef19, 0xeef9,
  0xeef9, 0xeef9, 0xef19, 0xef19, 0xef19, 0xef19, 0xef19, 0xef19, 0xef19, 0xef19, 0xef19, 0xef19, 0xef19, 0xef19, 0xef19, 0xef19, 0xef19, 0xeef9, 0xeef9, 0xeef9,
  0xeef9, 0xeef9, 0xeef9, 0xeef9, 0xeef9, 0xeef9, 0xeef9, 0xeef9, 0xef19, 0xef19, 0xef19, 0xef19, 0xef19, 0xef19, 0xeef9, 0xef19, 0xef19, 0xef19, 0xef19, 0xef19,
  0xef19, 0xef19, 0xef19, 0xe718, 0xde97, 0xe6d8, 0xd657, 0xad32, 0xce16, 0x8c2f, 0x18c2, 0x18a2, 0x8c0e, 0x83ee, 0xad32, 0xdeb8, 0xd656, 0xd656, 0xd656, 0xd676,
  0xd656, 0xd656, 0xd656, 0xd656, 0xd656, 0xd656, 0xde77, 0xce16, 0x10a2, 0x736c, 0xff7b, 0xd636, 0xce15, 0xe6d8, 0xe6d8, 0xe6d8, 0xe6d8, 0xe6d8, 0xe6d8, 0xe6d8,
  0xe6d8, 0xe6d8, 0xe6d8, 0xe6d8, 0xe6d8, 0xe6d8, 0xe6d8, 0xe6d8, 0xe6d8, 0xe6d8, 0xe6d8, 0xe6d8, 0xe6d8, 0xe6d8, 0xe6d8, 0xe6d8, 0xe6d8, 0xe6d8, 0xe6d8, 0xe6d8,
  0xe6d8, 0xe6d8, 0xe6d8, 0xe6d8, 0xe6d8, 0xe6d8, 0xe6d8, 0xe6d8, 0xe6d8, 0xe6d8, 0xe6d8, 0xe6d8, 0xe6d8, 0xe6d8, 0xe6d8, 0xe6d8, 0xe6d8, 0xe6d8, 0xe6d8, 0xe6d8,
  0xe6d8, 0xe6b8, 0xe6d8, 0xdeb8, 0xde97, 0xe6b8, 0xd677, 0x9cb0, 0x738c, 0x0000, 0x5aca, 0x8c0e, 0x9490, 0xd656, 0xd656, 0xd656, 0xd656, 0xd656, 0xd656, 0xd656,
  0xde77, 0x39c6, 0x3186, 0xef19, 0xce15, 0x946f, 0xd636, 0xeef9, 0xe6d8, 0xe6d8, 0xe6d8, 0xe6d8, 0xe6d8, 0xe6d8, 0xe6d8, 0xe6d8, 0xe6d8, 0xe6d8, 0xe6d8, 0xe6d8,
  0xe6d8, 0xe6d8, 0xe6d8, 0xe6d8, 0xe6d8, 0xe6d8, 0xe6d8, 0xe6d8, 0xe6d8, 0xe6d8, 0xe6d8, 0xe6d8, 0xe6d8, 0xe6d8, 0xe6d8, 0xe6d8, 0xe6d8, 0xe6d8, 0xe6d8, 0xe6d8,
  0xe6b8, 0xe6b8, 0xe6b8, 0xe6b8, 0xe6b8, 0xe6b8, 0xe6d8, 0xe6d8, 0xe6b8, 0xe6d8, 0xe6d8, 0xe6d8, 0xe6d8, 0xe6b8, 0xe6b8, 0xe6d8, 0xe6d8, 0xe6d8, 0xe6d8, 0xe6d8,
  0xe6b8, 0xe6d8, 0xe6d8, 0xe6d8, 0xe6d8, 0xe6d8, 0xe6b8, 0xe6b8, 0xe6b8, 0xe6b8, 0xe6b8, 0xe6b8, 0xe6d8, 0xe6d8, 0xe6b8, 0xe6d8, 0xe6d8, 0xe6d8, 0xe6b8, 0xe6b8,
  0xe6d8, 0xe6d8, 0xe6d8, 0xe6d8, 0xe6d8, 0xe6d8, 0xe6d8, 0xe6d8, 0xe6d8, 0xe6d8, 0xe6d8, 0xe6d8, 0xe6d8, 0xe6d8, 0xe6d8, 0xe6d8, 0xe6d8, 0xe6d8, 0xe6d8, 0xe6d8,
  0xe6d8, 0xe6d8, 0xe6d8, 0xe6d8, 0xe6d8, 0xe6d8, 0xe6d8, 0xe6d8, 0xe6d8, 0xe6d8, 0xe6d8, 0xe6d8, 0xe6f8, 0xce15, 0xd677, 0xad32, 0x736c, 0x0020, 0x18e3, 0x8c4f,
  0x7bcd, 0x944f, 0xd697, 0xd656, 0xd656, 0xd656, 0xd656, 0xd677, 0xde97, 0x3185, 0x5aaa, 0xf73a, 0xce36, 0xcdf5, 0xde97, 0xde77, 0xe6d8, 0xe6d8, 0xe6d8, 0xe6d8,
  0xe6d8, 0xe6d8, 0xe6d8, 0xe6d8, 0xe6d8, 0xe6d8, 0xe6d8, 0xe6d8, 0xe6d8, 0xe6d8, 0xe6d8, 0xe6d8, 0xe6d8, 0xe6d8, 0xe6d8, 0xe6d8, 0xe6d8, 0xe6d8, 0xe6d8, 0xe6d8,
  0xe6d8, 0xe6d8, 0xe6d8, 0xe6d8, 0xe6d8, 0xe6d8, 0xe6d8, 0xe6d8, 0xe6d8, 0xe6d8, 0xe6d8, 0xe6d8, 0xe6d8, 0xe6d8, 0xe6d8, 0xe6d8, 0xe6d8, 0xe6d8, 0xe6d8, 0xe6d8,
  0xe6d8, 0xe6d8, 0xe6d8, 0xe6d8, 0xe6b8, 0xde97, 0xde97, 0xe6f9, 0xa4d0, 0xa4f2, 0x20e3, 0x3185, 0x9490, 0x8c0e, 0xce36, 0xde77, 0xd656, 0xd656, 0xd656, 0xd676,
  0xd656, 0xd656, 0xd656, 0xd656, 0xd656, 0xd656, 0xde77, 0xce15, 0x10a2, 0x736c, 0xff7b, 0xd636, 0xde77, 0xe6d8, 0xe6d8, 0xe6d8, 0xe6d8, 0xe6d8, 0xe6d8, 0xe6d8,
  0xe6d8, 0xe6d8, 0xe6d8, 0xe6d8, 0xe6d8, 0xe6d8, 0xe6d8, 0xe6d8, 0xe6d8, 0xe6d8, 0xe6d8, 0xe6d8, 0xe6d8, 0xe6d8, 0xe6d8, 0xe6d8, 0xe6d8, 0xe6d8, 0xe6d8, 0xe6d8,
  0xe6d8, 0xe6d8, 0xe6d8, 0xe6d8, 0xe6d8, 0xe6d8, 0xe6d8, 0xe6d8, 0xe6d8, 0xe6d8, 0xe6d8, 0xe6d8, 0xe6d8, 0xe6d8, 0xe6d8, 0xe6d8, 0xe6d8, 0xe6d8, 0xe6d8, 0xe6d8,
  0xe6d8, 0xe6d8, 0xe6d8, 0xe6d8, 0xe6f9, 0xde77, 0xd636, 0xa4d1, 0x738c, 0x0861, 0x2944, 0xa4f1, 0x736c, 0xbdb4, 0xde97, 0xd656, 0xd656, 0xd656, 0xd656, 0xd656,
  0xde77, 0x39c6, 0x3186, 0xef19, 0xce15, 0x946f, 0xd636, 0xeef9, 0xe6d8, 0xe6d8, 0xe6d8, 0xe6d8, 0xe6d8, 0xe6d8, 0xe6d8, 0xe6d8, 0xe6d8, 0xe6d8, 0xe6d8, 0xe6d8,
  0xe6d8, 0xe6d8, 0xe6d8, 0xe6d8, 0xe6d8, 0xe6d8, 0xe6d8, 0xe6d8, 0xe6d8, 0xe6d8, 0xe6d8, 0xe6d8, 0xe6d8, 0xe6d8, 0xe6d8, 0xe6d8, 0xe6d8, 0xe6d8, 0xe6d8, 0xe6d8,
  0xe6d8, 0xe6d8, 0xe6d8, 0xe6d8, 0xe6d8, 0xe6d8, 0xe6d8, 0xe6d8, 0xe6d8, 0xe6d8, 0xe6d8, 0xe6d8, 0xe6d8, 0xe6d8, 0xe6d8, 0xe6d8, 0xe6d8, 0xe6d8, 0xe6d8, 0xe6d8,
  0xe6d8, 0xe6d8, 0xe6d8, 0xe6d8, 0xe6d8, 0xe6d8, 0xe6d8, 0xe6d8, 0xe6d8, 0xe6d8, 0xe6d8, 0xe6d8, 0xe6d8, 0xe6d8, 0xe6d8, 0xe6d8, 0xe6d8, 0xe6d8, 0xe6d8, 0xe6d8,
  0xe6d8, 0xe6d8, 0xe6d8, 0xe6d8, 0xe6d8, 0xe6d8, 0xe6d8, 0xe6d8, 0xe6d8, 0xe6d8, 0xe6d8, 0xe6d8, 0xe6d8, 0xe6d8, 0xe6d8, 0xe6d8, 0xe6d8, 0xe6d8, 0xe6d8, 0xe6d8,
  0xe6d8, 0xe6d8, 0xe6d8, 0xe6d8, 0xe6d8, 0xe6d8, 0xe6d8, 0xe6d8, 0xe6d8, 0xe6d8, 0xe6d8, 0xe6d8, 0xe6d8, 0xce16, 0xde77, 0xad32, 0x736c, 0x0000, 0x4228, 0x7bcd,
  0x8c4f, 0x840e, 0xbd93, 0xde97, 0xd656, 0xd656, 0xd656, 0xd677, 0xde97, 0x3185, 0x5aaa, 0xf75a, 0xd636, 0xd656, 0xe6d8, 0xe6d8, 0xe6d8, 0xe6d8, 0xe6d9, 0xe6d9,
  0xe6d9, 0xe6d9, 0xe6d8, 0xe6d8, 0xe6d8, 0xe6d8, 0xe6d9, 0xe6d9, 0xe6d9, 0xe6d9, 0xe6d9, 0xe6d9, 0xe6d9, 0xe6d9, 0xe6d8, 0xe6d8, 0xe6d8, 0xe6d8, 0xe6d8, 0xe6d8,
  0xe6d8, 0xe6d8, 0xe6d8, 0xe6d8, 0xe6d8, 0xe6d8, 0xe6d8, 0xe6d8, 0xe6d8, 0xe6d8, 0xe6d8, 0xe6d8, 0xe6d8, 0xe6d8, 0xe6d8, 0xe6d8, 0xe6d9, 0xe6d8, 0xe6d8, 0xe6d8,
  0xe6d8, 0xe6d8, 0xe6d8, 0xe6d8, 0xe6d8, 0xe6f9, 0xd677, 0xbdb4, 0xce15, 0x8bee, 0x18a2, 0x18e3, 0x942f, 0x83ee, 0xad11, 0xde97, 0xd656, 0xd656, 0xd656, 0xd676,
  0xd656, 0xd656, 0xd656, 0xd656, 0xd656, 0xd656, 0xde76, 0xce15, 0x10a2, 0x736c, 0xf77a, 0xd636, 0xde77, 0xe6d8, 0xe6d8, 0xe6d8, 0xe6d8, 0xe6d8, 0xe6d8, 0xe6d8,
  0xe6d8, 0xe6d8, 0xe6d8, 0xe6d8, 0xe6d8, 0xe6d8, 0xe6d8, 0xe6d8, 0xe6d8, 0xe6d8, 0xe6d8, 0xe6d8, 0xe6d8, 0xe6d8, 0xe6d8, 0xe6d8, 0xe6d8, 0xe6d8, 0xe6d8, 0xe6d8,
  0xe6d8, 0xe6d8, 0xe6d8, 0xe6d8, 0xe6d8, 0xe6d8, 0xe6d8, 0xe6d8, 0xe6d8, 0xe6d8, 0xe6d8, 0xe6d8, 0xe6d8, 0xe6d8, 0xe6d8, 0xe6d8, 0xe6d8, 0xe6d8, 0xe6d8, 0xe6d8,
  0xe6d8, 0xe6d8, 0xe6d8, 0xe6d8, 0xe6d8, 0xde97, 0xd656, 0x8c2e, 0x7bce, 0x0020, 0x5289, 0x9470, 0x9c90, 0xd656, 0xd676, 0xd656, 0xd656, 0xd656, 0xd656, 0xd656,
  0xde77, 0x39c6, 0x31a6, 0xef3a, 0xce15, 0x948f, 0xd636, 0xeef9, 0xe6d8, 0xe6d8, 0xe6d8, 0xe6d8, 0xe6d8, 0xe6d8, 0xe6d8, 0xe6d8, 0xe6d8, 0xe6d8, 0xe6d8, 0xe6d8,
  0xe6d8, 0xe6d8, 0xe6d8, 0xe6d8, 0xe6d8, 0xe6d8, 0xe6d8, 0xe6d8, 0xe6d8, 0xe6d8, 0xe6d8, 0xe6d8, 0xe6d8, 0xe6d8, 0xe6d8, 0xe6d8, 0xe6d8, 0xe6d8, 0xe6d8, 0xe6d8,
  0xe6d8, 0xe6d8, 0xe6d8, 0xe6d8, 0xe6d8, 0xe6d8, 0xe6d8, 0xe6d8, 0xe6d8, 0xe6d8, 0xe6d8, 0xe6d8, 0xe6d8, 0xe6d8, 0xe6d8, 0xe6d8, 0xe6d8, 0xe6d8, 0xe6d8, 0xe6d8,
  0xe6d8, 0xe6d8, 0xe6d8, 0xe6d8, 0xe6d8, 0xe6d8, 0xe6d8, 0xe6d8, 0xe6d8, 0xe6d8, 0xe6d8, 0xe6d8, 0xe6d8, 0xe6d8, 0xe6d8, 0xe6d8, 0xe6d8, 0xe6d8, 0xe6d8, 0xe6d8,
  0xe6d8, 0xe6d8, 0xe6d8, 0xe6d8, 0xe6d8, 0xe6d8, 0xe6d8, 0xe6d8, 0xe6d8, 0xe6d8, 0xe6d8, 0xe6d8, 0xe6d8, 0xe6d8, 0xe6d8, 0xe6d8, 0xe6d8, 0xe6d8, 0xe6d8, 0xe6d8,
  0xe6d8, 0xe6d8, 0xe6d8, 0xe6d8, 0xe6d8, 0xe6d8, 0xe6d8, 0xe6d8, 0xe6d8, 0xe6d8, 0xe6d8, 0xe6d8, 0xe6d8, 0xd636, 0xde97, 0xad12, 0x736c, 0x0000, 0x3165, 0x8c4f,
  0x736c, 0xa4f1, 0xde97, 0xd656, 0xd656, 0xd656, 0xd656, 0xd677, 0xde77, 0x3185, 0x5aaa, 0xf73a, 0xd636, 0xd656, 0xe6f9, 0xe6d8, 0xe6d8, 0xe6d8, 0xe6d8, 0xe6d8,
  0xe6d8, 0xe6d8, 0xe6d8, 0xe6d8, 0xe6d8, 0xe6d8, 0xe6d8, 0xe6d8, 0xe6d8, 0xe6d8, 0xe6d8, 0xe6d8, 0xe6d8, 0xe6d8, 0xe6d8, 0xe6d8, 0xe6d8, 0xe6d8, 0xe6d8, 0xe6d8,
  0xe6d8, 0xe6d8, 0xe6d8, 0xe6d8, 0xe6d8, 0xe6d8, 0xe6d8, 0xe6d8, 0xe6d8, 0xe6d8, 0xe6d8, 0xe6d8, 0xe6d8, 0xe6d8, 0xe6d8, 0xe6d8, 0xe6d8, 0xe6d8, 0xe6d8, 0xe6d8,
  0xe6d8, 0xe6d8, 0xe6d8, 0xe6d8, 0xe6d8, 0xe6d8, 0xe6b8, 0xde77, 0x9c90, 0xb553, 0x2104, 0x2965, 0x9c90, 0x8c0e, 0xce15, 0xde77, 0xd656, 0xd656, 0xd656, 0xd656,
  0xd656, 0xd656, 0xd656, 0xd656, 0xd656, 0xd656, 0xde77, 0xce15, 0x10a3, 0x736c, 0xf75a, 0xce36, 0xde77, 0xe6d8, 0xe6d8, 0xe6d8, 0xe6d8, 0xe6d8, 0xe6d8, 0xe6d8,
  0xe6d8, 0xe6d8, 0xe6d8, 0xe6d8, 0xe6d8, 0xe6d8, 0xe6d8, 0xe6d8, 0xe6d8, 0xe6d8, 0xe6d8, 0xe6d8, 0xe6d8, 0xe6d8, 0xe6d8, 0xe6d8, 0xe6d8, 0xe6d8, 0xe6d8, 0xe6d8,
  0xe6d8, 0xe6d8, 0xe6d8, 0xe6d8, 0xe6d8, 0xe6d8, 0xe6d8, 0xe6d8, 0xe6d8, 0xe6d8, 0xe6d8, 0xe6d8, 0xe6d8, 0xe6d8, 0xe6d8, 0xe6d8, 0xe6d8, 0xe6d8, 0xe6d8, 0xe6d8,
  0xe6d8, 0xe6d8, 0xe6d8, 0xe6d8, 0xe6d8, 0xde77, 0xce15, 0x9cb0, 0x7b8d, 0x0020, 0x4a28, 0x9c90, 0x8c2e, 0xce36, 0xde77, 0xd676, 0xd656, 0xd656, 0xd677, 0xd676,
  0xde77, 0x39e6, 0x31a6, 0xef3a, 0xce15, 0x946f, 0xd636, 0xeef9, 0xe6d8, 0xe6d8, 0xe6d8, 0xe6d8, 0xe6d8, 0xe6d8, 0xe6d8, 0xe6d8, 0xe6d8, 0xe6d8, 0xe6d8, 0xe6d8,
  0xe6d8, 0xe6d8, 0xe6d8, 0xe6d8, 0xe6d8, 0xe6d8, 0xe6d8, 0xe6d8, 0xe6d8, 0xe6d8, 0xe6d8, 0xe6d8, 0xe6d8, 0xe6d8, 0xe6d8, 0xe6d8, 0xe6d8, 0xe6d8, 0xe6d8, 0xe6d8,
  0xe6d8, 0xe6d8, 0xe6d8, 0xe6d8, 0xe6d8, 0xe6d8, 0xe6d8, 0xe6d8, 0xe6d8, 0xe6d8, 0xe6d8, 0xe6d8, 0xe6d8, 0xe6d8, 0xe6d8, 0xe6d8, 0xe6d8, 0xe6d8, 0xe6d8, 0xe6d8,
  0xe6d8, 0xe6d8, 0xe6d8, 0xe6d8, 0xe6d8, 0xe6d8, 0xe6d8, 0xe6d8, 0xe6d8, 0xe6d8, 0xe6d8, 0xe6d8, 0xe6d8, 0xe6d8, 0xe6d8, 0xe6d8, 0xe6d8, 0xe6d8, 0xe6d8, 0xe6d8,
  0xe6d8, 0xe6d8, 0xe6d8, 0xe6d8, 0xe6d8, 0xe6d8, 0xe6d8, 0xe6d8, 0xe6d8, 0xe6d8, 0xe6d8, 0xe6d8, 0xe6d8, 0xe6d8, 0xe6d8, 0xe6d8, 0xe6d8, 0xe6d8, 0xe6d8, 0xe6d8,
  0xe6d8, 0xe6d8, 0xe6d8, 0xe6d8, 0xe6d8, 0xe6d8, 0xe6d8, 0xe6d8, 0xe6d8, 0xe6d8, 0xe6d8, 0xe6d8, 0xe6f8, 0xd636, 0xde97, 0xad12, 0x736c, 0x0000, 0x39c6, 0x9470,
  0x9c90, 0x736c, 0xbdb4, 0xde76, 0xd656, 0xd656, 0xd656, 0xd677, 0xde77, 0x3185, 0x5aaa, 0xf75a, 0xd636, 0xd656, 0xe6f9, 0xe6d8, 0xe6d8, 0xe6d8, 0xe6d8, 0xe6d8,
  0xe6d8, 0xe6d8, 0xe6d8, 0xe6d8, 0xe6d8, 0xe6d8, 0xe6d8, 0xe6d8, 0xe6d8, 0xe6d8, 0xe6d8, 0xe6d8, 0xe6d8, 0xe6d8, 0xe6d8, 0xe6d8, 0xe6d8, 0xe6d8, 0xe6d8, 0xe6d8,
  0xe6d8, 0xe6d8, 0xe6d8, 0xe6d8, 0xe6d8, 0xe6d8, 0xe6d8, 0xe6d8, 0xe6d8, 0xe6d8, 0xe6d8, 0xe6d8, 0xe6d8, 0xe6d8, 0xe6d8, 0xe6f8, 0xe6d8, 0xe6d8, 0xe6d8, 0xe6d8,
  0xe6d8, 0xe6d8, 0xe6d8, 0xe6d8, 0xe6d8, 0xe6d8, 0xe6b8, 0xd656, 0xbd94, 0x9490, 0x2103, 0x2924, 0x9cb1, 0x7b8c, 0xad32, 0xe6b8, 0xd656, 0xd656, 0xd656, 0xd656,
  0xd656, 0xd656, 0xd656, 0xd656, 0xd656, 0xd656, 0xde77, 0xce15, 0x10a2, 0x736c, 0xf75a, 0xce36, 0xde77, 0xe6d8, 0xe6d8, 0xe6d8, 0xe6d8, 0xe6d8, 0xe6d8, 0xe6d8,
  0xe6d8, 0xe6d8, 0xe6d8, 0xe6b8, 0xe6b8, 0xe6b8, 0xe6b8, 0xe6b8, 0xe6b8, 0xe6b8, 0xe6b8, 0xe6b8, 0xe6b8, 0xe6b8, 0xe6b8, 0xe6b8, 0xe6b8, 0xe6b8, 0xe6b8, 0xe6b8,
  0xe6b8, 0xe6b8, 0xe6b8, 0xe6b8, 0xe6b8, 0xe6b8, 0xe6d8, 0xe6d8, 0xe6d8, 0xe6d8, 0xe6d8, 0xe6d8, 0xe6d8, 0xe6d8, 0xe6d8, 0xe6d8, 0xe6d8, 0xe6d8, 0xe6d8, 0xe6d8,
  0xe6d8, 0xe6d8, 0xe6d8, 0xe6d8, 0xe6d8, 0xe6b8, 0xd656, 0x8c4f, 0x840e, 0x0862, 0x5289, 0x944f, 0x9470, 0xd656, 0xd676, 0xd656, 0xd656, 0xd656, 0xd677, 0xd676,
  0xde77, 0x39e6, 0x31a6, 0xef19, 0xce15, 0x944f, 0xce36, 0xeef9, 0xe6d8, 0xe6d8, 0xe6d8, 0xe6d8, 0xe6d8, 0xe6d8, 0xe6d8, 0xe6d8, 0xe6d8, 0xe6d8, 0xe6d8, 0xe6d8,
  0xe6d8, 0xe6d8, 0xe6d8, 0xeef9, 0xeef9, 0xeef9, 0xeef9, 0xeef9, 0xeef9, 0xeef9, 0xeef9, 0xe6d8, 0xe6d8, 0xe6d8, 0xe6d8, 0xe6d8, 0xe6d8, 0xe6d8, 0xe6d8, 0xe6d8,
  0xeef9, 0xeef9, 0xeef9, 0xeef9, 0xeef9, 0xeef9, 0xeef9, 0xe6f9, 0xe6d8, 0xe6d8, 0xe6d8, 0xe6d8, 0xe6d8, 0xe6d8, 0xe6d8, 0xe6d8, 0xe6f8, 0xeef9, 0xeef9, 0xeef9,
  0xeef9, 0xeef9, 0xeef9, 0xeef9, 0xeef9, 0xeef9, 0xeef9, 0xeef9, 0xe6d8, 0xe6d8, 0xe6d8, 0xe6d8, 0xe6d8, 0xe6d8, 0xe6d8, 0xeef8, 0xeef9, 0xeef9, 0xeef9, 0xeef9,
  0xeef9, 0xeef9, 0xeef9, 0xe6d8, 0xe6d8, 0xe6d8, 0xe6d8, 0xe6d8, 0xe6d8, 0xe6d8, 0xe6f8, 0xeef9, 0xeef9, 0xeef9, 0xeef9, 0xeef9, 0xeef9, 0xeef9, 0xe6d8, 0xe6d8,
  0xe6d8, 0xe6d8, 0xe6d8, 0xe6d8, 0xe6d8, 0xe6d8, 0xe6d8, 0xe6d8, 0xe6d8, 0xe6d8, 0xe6d8, 0xe6d8, 0xe6d8, 0xd636, 0xde97, 0xad12, 0x736c, 0x0020, 0x2965, 0x8c4f,
  0x83cd, 0x9490, 0xd656, 0xd656, 0xd656, 0xd656, 0xd656, 0xd677, 0xde77, 0x3185, 0x5aaa, 0xf75a, 0xd656, 0xd677, 0xe6f9, 0xe6d8, 0xe6d8, 0xe6d8, 0xe6d8, 0xe6d8,
  0xe6d8, 0xe6d9, 0xe6d8, 0xe6d8, 0xe6d8, 0xe6d8, 0xe6d8, 0xe6d8, 0xe6d8, 0xe6d8, 0xe6d8, 0xe6d8, 0xe6d8, 0xe6d8, 0xe6d8, 0xe6d8, 0xe6d8, 0xe6d8, 0xe6d8, 0xe6d8,
  0xe6d8, 0xe6d8, 0xe6d8, 0xe6d8, 0xe6d8, 0xe6d8, 0xe6d8, 0xe6d8, 0xe6d8, 0xe6d8, 0xe6d8, 0xe6d8, 0xe6d8, 0xe6d8, 0xe6d8, 0xe6d8, 0xe6d8, 0xe6d8, 0xe6d8, 0xe6d8,
  0xe6d8, 0xe6d8, 0xe6d8, 0xe6d8, 0xe6d8, 0xe6d8, 0xe6b8, 0xde97, 0xb553, 0xb573, 0x2104, 0x2945, 0x944f, 0x8c0e, 0xce15, 0xde97, 0xd656, 0xd656, 0xd656, 0xd656,
  0xd656, 0xd656, 0xd656, 0xd656, 0xd656, 0xd656, 0xde77, 0xce36, 0x18c2, 0x736c, 0xf75a, 0xce15, 0xde77, 0xe6d8, 0xe6d8, 0xe6d8, 0xe6d8, 0xe6d8, 0xe6d8, 0xe6d8,
  0xef19, 0xef3a, 0xef19, 0xef19, 0xef39, 0xef19, 0xef39, 0xef19, 0xef19, 0xef39, 0xef39, 0xef19, 0xef19, 0xef19, 0xef19, 0xef19, 0xef19, 0xef19, 0xef3a, 0xef19,
  0xef19, 0xef19, 0xef19, 0xef39, 0xef39, 0xef39, 0xef19, 0xef19, 0xef39, 0xef39, 0xef3a, 0xef3a, 0xef3a, 0xf73a, 0xeef9, 0xe6d8, 0xe6d8, 0xe6d8, 0xe6d8, 0xe6d8,
  0xe6d8, 0xe6d8, 0xe6d8, 0xe6d8, 0xe6d8, 0xde97, 0xde77, 0x9cb1, 0x736c, 0x0861, 0x4a48, 0x9470, 0x83ed, 0xc5f5, 0xde77, 0xd656, 0xd656, 0xd656, 0xd656, 0xd676,
  0xde77, 0x39c6, 0x31a6, 0xef19, 0xce15, 0x944f, 0xce36, 0xeef9, 0xe6d8, 0xe6d8, 0xe6d8, 0xe6d8, 0xe6d8, 0xe6d8, 0xe6d8, 0xe6d8, 0xe6d8, 0xe6d8, 0xe6d8, 0xe6d8,
  0xe6d8, 0xe6d8, 0xe6d8, 0xd677, 0xd656, 0xd657, 0xd656, 0xd656, 0xd656, 0xd656, 0xd677, 0xe6f8, 0xe6d8, 0xe6d8, 0xe6d8, 0xe6d8, 0xe6d8, 0xe6d8, 0xe6d8, 0xe6d8,
  0xd677, 0xd656, 0xd656, 0xd677, 0xd677, 0xd656, 0xd657, 0xde97, 0xe6d8, 0xe6d8, 0xe6d8, 0xe6d8, 0xe6d8, 0xe6d8, 0xe6d8, 0xe6f8, 0xde97, 0xd656, 0xd657, 0xd657,
  0xd657, 0xd656, 0xd656, 0xd656, 0xd656, 0xd677, 0xd676, 0xd657, 0xe6b8, 0xe6d8, 0xe6d8, 0xe6d8, 0xe6d8, 0xe6d8, 0xe6d8, 0xde97, 0xd656, 0xd656, 0xd656, 0xd677,
  0xd656, 0xd657, 0xd657, 0xe6b8, 0xe6d8, 0xe6d8, 0xe6d8, 0xe6d8, 0xe6d8, 0xe6f8, 0xde97, 0xd636, 0xce36, 0xd636, 0xd656, 0xd656, 0xd677, 0xd657, 0xe6b8, 0xe6d8,
  0xe6d8, 0xe6d8, 0xe6d8, 0xe6d8, 0xe6d8, 0xe6d8, 0xe6d8, 0xe6d8, 0xe6d8, 0xe6d8, 0xe6d8, 0xe6d8, 0xe6d8, 0xd656, 0xde97, 0xad12, 0x736c, 0x0000, 0x39c6, 0x9470,
  0x83cd, 0x840e, 0xc5f5, 0xde77, 0xd656, 0xd656, 0xd656, 0xd677, 0xde77, 0x3185, 0x5aaa, 0xf75a, 0xd656, 0xde77, 0xe6d8, 0xe6d8, 0xe6d8, 0xe6d8, 0xe6d8, 0xe6d9,
  0xe6d9, 0xe6d8, 0xef1a, 0xef39, 0xf73a, 0xf73a, 0xf73a, 0xf73a, 0xf73a, 0xf73a, 0xf73a, 0xf73a, 0xf73a, 0xf73a, 0xf73a, 0xf73a, 0xf73a, 0xf73a, 0xf739, 0xef39,
  0xef39, 0xf73a, 0xf73a, 0xf73a, 0xf73a, 0xef3a, 0xef3a, 0xef3a, 0xef39, 0xf73a, 0xf73a, 0xf73a, 0xf73a, 0xf73a, 0xf73a, 0xf73a, 0xf739, 0xf73a, 0xeef9, 0xe6b8,
  0xe6d8, 0xe6d8, 0xe6d8, 0xe6d8, 0xe6d8, 0xe6d8, 0xe6b8, 0xe6d8, 0xa4f1, 0xbd94, 0x2944, 0x2124, 0x9cb1, 0x7b8d, 0xb573, 0xde97, 0xd656, 0xd656, 0xd656, 0xd656,
  0xd656, 0xd656, 0xd656, 0xd656, 0xd656, 0xd656, 0xde77, 0xce36, 0x18c2, 0x736c, 0xf75a, 0xce15, 0xde77, 0xe6d8, 0xe6d8, 0xe6d8, 0xe6d8, 0xe6d8, 0xe6d8, 0xf75a,
  0x8c0f, 0x5a89, 0x5aca, 0x5aca, 0x62ea, 0x62ea, 0x62ea, 0x5aea, 0x5aca, 0x5aca, 0x5aca, 0x5aca, 0x5aca, 0x5aca, 0x5aca, 0x5aca, 0x5aca, 0x62ea, 0x62ea, 0x5aca,
  0x5aca, 0x5aca, 0x5aca, 0x5aca, 0x5aca, 0x5aca, 0x5aca, 0x5aca, 0x5aca, 0x5aca, 0x5aca, 0x5aca, 0x630b, 0x5289, 0x9cb1, 0xf75a, 0xe6d8, 0xe6d8, 0xe6d8, 0xe6d8,
  0xe6d8, 0xe6d8, 0xe6d8, 0xe6d8, 0xe6d8, 0xde97, 0xd636, 0x8c4f, 0x83ee, 0x0020, 0x5aaa, 0x944f, 0x840e, 0xce56, 0xde76, 0xd656, 0xd656, 0xd656, 0xd656, 0xd676,
  0xde77, 0x39c6, 0x31a6, 0xef19, 0xce15, 0x944f, 0xce36, 0xeef9, 0xe6d8, 0xe6d8, 0xe6d8, 0xe6d8, 0xe6d8, 0xe6d8, 0xe6d8, 0xe6d8, 0xe6d8, 0xe6d8, 0xe6d8, 0xe6d8,
  0xe6d8, 0xe6d8, 0xef19, 0x62ca, 0x2124, 0x2965, 0x2965, 0x2965, 0x2965, 0x2925, 0x5289, 0xef19, 0xe6d8, 0xe6d8, 0xe6d8, 0xe6d8, 0xe6d8, 0xe6d8, 0xe6f8, 0xde97,
  0x39c6, 0x2944, 0x2965, 0x3185, 0x3185, 0x3185, 0x2104, 0x736c, 0xef3a, 0xe6b8, 0xe6d8, 0xe6d8, 0xe6d8, 0xe6d8, 0xe6d8, 0xef3a, 0x7bad, 0x2103, 0x3186, 0x2985,
  0x2965, 0x2965, 0x2965, 0x2965, 0x2965, 0x3186, 0x3186, 0x2124, 0xad33, 0xef19, 0xe6d8, 0xe6d8, 0xe6d8, 0xe6b8, 0xf73a, 0x840e, 0x2104, 0x3185, 0x2985, 0x3185,
  0x2965, 0x2965, 0x2124, 0xbd94, 0xef19, 0xe6d8, 0xe6d8, 0xe6d8, 0xe6b8, 0xf75a, 0x9470, 0x18e3, 0x2985, 0x2965, 0x2965, 0x2945, 0x2965, 0x2104, 0xad12, 0xf739,
  0xe6b8, 0xe6d8, 0xe6d8, 0xe6d8, 0xe6d8, 0xe6d8, 0xe6d8, 0xe6d8, 0xe6d8, 0xe6d8, 0xe6d8, 0xe6d8, 0xe6d8, 0xd656, 0xde98, 0xa4f1, 0x6b4c, 0x0000, 0x2924, 0x8c4f,
  0x8c0e, 0x9470, 0xce36, 0xde76, 0xd656, 0xd656, 0xd656, 0xd677, 0xde77, 0x3185, 0x5aaa, 0xf75a, 0xd656, 0xde77, 0xe6d8, 0xe6d8, 0xe6d8, 0xe6d8, 0xe6f8, 0xe6f8,
  0xe6d8, 0xf739, 0x83ce, 0x5aca, 0x630b, 0x62ea, 0x62ea, 0x62eb, 0x630b, 0x630b, 0x630b, 0x62eb, 0x630b, 0x630b, 0x630b, 0x630b, 0x630b, 0x630b, 0x630b, 0x630b,
  0x630b, 0x630b, 0x630b, 0x630b, 0x630b, 0x630b, 0x62eb, 0x62eb, 0x630b, 0x630b, 0x630b, 0x630b, 0x62eb, 0x62ea, 0x62ea, 0x62ea, 0x630b, 0x5aa9, 0xb573, 0xf75a,
  0xe6d8, 0xe6d8, 0xe6d8, 0xe6d8, 0xe6d8, 0xe6d8, 0xe6b8, 0xd676, 0xce16, 0x9cb1, 0x2103, 0x20e3, 0x9c90, 0x8c4f, 0xb532, 0xde97, 0xd656, 0xd656, 0xd656, 0xd656,
  0xd656, 0xd656, 0xd656, 0xd656, 0xd656, 0xd656, 0xde77, 0xce15, 0x18c3, 0x736c, 0xf75a, 0xce36, 0xde77, 0xe6d8, 0xe6b8, 0xe6d8, 0xe6d8, 0xe6d8, 0xe6d8, 0xbdb5,
  0x39c7, 0x0841, 0x0861, 0x0041, 0x0841, 0x0861, 0x0861, 0x0861, 0x0841, 0x0841, 0x0841, 0x0841, 0x0841, 0x0841, 0x0841, 0x0841, 0x0841, 0x0841, 0x0841, 0x0841,
  0x0841, 0x0841, 0x0841, 0x0841, 0x0841, 0x0841, 0x0841, 0x0841, 0x0841, 0x0841, 0x0020, 0x0020, 0x0841, 0x0861, 0x4a28, 0xd657, 0xe6d8, 0xe6d8, 0xe6d8, 0xe6d8,
  0xe6d8, 0xe6d8, 0xe6d8, 0xe6d8, 0xe6d8, 0xde97, 0xde77, 0x9c90, 0x736c, 0x0841, 0x39c6, 0x9470, 0x83ee, 0xc5f5, 0xde77, 0xd656, 0xd656, 0xd656, 0xd677, 0xd677,
  0xde77, 0x39c6, 0x3186, 0xef19, 0xce15, 0x944f, 0xce36, 0xeef9, 0xe6d8, 0xe6d8, 0xe6d8, 0xe6d8, 0xe6d8, 0xe6d8, 0xe6d8, 0xe6d8, 0xe6d8, 0xe6d8, 0xe6d8, 0xe6d8,
  0xe6d8, 0xe6d8, 0xef19, 0x5289, 0x10c3, 0x2104, 0x2104, 0x2104, 0x2124, 0x18e4, 0x4207, 0xd656, 0xde77, 0xe6d8, 0xe6d8, 0xe6d8, 0xe6d8, 0xe6d8, 0xe6f8, 0xde77,
  0x3165, 0x18e4, 0x2104, 0x2124, 0x2124, 0x2124, 0x10a3, 0x630b, 0xef3a, 0xe6b8, 0xe6d8, 0xe6d8, 0xe6d8, 0xe6d8, 0xe6b8, 0xf739, 0x738c, 0x10a2, 0x2124, 0x2104,
  0x2104, 0x2104, 0x2104, 0x2104, 0x2104, 0x2104, 0x2104, 0x10c3, 0xad32, 0xef39, 0xe6d8, 0xe6d8, 0xe6d8, 0xe6b8, 0xf73a, 0x7bad, 0x10a2, 0x2924, 0x2124, 0x2124,
  0x2124, 0x2104, 0x18c3, 0xb573, 0xef19, 0xe6d8, 0xe6d8, 0xe6d8, 0xe6b8, 0xf75a, 0x8c4f, 0x1082, 0x2124, 0x2104, 0x2104, 0x2103, 0x2124, 0x1082, 0xa4f2, 0xf73a,
  0xe6b8, 0xe6d8, 0xe6d8, 0xe6d8, 0xe6d8, 0xe6d8, 0xe6d8, 0xe6d8, 0xe6d8, 0xe6d8, 0xe6d8, 0xe6d8, 0xe6d8, 0xd656, 0xde97, 0xa4d1, 0x6b4c, 0x0000, 0x4207, 0x9c90,
  0x944f, 0x8c2f, 0xc5f4, 0xde77, 0xd656, 0xd656, 0xd656, 0xd656, 0xde77, 0x3185, 0x5aaa, 0xf75a, 0xd656, 0xde77, 0xe6d8, 0xe6d8, 0xe6d8, 0xe6d8, 0xe6d8, 0xe6f8,
  0xe6d8, 0xbdb5, 0x2965, 0x0841, 0x0861, 0x0841, 0x0041, 0x0841, 0x0841, 0x0841, 0x0841, 0x0841, 0x0841, 0x0841, 0x0841, 0x0841, 0x0841, 0x0841, 0x0841, 0x0861,
  0x0861, 0x0861, 0x0861, 0x0841, 0x0841, 0x0841, 0x0841, 0x0841, 0x0841, 0x0841, 0x0841, 0x0841, 0x0841, 0x0041, 0x0021, 0x0021, 0x0861, 0x0861, 0x5aea, 0xd698,
  0xe6d8, 0xe6d8, 0xe6d8, 0xe6d8, 0xe6d8, 0xe6d8, 0xe6d8, 0xe6f8, 0xacf1, 0xbd94, 0x2104, 0x3185, 0xa4d1, 0x8c0e, 0xce15, 0xd676, 0xd656, 0xd656, 0xd656, 0xd656,
  0xd656, 0xd656, 0xd656, 0xd656, 0xd656, 0xd656, 0xde76, 0xce15, 0x18c3, 0x736c, 0xf77a, 0xce36, 0xde77, 0xe6d8, 0xe6d8, 0xe6d8, 0xe6b8, 0xef19, 0xad53, 0x18c3,
  0x2104, 0x840e, 0xa4d1, 0x9470, 0x9470, 0x9470, 0x9470, 0x9470, 0x9470, 0x9490, 0x9490, 0x9470, 0x9470, 0x9470, 0x9470, 0x9470, 0x944f, 0x9470, 0x9490, 0x9490,
  0x9490, 0x9490, 0x9490, 0x9470, 0x9470, 0x9470, 0x9c90, 0x9cb1, 0x9490, 0x9490, 0x9470, 0x9470, 0x9cd1, 0x5aaa, 0x10a2, 0x2944, 0xce16, 0xeef9, 0xe6d8, 0xe6d8,
  0xe6d8, 0xe6d8, 0xe6d8, 0xe6d8, 0xe6d8, 0xde97, 0xd636, 0x8c0e, 0x738c, 0x0841, 0x5289, 0x8c0e, 0x83ee, 0xce56, 0xde77, 0xd656, 0xd677, 0xd677, 0xd677, 0xd676,
  0xde97, 0x39c6, 0x3186, 0xef19, 0xce15, 0x946f, 0xd636, 0xeef9, 0xe6d8, 0xe6d8, 0xe6d8, 0xe6d8, 0xe6d8, 0xe6d8, 0xe6d8, 0xe6d8, 0xe6d8, 0xe6d8, 0xe6d8, 0xe6d8,
  0xe6d8, 0xe6d8, 0xef19, 0x52a9, 0x18e3, 0x2124, 0x2124, 0x2124, 0x2124, 0x2124, 0x2124, 0x18e3, 0x83cd, 0xf73a, 0xe6b8, 0xe6d8, 0xe6d8, 0xe6d8, 0xe6d8, 0xde77,
  0x3186, 0x2104, 0x2924, 0x2124, 0x2124, 0x2924, 0x18a3, 0x6b2b, 0xef3a, 0xe6b8, 0xe6d8, 0xe6d8, 0xe6d8, 0xe6d8, 0xe6d8, 0xef1a, 0x736c, 0x18c3, 0x2124, 0x2124,
  0x2124, 0x2124, 0x2124, 0x2124, 0x2124, 0x2124, 0x2125, 0x18e3, 0x9cd1, 0xe6d8, 0xe6b8, 0xe6d8, 0xe6d8, 0xe6b8, 0xf73a, 0x7bce, 0x10c3, 0x2945, 0x2124, 0x2124,
  0x2124, 0x2125, 0x20e3, 0xbd94, 0xef19, 0xe6d8, 0xe6d8, 0xe6d8, 0xe6d8, 0xf75a, 0x9450, 0x10a2, 0x2944, 0x2124, 0x2124, 0x2104, 0x2944, 0x18c3, 0xa4f2, 0xf73a,
  0xe6b8, 0xe6d8, 0xe6d8, 0xe6d8, 0xe6d8, 0xe6d8, 0xe6d8, 0xe6d8, 0xe6d8, 0xe6d8, 0xe6d8, 0xe6d8, 0xe6f9, 0xd656, 0xde97, 0xa4d1, 0x6b4c, 0x0020, 0x2944, 0x8c4f,
  0x83ed, 0x9490, 0xd677, 0xd676, 0xd656, 0xd656, 0xd656, 0xd656, 0xd677, 0x3186, 0x5aaa, 0xf75a, 0xd656, 0xde77, 0xe6d8, 0xe6d8, 0xe6d8, 0xe6d8, 0xe6d8, 0xf73a,
  0xad53, 0x18c3, 0x18a3, 0x6b2b, 0x9c90, 0x8c4f, 0x8c4f, 0x8c4f, 0x8c4f, 0x8c4f, 0x8c4f, 0x944f, 0x944f, 0x8c4f, 0x8c4f, 0x8c4f, 0x8c4f, 0x8c4f, 0x8c4f, 0x8c50,
  0x9470, 0x8c6f, 0x9470, 0x9470, 0x9470, 0x8c70, 0x8c4f, 0x8c4f, 0x9470, 0x8c4f, 0x8c4f, 0x8c4f, 0x8c4f, 0x8c2f, 0x8c2f, 0x8c2f, 0x9491, 0x4208, 0x0862, 0x3165,
  0xd697, 0xe6d8, 0xe6d8, 0xe6d8, 0xe6d8, 0xe6d8, 0xe6b8, 0xd677, 0xbd94, 0x9cb0, 0x2124, 0x18e3, 0x946f, 0x944f, 0xad32, 0xde97, 0xd656, 0xd656, 0xd656, 0xd676,
  0xd656, 0xd656, 0xd656, 0xd656, 0xd656, 0xd656, 0xde76, 0xce15, 0x18c2, 0x736c, 0xf77a, 0xce36, 0xde77, 0xe6d8, 0xe6d8, 0xe6d8, 0xe6b8, 0xef39, 0xa4f2, 0x0861,
  0x5aca, 0xf77a, 0xff9b, 0xffdc, 0xffbb, 0xffbb, 0xffbb, 0xffbb, 0xffbb, 0xf759, 0xf75a, 0xffbc, 0xffbc, 0xffbb, 0xffbb, 0xffbb, 0xff9b, 0xf739, 0xf739, 0xffbb,
  0xffdc, 0xffdc, 0xffbc, 0xffbb, 0xff9b, 0xffbb, 0xffbb, 0xf77b, 0xf77a, 0xf77b, 0xff9b, 0xff7b, 0xf77a, 0xd636, 0x2924, 0x10a2, 0xc5f5, 0xeef9, 0xe6b8, 0xe6d8,
  0xe6d8, 0xe6d8, 0xe6d8, 0xe6d8, 0xe6d8, 0xde97, 0xce36, 0x9cb0, 0x6b2b, 0x0020, 0x5aca, 0x946f, 0x8c0e, 0xce36, 0xde77, 0xd656, 0xd677, 0xd677, 0xd677, 0xd676,
  0xde97, 0x39c6, 0x3185, 0xef19, 0xce15, 0x946f, 0xd636, 0xeef9, 0xe6d8, 0xe6d8, 0xe6d8, 0xe6d8, 0xe6d8, 0xe6d8, 0xe6d8, 0xe6d8, 0xe6d8, 0xe6d8, 0xe6d8, 0xe6d8,
  0xe6d8, 0xe6d8, 0xef19, 0x52aa, 0x18c3, 0x2124, 0x2124, 0x2124, 0x2124, 0x2124, 0x2124, 0x10a2, 0x7bcd, 0xef3a, 0xe6d8, 0xe6d8, 0xe6d8, 0xe6d8, 0xe6f8, 0xde97,
  0x31a6, 0x2104, 0x2124, 0x2124, 0x2124, 0x2124, 0x18c3, 0x6b4c, 0xf73a, 0xe6b8, 0xe6d8, 0xe6d8, 0xe6d8, 0xeef9, 0xce15, 0x5269, 0x39a6, 0x2124, 0x2124, 0x2124,
  0x2124, 0x2124, 0x2124, 0x2124, 0x2124, 0x2124, 0x2124, 0x2124, 0x39c6, 0x736c, 0xe6d8, 0xe6d8, 0xe6d8, 0xe6b8, 0xf75a, 0x7bce, 0x10a3, 0x2124, 0x2124, 0x2124,
  0x2124, 0x2124, 0x20e3, 0xbd94, 0xef39, 0xe6d8, 0xe6d8, 0xe6d8, 0xe6d8, 0xf75a, 0x9470, 0x10a3, 0x2124, 0x2104, 0x2104, 0x2104, 0x2124, 0x18a3, 0xad12, 0xf73a,
  0xe6b8, 0xe6d8, 0xe6d8, 0xe6d8, 0xe6d8, 0xe6d8, 0xe6d8, 0xe6d8, 0xe6d8, 0xe6d8, 0xe6d8, 0xe6d8, 0xe6f9, 0xd656, 0xde77, 0xa4f1, 0x6b2b, 0x0020, 0x2103, 0x7bac,
  0x8c4f, 0x840e, 0xce56, 0xde76, 0xd656, 0xd656, 0xd656, 0xd656, 0xd677, 0x3186, 0x5aca, 0xf75a, 0xd656, 0xde77, 0xe6d8, 0xe6d8, 0xe6d8, 0xe6d8, 0xe6d8, 0xf73a,
  0xad32, 0x1082, 0x4a48, 0xe6f9, 0xff7a, 0xff9b, 0xff9b, 0xffbb, 0xffbc, 0xffbb, 0xffbb, 0xf75a, 0xf739, 0xffbb, 0xffbb, 0xffbc, 0xffbc, 0xffbb, 0xffbb, 0xf77a,
  0xef19, 0xff9b, 0xffbb, 0xffbc, 0xffbc, 0xffdc, 0xffdc, 0xff9b, 0xef39, 0xff9b, 0xffbb, 0xff9b, 0xff9b, 0xff9b, 0xff9b, 0xffbb, 0xff7a, 0xbdb4, 0x18c3, 0x2104,
  0xd676, 0xe6d8, 0xe6d8, 0xe6d9, 0xe6d8, 0xe6d8, 0xe6d8, 0xdeb8, 0xa4f1, 0xbdb5, 0x2944, 0x39c6, 0x9cb0, 0x83ee, 0xce36, 0xde76, 0xd656, 0xd656, 0xd656, 0xd676,
  0xd656, 0xd656, 0xd656, 0xd656, 0xd656, 0xd656, 0xde76, 0xce15, 0x18c2, 0x736c, 0xff7a, 0xd636, 0xde77, 0xe6d8, 0xe6d8, 0xe6d8, 0xe6b8, 0xef39, 0xad12, 0x0861,
  0x6b2b, 0xf75a, 0xbdd4, 0x83ee, 0x840e, 0x8c2f, 0x8c2f, 0x8c2f, 0x83ee, 0xd656, 0xce16, 0x840e, 0x8c2f, 0x83ee, 0x83ee, 0x8c2f, 0x83ee, 0xce15, 0xce15, 0x83ee,
  0x8c2f, 0x8c2f, 0x8c4f, 0x8c2f, 0x840e, 0x840e, 0xa4d1, 0xad32, 0xb553, 0xbd94, 0xbdb5, 0xb573, 0xd635, 0xdeb7, 0x2965, 0x18a2, 0xce16, 0xef19, 0xe6f9, 0xe6d8,
  0xe6d8, 0xe6d8, 0xe6d8, 0xe6d8, 0xe6d8, 0xde77, 0xc5f5, 0x944f, 0x7bcd, 0x0841, 0x4207, 0xa4d1, 0x840e, 0xc5f5, 0xde77, 0xd656, 0xd677, 0xd677, 0xd677, 0xd676,
  0xde97, 0x39c6, 0x3185, 0xef19, 0xce15, 0x946f, 0xd636, 0xeef9, 0xe6d8, 0xe6d8, 0xe6d8, 0xe6d8, 0xe6d8, 0xe6d8, 0xe6d8, 0xe6d8, 0xe6d8, 0xe6d8, 0xe6d8, 0xe6d8,
  0xe6d8, 0xe6d8, 0xef19, 0x52a9, 0x18c3, 0x2124, 0x2124, 0x2124, 0x2124, 0x2124, 0x2124, 0x2124, 0x39a6, 0x41e7, 0xc5d5, 0xef19, 0xe6b8, 0xe6d8, 0xeef9, 0xde98,
  0x31a6, 0x2104, 0x2124, 0x2124, 0x2124, 0x2124, 0x18c3, 0x6b4c, 0xf73a, 0xe6b8, 0xe6d8, 0xe6d8, 0xe6d8, 0xef19, 0xbdb4, 0x18c3, 0x2125, 0x2925, 0x2124, 0x2124,
  0x2124, 0x2104, 0x2104, 0x2124, 0x2124, 0x2124, 0x2124, 0x2945, 0x18c3, 0x4207, 0xe6d9, 0xe6d8, 0xe6d8, 0xe6b8, 0xf75a, 0x7bce, 0x10c3, 0x2945, 0x2124, 0x2124,
  0x2124, 0x2124, 0x20e3, 0xbd94, 0xef39, 0xe6d8, 0xe6d8, 0xe6d8, 0xe6d8, 0xf75a, 0x9470, 0x10a2, 0x2124, 0x2104, 0x2124, 0x2124, 0x2124, 0x10a2, 0xad12, 0xf73a,
  0xe6b8, 0xe6d8, 0xe6d8, 0xe6d8, 0xe6d8, 0xe6d8, 0xe6d8, 0xe6d8, 0xe6d8, 0xe6d8, 0xe6d8, 0xe6d8, 0xe6f9, 0xd636, 0xde77, 0xa4d1, 0x6b4c, 0x0000, 0x39e7, 0x9cb1,
  0x7bad, 0x8c50, 0xce36, 0xd656, 0xd656, 0xd656, 0xd656, 0xd656, 0xd677, 0x3186, 0x5aca, 0xf75a, 0xd656, 0xd677, 0xe6d8, 0xe6d8, 0xe6d8, 0xe6d8, 0xe6d8, 0xf73a,
  0xad32, 0x0861, 0x62ca, 0xf73a, 0xcdf5, 0x9470, 0x9470, 0x9470, 0x9490, 0x9490, 0x8c2f, 0xc5f5, 0xde97, 0x9c90, 0x9490, 0x9470, 0x9490, 0x9c90, 0x9470, 0xb573,
  0xdeb8, 0x9470, 0x944f, 0x9470, 0x9490, 0x9cb1, 0x9c90, 0xad32, 0xe719, 0xad33, 0x944f, 0x946f, 0x9490, 0x9cb1, 0x9cb1, 0x9cd1, 0xde97, 0xce35, 0x2104, 0x2945,
  0xde98, 0xef19, 0xe6d8, 0xe6d8, 0xe6d8, 0xe6d8, 0xe6b8, 0xde97, 0xb573, 0xad12, 0x2965, 0x2124, 0x946f, 0x8c0e, 0xad32, 0xde97, 0xd656, 0xd656, 0xd656, 0xd676,
  0xd656, 0xd656, 0xd656, 0xd656, 0xd656, 0xd656, 0xde76, 0xce15, 0x18c3, 0x738d, 0xf75a, 0xce36, 0xde77, 0xe6d8, 0xe6d8, 0xe6d8, 0xe6b8, 0xef39, 0xad12, 0x1082,
  0x6b2c, 0xff9b, 0x946f, 0x0020, 0x18c3, 0x18c3, 0x18c3, 0x18c3, 0x0861, 0xc5d5, 0xad33, 0x0861, 0x10a3, 0x1082, 0x1082, 0x18c3, 0x0861, 0xb574, 0xbdb5, 0x0861,
  0x10a3, 0x10a2, 0x18c3, 0x18c3, 0x18e3, 0x10a2, 0x39c6, 0xa4d1, 0xb553, 0xb573, 0xad32, 0x9cb0, 0xde77, 0xdeb8, 0x31a6, 0x2104, 0xc5f6, 0xde97, 0xce36, 0xe6d8,
  0xe6d8, 0xe6d8, 0xe6d8, 0xe6d8, 0xe6d8, 0xde77, 0xcdf5, 0x9cd0, 0x7bcd, 0x0841, 0x6b4c, 0x9cb0, 0x9cb0, 0xd656, 0xd656, 0xd656, 0xd677, 0xd677, 0xd656, 0xd676,
  0xde97, 0x39c6, 0x3165, 0xef19, 0xcdf5, 0x944f, 0xce36, 0xeef9, 0xe6d8, 0xe6d8, 0xe6d8, 0xe6d8, 0xe6d8, 0xe6d8, 0xe6d8, 0xe6d8, 0xe6d8, 0xe6d8, 0xe6d8, 0xe6d8,
  0xe6d8, 0xe6d8, 0xef19, 0x5289, 0x18c3, 0x2125, 0x2124, 0x2124, 0x2124, 0x2124, 0x2124, 0x2124, 0x2125, 0x18c3, 0xb594, 0xef19, 0xe6d8, 0xe6f9, 0xeef9, 0xde97,
  0x3186, 0x2104, 0x2124, 0x2124, 0x2124, 0x2944, 0x18c3, 0x6b4c, 0xf73a, 0xe6b8, 0xe6d8, 0xe6d8, 0xe6b8, 0xef19, 0xbdd4, 0x2104, 0x2124, 0x2124, 0x2124, 0x2124,
  0x2125, 0x2104, 0x2103, 0x2124, 0x2925, 0x2124, 0x2124, 0x2124, 0x18e4, 0x4a48, 0xe6f8, 0xe6d8, 0xe6d8, 0xe6b8, 0xf73a, 0x7bce, 0x10c3, 0x2945, 0x2124, 0x2124,
  0x2124, 0x2124, 0x20e3, 0xbd94, 0xef39, 0xe6d8, 0xe6d8, 0xe6d8, 0xe6d8, 0xf75a, 0x9470, 0x10a2, 0x2124, 0x2124, 0x2124, 0x2124, 0x2124, 0x10a2, 0xa4f2, 0xf73a,
  0xe6b8, 0xe6d8, 0xe6d8, 0xe6d8, 0xe6d8, 0xe6d8, 0xe6d8, 0xe6d8, 0xe6d8, 0xe6d8, 0xe6d8, 0xe6d8, 0xe6f9, 0xd636, 0xd677, 0xa4d1, 0x6b4b, 0x0840, 0x2103, 0x83ee,
  0x9cb1, 0x8c2f, 0xce35, 0xd676, 0xd656, 0xd656, 0xd656, 0xd656, 0xd677, 0x3186, 0x5aaa, 0xf75a, 0xd656, 0xd677, 0xe6d8, 0xe6d8, 0xe6d8, 0xe6d8, 0xe6d8, 0xf73a,
  0xad32, 0x0862, 0x5aca, 0xff7b, 0x9cd1, 0x0841, 0x18c3, 0x10a3, 0x10a3, 0x10c3, 0x0020, 0x9cd1, 0xd657, 0x10a2, 0x10c3, 0x10a2, 0x10a2, 0x18c3, 0x0862, 0x736c,
  0xe6d9, 0x20e3, 0x1082, 0x10a2, 0x10a2, 0x18c3, 0x1082, 0x4a28, 0xf77b, 0x4a48, 0x0021, 0x10a2, 0x10c3, 0x18e3, 0x10c3, 0x2103, 0xd656, 0xd656, 0x2124, 0x3186,
  0xd657, 0xe6d8, 0xe6f9, 0xe6d8, 0xe6d8, 0xe6d8, 0xe6d8, 0xde97, 0xad12, 0xc5d5, 0x2124, 0x39c6, 0xad32, 0x8c2e, 0xce15, 0xde76, 0xd656, 0xd656, 0xd656, 0xd676,
  0xd656, 0xd656, 0xd656, 0xd656, 0xd656, 0xd656, 0xde77, 0xce36, 0x18c3, 0x738d, 0xf77a, 0xd636, 0xde77, 0xe6d8, 0xe6d8, 0xe6d8, 0xe6b8, 0xef39, 0xad12, 0x1082,
  0x632b, 0xff9b, 0x9490, 0x18c3, 0x2945, 0x2145, 0x2124, 0x2945, 0x1904, 0xc5f5, 0xad33, 0x10c3, 0x2945, 0x2124, 0x2124, 0x2945, 0x18c3, 0xb573, 0xc5d5, 0x2104,
  0x2965, 0x2945, 0x2945, 0x2945, 0x2965, 0x2104, 0x5289, 0xde77, 0xe6d9, 0xde98, 0xd656, 0xcdf5, 0xde97, 0xded8, 0x39c6, 0x2104, 0x39a6, 0x3185, 0x20e3, 0x6b2b,
  0xef39, 0xe6d8, 0xe6d8, 0xe6d8, 0xe6d8, 0xde77, 0xc5f5, 0x8c0e, 0x83ee, 0x1082, 0x4a48, 0xa4d1, 0x83cd, 0xc5f5, 0xde76, 0xd656, 0xd656, 0xd656, 0xd656, 0xd656,
  0xde97, 0x39c6, 0x3165, 0xeef9, 0xcdf5, 0x944f, 0xce36, 0xeef9, 0xe6d8, 0xe6d8, 0xe6d8, 0xe6d8, 0xe6d8, 0xe6d8, 0xe6d8, 0xe6d8, 0xe6d8, 0xe6d8, 0xe6d8, 0xe6d8,
  0xe6d8, 0xe6b8, 0xef19, 0x5289, 0x18c3, 0x2124, 0x2124, 0x2124, 0x2124, 0x2124, 0x2124, 0x2124, 0x2124, 0x2125, 0x3185, 0xc5d4, 0xf75a, 0xe6d8, 0xe6f9, 0xde77,
  0x3185, 0x1904, 0x2124, 0x2124, 0x2124, 0x2944, 0x18c3, 0x6b4c, 0xf73a, 0xe6b8, 0xe6d8, 0xe6d8, 0xe6b8, 0xef39, 0xbdd5, 0x2104, 0x2124, 0x2124, 0x2124, 0x2144,
  0x2104, 0x9470, 0xde77, 0x6b4c, 0x18c3, 0x2944, 0x2124, 0x2124, 0x18e4, 0x4a48, 0xe6f8, 0xe6d8, 0xe6d8, 0xe6b8, 0xf75a, 0x7bce, 0x10c3, 0x2945, 0x2124, 0x2124,
  0x2124, 0x2124, 0x20e3, 0xbd94, 0xef19, 0xe6d8, 0xe6d8, 0xe6d8, 0xe6d8, 0xf75a, 0x9450, 0x10a2, 0x2124, 0x2124, 0x2124, 0x2124, 0x2124, 0x10a2, 0xa4f2, 0xf73a,
  0xe6b8, 0xe6d8, 0xe6d8, 0xe6d8, 0xe6d8, 0xe6d8, 0xe6d8, 0xe6d8, 0xe6d8, 0xe6d8, 0xe6d8, 0xe6d8, 0xe6f9, 0xd636, 0xde77, 0xa4d1, 0x6b2b, 0x0000, 0x4a48, 0xa4f2,
  0x8c0e, 0x7bcd, 0xc5d4, 0xde76, 0xd656, 0xd656, 0xd656, 0xd656, 0xde77, 0x3185, 0x5aaa, 0xf75a, 0xd636, 0xd656, 0xe6d8, 0xe6d8, 0xe6d8, 0xe6d8, 0xe6d8, 0xf73a,
  0xad32, 0x0861, 0x5aca, 0xf77b, 0xa4f1, 0x18c3, 0x2944, 0x2124, 0x2124, 0x2945, 0x18c3, 0xa512, 0xce57, 0x2104, 0x2125, 0x2124, 0x2124, 0x2945, 0x18c3, 0x736c,
  0xde98, 0x2945, 0x2124, 0x2945, 0x2944, 0x2945, 0x18e4, 0x5269, 0xf75a, 0x52a9, 0x18e3, 0x2945, 0x2124, 0x2124, 0x2124, 0x2965, 0xd677, 0xde97, 0x2965, 0x2104,
  0x3185, 0x4207, 0xdeb8, 0xe6f9, 0xe6d8, 0xe6d8, 0xe6d8, 0xde97, 0xce16, 0xa4f1, 0x2104, 0x18e3, 0x9c90, 0x944f, 0xb552, 0xde97, 0xd656, 0xd656, 0xd656, 0xd656,
  0xd656, 0xd656, 0xd656, 0xd656, 0xd656, 0xd656, 0xde77, 0xce36, 0x18c3, 0x738d, 0xf77a, 0xce36, 0xde77, 0xe6d8, 0xe6d8, 0xe6d8, 0xe6b8, 0xef39, 0xad12, 0x1082,
  0x632b, 0xff9b, 0x9cb1, 0x18c3, 0x2945, 0x2124, 0x2124, 0x2124, 0x18e3, 0xc5d5, 0xad13, 0x10a2, 0x2124, 0x2124, 0x2124, 0x2924, 0x10a3, 0xad32, 0xbdb4, 0x18e4,
  0x2945, 0x2124, 0x2124, 0x2124, 0x2945, 0x2104, 0x5aa9, 0xe6f8, 0xdeb8, 0xdeb8, 0xde77, 0xde77, 0xe6d8, 0xde98, 0x31a6, 0x18e4, 0x2104, 0x2104, 0x10a2, 0x4a48,
  0xef39, 0xe6d8, 0xe6d8, 0xe6d8, 0xe6d8, 0xde77, 0xd636, 0xad12, 0x83ce, 0x0861, 0x6b2b, 0x946f, 0x9490, 0xd656, 0xd676, 0xd656, 0xd656, 0xd656, 0xd656, 0xd656,
  0xde77, 0x39c6, 0x3165, 0xef19, 0xcdf5, 0x944f, 0xce36, 0xeef9, 0xe6d8, 0xe6d8, 0xe6d8, 0xe6d8, 0xe6d8, 0xe6d8, 0xe6d8, 0xe6d8, 0xe6d8, 0xe6d8, 0xe6d8, 0xe6d8,
  0xe6d8, 0xe6d8, 0xef19, 0x52a9, 0x18c3, 0x2125, 0x2124, 0x2124, 0x2124, 0x2124, 0x2124, 0x2124, 0x2124, 0x2945, 0x18e3, 0xa4f2, 0xeef9, 0xe6b7, 0xe6f8, 0xde97,
  0x3186, 0x2104, 0x2124, 0x2124, 0x2124, 0x2944, 0x18c3, 0x6b4c, 0xef3a, 0xe6b8, 0xe6d8, 0xe6d8, 0xef19, 0x9470, 0x4a28, 0x2124, 0x2124, 0x2124, 0x2124, 0x2125,
  0x18e3, 0xad53, 0xffdc, 0x83cd, 0x10a3, 0x2945, 0x2124, 0x2124, 0x2124, 0x2985, 0x5269, 0xb573, 0xef19, 0xe6b8, 0xf75a, 0x7bce, 0x10a3, 0x2945, 0x2124, 0x2124,
  0x2124, 0x2124, 0x20e3, 0xbd94, 0xef19, 0xe6d8, 0xe6d8, 0xe6d8, 0xe6d8, 0xf75a, 0x9450, 0x10a2, 0x2124, 0x2124, 0x2124, 0x2124, 0x2144, 0x18a3, 0xa4f2, 0xef39,
  0xe6b8, 0xe6d8, 0xe6d8, 0xe6d8, 0xe6d8, 0xe6d8, 0xe6d8, 0xe6d8, 0xe6d8, 0xe6d8, 0xe6d8, 0xe6d8, 0xe6d8, 0xce16, 0xd677, 0xa4d1, 0x6b2b, 0x0020, 0x2944, 0x9470,
  0x83ee, 0x946f, 0xce56, 0xd656, 0xd656, 0xd656, 0xd656, 0xd656, 0xde77, 0x3185, 0x5aaa, 0xf73a, 0xd636, 0xd656, 0xe6d8, 0xe6d8, 0xe6d8, 0xe6d8, 0xe6d8, 0xf73a,
  0xad32, 0x0861, 0x5aca, 0xf77a, 0xa4f1, 0x18a3, 0x2124, 0x2104, 0x2104, 0x2124, 0x10a2, 0xa4f2, 0xce36, 0x18c3, 0x2124, 0x2124, 0x2124, 0x2944, 0x10a3, 0x6b4c,
  0xd677, 0x2945, 0x2124, 0x2124, 0x2124, 0x2124, 0x18c3, 0x4a48, 0xef3a, 0x5aa9, 0x18e3, 0x2944, 0x2124, 0x2124, 0x2104, 0x2965, 0xd697, 0xde97, 0x2945, 0x18e4,
  0x18e4, 0x2965, 0xd677, 0xeef9, 0xe6d8, 0xe6d8, 0xe6b8, 0xde97, 0xb573, 0xce36, 0x2124, 0x31a6, 0xa4d1, 0x8c4f, 0xce36, 0xd676, 0xd656, 0xd656, 0xd656, 0xd656,
  0xd656, 0xd656, 0xd656, 0xd656, 0xd656, 0xd656, 0xde77, 0xce15, 0x18c3, 0x738d, 0xf77a, 0xce36, 0xde77, 0xe6d8, 0xe6d8, 0xe6d8, 0xe6b8, 0xef39, 0xad32, 0x1082,
  0x6b2c, 0xff9b, 0x9cb1, 0x18c3, 0x2945, 0x2124, 0x2124, 0x2124, 0x18c3, 0xc5d5, 0xa512, 0x10a2, 0x2124, 0x2124, 0x2124, 0x2945, 0x18c3, 0xad53, 0xbdb4, 0x18e3,
  0x2945, 0x2124, 0x2124, 0x2124, 0x2945, 0x2124, 0x5aaa, 0xef1a, 0xe6d8, 0xe6d8, 0xe6d8, 0xde97, 0xe6d8, 0xdeb8, 0x31a6, 0x18e3, 0x2104, 0x2124, 0x18c3, 0x5289,
  0xef19, 0xe6d8, 0xe6d8, 0xe6d8, 0xe6d8, 0xde77, 0xce15, 0x944f, 0x7bce, 0x0862, 0x41e7, 0xad12, 0x738c, 0xbdb4, 0xde77, 0xd656, 0xd656, 0xd656, 0xd656, 0xd656,
  0xde77, 0x39c6, 0x3165, 0xef19, 0xcdf5, 0x944f, 0xce36, 0xeef9, 0xe6d8, 0xe6d8, 0xe6d8, 0xe6d8, 0xe6d8, 0xe6d8, 0xe6d8, 0xe6d8, 0xe6d8, 0xe6d8, 0xe6d8, 0xe6d8,
  0xe6d8, 0xe6d8, 0xef19, 0x52aa, 0x18c3, 0x2125, 0x2124, 0x2124, 0x2124, 0x2124, 0x2124, 0x2124, 0x2124, 0x2124, 0x2945, 0x2104, 0x630a, 0xef19, 0xe6d7, 0xde97,
  0x31a6, 0x2104, 0x2124, 0x2124, 0x2124, 0x2944, 0x18c3, 0x6b4c, 0xef3a, 0xe6b8, 0xe6d8, 0xe6d8, 0xf75a, 0x5aca, 0x0861, 0x2944, 0x2124, 0x2124, 0x2125, 0x2125,
  0x18c2, 0xad12, 0xffbc, 0x7bce, 0x10a3, 0x2945, 0x2124, 0x2124, 0x2124, 0x2124, 0x0862, 0xa4d1, 0xf75a, 0xdeb8, 0xf73a, 0x7bad, 0x10a3, 0x2944, 0x2124, 0x2124,
  0x2124, 0x2124, 0x18e3, 0xbd94, 0xef19, 0xe6d8, 0xe6d8, 0xe6d8, 0xe6b8, 0xf75a, 0x9450, 0x18c3, 0x2945, 0x2124, 0x2124, 0x2124, 0x2144, 0x18c3, 0xa512, 0xef19,
  0xe6b8, 0xe6d8, 0xe6d8, 0xe6d8, 0xe6d8, 0xe6d8, 0xe6d8, 0xe6d8, 0xe6d8, 0xe6d8, 0xe6d8, 0xe6d8, 0xe6d8, 0xce16, 0xd677, 0xa4d1, 0x6b4c, 0x0000, 0x4207, 0x9470,
  0x944f, 0x83cd, 0xbdb3, 0xde76, 0xd656, 0xd656, 0xd656, 0xd656, 0xd677, 0x3165, 0x5aaa, 0xf73a, 0xd636, 0xd656, 0xe6d8, 0xe6d8, 0xe6d8, 0xe6d8, 0xe6d8, 0xf73a,
  0xad32, 0x0861, 0x5aaa, 0xf77a, 0xa4f1, 0x18a3, 0x2124, 0x2104, 0x2104, 0x2124, 0x10a2, 0xa4f2, 0xce16, 0x18e3, 0x2124, 0x2124, 0x2124, 0x2944, 0x10c3, 0x736c,
  0xde97, 0x2945, 0x2124, 0x2124, 0x2124, 0x2124, 0x18e3, 0x4a48, 0xef3a, 0x52a9, 0x18e3, 0x2944, 0x2124, 0x2124, 0x2104, 0x2965, 0xd697, 0xd677, 0x2124, 0x18e3,
  0x2104, 0x3165, 0xd677, 0xeef9, 0xe6d8, 0xe6d8, 0xe6b8, 0xde97, 0xb573, 0xad32, 0x2965, 0x20e3, 0x944f, 0x83ee, 0xad11, 0xde97, 0xd656, 0xd656, 0xd656, 0xd656,
  0xd656, 0xd656, 0xd656, 0xd656, 0xd656, 0xd656, 0xde77, 0xce15, 0x18c3, 0x738d, 0xf77a, 0xce36, 0xde77, 0xe6f9, 0xe6d8, 0xe6d8, 0xe6b8, 0xf739, 0xad32, 0x1082,
  0x6b2b, 0xff9b, 0x9c91, 0x18c3, 0x2945, 0x2124, 0x2124, 0x2924, 0x18c3, 0xc5d5, 0xad12, 0x10a2, 0x2124, 0x2124, 0x2124, 0x2145, 0x18c3, 0xb553, 0xbdb4, 0x18c3,
  0x2945, 0x2124, 0x2124, 0x2945, 0x2945, 0x2104, 0x52a9, 0xef19, 0xe6d8, 0xe6d8, 0xe6d8, 0xdeb8, 0xe6d8, 0xdeb8, 0x3185, 0x18e3, 0x2104, 0x2124, 0x18c3, 0x5269,
  0xef19, 0xe6b8, 0xe6d8, 0xe6d8, 0xe6d8, 0xde77, 0xd656, 0x9cd1, 0x83ee, 0x0000, 0x6b2b, 0x944f, 0x9c90, 0xd656, 0xd656, 0xd656, 0xd656, 0xd656, 0xd656, 0xd656,
  0xde77, 0x39a6, 0x2965, 0xef19, 0xc615, 0x8c4f, 0xce36, 0xeef9, 0xe6d8, 0xe6d8, 0xe6d8, 0xe6d8, 0xe6d8, 0xe6d8, 0xe6d8, 0xe6d8, 0xe6d8, 0xe6d8, 0xe6d8, 0xe6d8,
  0xe6d8, 0xe6d8, 0xef19, 0x52aa, 0x18e3, 0x2945, 0x2124, 0x2124, 0x2124, 0x2124, 0x2124, 0x2124, 0x2124, 0x2124, 0x2944, 0x10a3, 0x5269, 0xdeb8, 0xe6d8, 0xde97,
  0x31a6, 0x2104, 0x2124, 0x2124, 0x2124, 0x2944, 0x18c3, 0x6b4c, 0xf73a, 0xe6b8, 0xe6d8, 0xe6d8, 0xf75a, 0x6b2b, 0x18c3, 0x2944, 0x2124, 0x2124, 0x2124, 0x2965,
  0x3185, 0xb553, 0xff9b, 0x840f, 0x2144, 0x2945, 0x2124, 0x2124, 0x2124, 0x2944, 0x2104, 0xad12, 0xf73a, 0xdeb8, 0xf73a, 0x7bad, 0x18c3, 0x2945, 0x2124, 0x2124,
  0x2124, 0x2124, 0x18e3, 0xbd93, 0xef19, 0xe6d8, 0xe6d8, 0xe6d8, 0xe6b8, 0xf73a, 0x9450, 0x18c3, 0x2945, 0x2124, 0x2124, 0x2124, 0x2144, 0x18c3, 0xad12, 0xf73a,
  0xe6b8, 0xe6d8, 0xe6d8, 0xe6d8, 0xe6d8, 0xe6d8, 0xe6d8, 0xe6d8, 0xe6d8, 0xe6d8, 0xe6d8, 0xe6d8, 0xe6f9, 0xce36, 0xd677, 0x9cd1, 0x6b4c, 0x0861, 0x20e3, 0x8c4f,
  0x83ee, 0x9490, 0xd677, 0xd656, 0xd656, 0xd656, 0xd656, 0xd656, 0xd677, 0x3165, 0x5aaa, 0xf75a, 0xd636, 0xd677, 0xe6d8, 0xe6d8, 0xe6d8, 0xe6d8, 0xe6b8, 0xf73a,
  0xad32, 0x0861, 0x5aaa, 0xf77a, 0xa4f1, 0x18c3, 0x2124, 0x2124, 0x2124, 0x2124, 0x10a2, 0xa4f2, 0xce16, 0x18e3, 0x2125, 0x2124, 0x2124, 0x2944, 0x10c3, 0x736c,
  0xde98, 0x2944, 0x2104, 0x2124, 0x2124, 0x2124, 0x18e3, 0x4a48, 0xef3a, 0x52a9, 0x18c3, 0x2144, 0x2124, 0x2124, 0x2104, 0x2965, 0xd677, 0xd677, 0x2124, 0x18e3,
  0x2104, 0x3165, 0xd677, 0xe6f9, 0xe6d8, 0xe6d8, 0xe6b8, 0xde97, 0xbdb4, 0xb553, 0x2103, 0x39c6, 0xa4d1, 0x840e, 0xd636, 0xd656, 0xd656, 0xd656, 0xd656, 0xd656,
  0xd656, 0xd656, 0xd656, 0xd656, 0xd656, 0xd656, 0xde77, 0xce36, 0x18c3, 0x738d, 0xf77a, 0xce36, 0xde77, 0xe6f9, 0xe6d8, 0xe6d8, 0xe6b8, 0xf739, 0xad33, 0x1082,
  0x6b2b, 0xff9b, 0x9c91, 0x18c3, 0x2945, 0x2124, 0x2124, 0x2924, 0x18c3, 0xc5d5, 0xad13, 0x10a2, 0x2124, 0x2124, 0x2124, 0x2124, 0x18c3, 0xb553, 0xbdb4, 0x18c3,
  0x2945, 0x2124, 0x2124, 0x2945, 0x2965, 0x2124, 0x5289, 0xef19, 0xe6d8, 0xe6d8, 0xdeb8, 0xdeb8, 0xe6f9, 0xdeb8, 0x3185, 0x18e3, 0x2104, 0x2124, 0x18c3, 0x5269,
  0xef19, 0xe6b8, 0xe6d8, 0xe6d8, 0xe6f9, 0xde97, 0xce16, 0x8c4f, 0x7bcd, 0x0861, 0x3185, 0x9cb0, 0x83ad, 0xc5f5, 0xde97, 0xd656, 0xd656, 0xd656, 0xd656, 0xd656,
  0xde77, 0x39a6, 0x2965, 0xef19, 0xce15, 0x8c2e, 0xce36, 0xeef9, 0xe6d8, 0xe6d8, 0xe6d8, 0xe6d8, 0xe6d8, 0xe6d8, 0xe6d8, 0xe6d8, 0xe6d8, 0xe6d8, 0xe6d8, 0xe6d8,
  0xe6d8, 0xe6d8, 0xef19, 0x52aa, 0x18e3, 0x2945, 0x2124, 0x2124, 0x2124, 0x2124, 0x2124, 0x2124, 0x2124, 0x2124, 0x2124, 0x2124, 0x2965, 0x3166, 0xbdb4, 0xe6d8,
  0x2965, 0x2104, 0x2124, 0x2124, 0x2124, 0x2945, 0x18c3, 0x6b4c, 0xf73a, 0xe6d8, 0xe6d8, 0xe6b8, 0xf75a, 0x6b4c, 0x18c3, 0x2944, 0x2124, 0x2124, 0x18c3, 0x62eb,
  0xe6d9, 0xde97, 0xe6d8, 0xdeb8, 0xce36, 0x3186, 0x2104, 0x2124, 0x2124, 0x2945, 0x2104, 0xad12, 0xf739, 0xdeb8, 0xf75a, 0x83ce, 0x18a3, 0x2125, 0x2124, 0x2124,
  0x2124, 0x2124, 0x20e3, 0xbdb4, 0xef39, 0xe6d8, 0xe6d8, 0xe6d8, 0xe6b8, 0xf75a, 0x9470, 0x18c3, 0x2945, 0x2124, 0x2124, 0x2124, 0x2945, 0x18a3, 0xa512, 0xf73a,
  0xe6b8, 0xe6d8, 0xe6d8, 0xe6d8, 0xe6d8, 0xe6d8, 0xe6d8, 0xe6d8, 0xe6d8, 0xe6d8, 0xe6d8, 0xe6d8, 0xe6f9, 0xce36, 0xde77, 0xa4f1, 0x6b4c, 0x0020, 0x39e7, 0x8c2e,
  0x8c4f, 0x8c0e, 0xc5d5, 0xde76, 0xd656, 0xd656, 0xd656, 0xd656, 0xd677, 0x3165, 0x5aaa, 0xf75a, 0xd656, 0xde77, 0xe6f9, 0xe6d8, 0xe6d8, 0xe6d8, 0xe6b8, 0xf73a,
  0xad33, 0x0862, 0x5aaa, 0xf75a, 0xa4d1, 0x18c3, 0x2124, 0x2124, 0x2124, 0x2124, 0x10a2, 0xa4f2, 0xce36, 0x20e4, 0x2125, 0x2124, 0x2124, 0x2944, 0x10c3, 0x736c,
  0xde98, 0x2944, 0x2104, 0x2124, 0x2124, 0x2124, 0x18e3, 0x4a68, 0xef3a, 0x52a9, 0x18c3, 0x2944, 0x2124, 0x2124, 0x2104, 0x2965, 0xd677, 0xd677, 0x2945, 0x18e3,
  0x1904, 0x3165, 0xde77, 0xe719, 0xe6d8, 0xe6d8, 0xe6d8, 0xde97, 0xad12, 0xb573, 0x2103, 0x18a2, 0x9470, 0x8c0f, 0xa4f1, 0xde97, 0xd656, 0xd656, 0xd656, 0xd676,
  0xd656, 0xd656, 0xd656, 0xd656, 0xd656, 0xd656, 0xde77, 0xce15, 0x10a2, 0x736c, 0xf75a, 0xce36, 0xde77, 0xe6d8, 0xe6d8, 0xe6d8, 0xe6d8, 0xef39, 0xad32, 0x1082,
  0x632b, 0xff9b, 0x9c91, 0x18c3, 0x2945, 0x2124, 0x2124, 0x2924, 0x18c3, 0xc5d5, 0xad13, 0x10a2, 0x2124, 0x2124, 0x2124, 0x2124, 0x18c3, 0xb573, 0xbdb4, 0x18c3,
  0x2945, 0x2124, 0x2945, 0x2945, 0x2965, 0x2124, 0x5289, 0xe6f9, 0xe6d8, 0xe6d8, 0xe6d8, 0xdeb8, 0xe6d8, 0xdeb8, 0x31a6, 0x18e3, 0x2124, 0x2124, 0x18c3, 0x5269,
  0xef19, 0xe6d8, 0xe6d8, 0xe6d8, 0xe6f9, 0xde97, 0xce16, 0x9490, 0x7bad, 0x0021, 0x5aca, 0x944f, 0x9cd1, 0xd677, 0xd676, 0xd656, 0xd656, 0xd656, 0xd656, 0xd656,
  0xde77, 0x39c6, 0x2965, 0xef19, 0xc5f5, 0x8c2e, 0xce16, 0xeef9, 0xe6d8, 0xe6d8, 0xe6d8, 0xe6d8, 0xe6d8, 0xe6d8, 0xe6d8, 0xe6d8, 0xe6d8, 0xe6d8, 0xe6d8, 0xe6d8,
  0xe6d8, 0xe6b8, 0xef19, 0x52a9, 0x18e3, 0x2945, 0x2124, 0x2124, 0x2124, 0x2124, 0x2124, 0x2124, 0x2124, 0x2124, 0x2124, 0x2124, 0x2945, 0x20e4, 0xad33, 0xde97,
  0x2965, 0x2104, 0x2124, 0x2124, 0x2124, 0x2944, 0x18c3, 0x6b4c, 0xf75a, 0xe6d8, 0xe6d8, 0xe6b8, 0xf75a, 0x630b, 0x18c3, 0x2124, 0x2124, 0x2945, 0x18c3, 0x632b,
  0xf75a, 0xe6b8, 0xe6d8, 0xeef9, 0xdeb8, 0x3186, 0x2104, 0x2124, 0x2124, 0x2945, 0x18e3, 0xa512, 0xf73a, 0xde98, 0xf73a, 0x840e, 0x2104, 0x2945, 0x2124, 0x2124,
  0x2124, 0x2945, 0x2104, 0xad73, 0xe6f9, 0xe6d8, 0xe6d8, 0xe6d8, 0xe6d8, 0xeef9, 0x83ee, 0x10a3, 0x2945, 0x2124, 0x2125, 0x2945, 0x3185, 0x2124, 0xad12, 0xef39,
  0xe6d8, 0xe6d8, 0xe6d8, 0xe6d8, 0xe6d8, 0xe6d8, 0xe6d8, 0xe6d8, 0xe6d8, 0xe6d8, 0xe6d8, 0xe6d8, 0xeef9, 0xce16, 0xd677, 0xa4f2, 0x6b4c, 0x0020, 0x2103, 0x8c4f,
  0x83cd, 0x946f, 0xd677, 0xd656, 0xd656, 0xd656, 0xd656, 0xd656, 0xd677, 0x3165, 0x5aaa, 0xf75a, 0xd656, 0xde77, 0xe6f9, 0xe6d8, 0xe6d8, 0xe6d8, 0xe6b8, 0xf73a,
  0xad33, 0x0862, 0x5aaa, 0xf75a, 0xa4d1, 0x18c3, 0x2124, 0x2124, 0x2124, 0x2924, 0x10a2, 0xa4f2, 0xce16, 0x18e3, 0x2124, 0x2124, 0x2124, 0x2124, 0x10a3, 0x736c,
  0xde98, 0x2944, 0x2104, 0x2124, 0x2124, 0x2124, 0x18e3, 0x4a48, 0xef3a, 0x52a9, 0x18c3, 0x2944, 0x2124, 0x2124, 0x2104, 0x2965, 0xd677, 0xd677, 0x2945, 0x2104,
  0x18e4, 0x3165, 0xde97, 0xe719, 0xe6d8, 0xe6d9, 0xe6b8, 0xde77, 0xc5d5, 0xad32, 0x18e3, 0x31a6, 0xa4d1, 0x8c0e, 0xd636, 0xd676, 0xd656, 0xd656, 0xd656, 0xd676,
  0xd656, 0xd656, 0xd656, 0xd656, 0xd656, 0xd656, 0xde77, 0xce15, 0x10a2, 0x736c, 0xf75a, 0xce16, 0xde77, 0xe6f9, 0xe6d8, 0xe6d8, 0xe6b8, 0xf739, 0xad32, 0x1082,
  0x630b, 0xff9b, 0x9c90, 0x18c3, 0x2945, 0x2124, 0x2124, 0x2924, 0x18e3, 0xc5f5, 0xad13, 0x10a2, 0x2124, 0x2124, 0x2124, 0x2124, 0x18c3, 0xb553, 0xbdb4, 0x18e3,
  0x2945, 0x2945, 0x2945, 0x2945, 0x2965, 0x2124, 0x5289, 0xe6f9, 0xe6d8, 0xe6d8, 0xe6d8, 0xdeb8, 0xe6f9, 0xdeb8, 0x39a6, 0x18e3, 0x2124, 0x2124, 0x10c3, 0x5269,
  0xef19, 0xe6d8, 0xe6d8, 0xe6d8, 0xe6d8, 0xde97, 0xd636, 0x7bcd, 0x738d, 0x0861, 0x4a48, 0xad12, 0x83ed, 0xce15, 0xde97, 0xd657, 0xd656, 0xd656, 0xd656, 0xd676,
  0xde97, 0x39c6, 0x2965, 0xe719, 0xc5f5, 0x8c0e, 0xce16, 0xef19, 0xe6d8, 0xe6d8, 0xe6d8, 0xe6d8, 0xe6d8, 0xe6d8, 0xe6d8, 0xe6d8, 0xe6d8, 0xe6d8, 0xe6d8, 0xe6d8,
  0xe6d8, 0xe6b8, 0xef19, 0x52aa, 0x18e3, 0x2925, 0x2124, 0x2124, 0x2124, 0x2124, 0x2124, 0x2124, 0x2124, 0x2124, 0x2124, 0x2124, 0x2944, 0x2945, 0x2944, 0x9450,
  0x41e7, 0x1903, 0x2124, 0x2124, 0x2124, 0x2945, 0x18c3, 0x6b4c, 0xef3a, 0xe6b8, 0xe6d8, 0xe6b7, 0xd656, 0x4a48, 0x18e3, 0x2944, 0x2124, 0x2945, 0x18c3, 0x62eb,
  0xef39, 0xe6d8, 0xe6f9, 0xeef8, 0xd677, 0x3165, 0x2104, 0x2124, 0x2124, 0x2945, 0x18c3, 0x840e, 0xe6d8, 0xe6b7, 0xe6d8, 0xd677, 0xd657, 0x4208, 0x18e4, 0x2124,
  0x2124, 0x2124, 0x2945, 0x2945, 0x7bcd, 0xf73a, 0xe6b8, 0xe6d8, 0xeef9, 0x5aa9, 0x2104, 0x2104, 0x2124, 0x2124, 0x2945, 0x18e3, 0x6b4c, 0xde98, 0xde77, 0xe6d8,
  0xe6d8, 0xe6d8, 0xe6d8, 0xe6d8, 0xe6d8, 0xe6d8, 0xe6d8, 0xe6d8, 0xe6d8, 0xe6d8, 0xe6d8, 0xe6d8, 0xe6f9, 0xce15, 0xd677, 0xa4f1, 0x6b4c, 0x0000, 0x39a6, 0x8c2f,
  0x9cb1, 0x83ed, 0xbdb3, 0xde77, 0xd656, 0xd656, 0xd656, 0xd656, 0xd677, 0x3185, 0x5aaa, 0xf75a, 0xd636, 0xde77, 0xe6f9, 0xe6d8, 0xe6d8, 0xe6d8, 0xe6d8, 0xf73a,
  0xad33, 0x0861, 0x5aaa, 0xf77a, 0xa4d1, 0x18c3, 0x2124, 0x2124, 0x2124, 0x2944, 0x10a2, 0xa4f2, 0xce16, 0x18e3, 0x2124, 0x2124, 0x2124, 0x2124, 0x10a3, 0x736c,
  0xde98, 0x2945, 0x2104, 0x2124, 0x2124, 0x2945, 0x18e3, 0x4a48, 0xef3a, 0x5aa9, 0x18e3, 0x2944, 0x2124, 0x2124, 0x2104, 0x2965, 0xd677, 0xd656, 0x2945, 0x2104,
  0x18e4, 0x2965, 0xde77, 0xeef9, 0xe6d8, 0xe6d8, 0xe6d8, 0xd677, 0xa4d0, 0xbd94, 0x2124, 0x18e3, 0x9470, 0x8c0e, 0xa4f1, 0xdeb7, 0xd656, 0xd656, 0xd656, 0xd656,
  0xd656, 0xd656, 0xd656, 0xd656, 0xd656, 0xd656, 0xde77, 0xce15, 0x18a3, 0x736c, 0xf75a, 0xce16, 0xde77, 0xe6f9, 0xe6d8, 0xe6d8, 0xe6b8, 0xf739, 0xad32, 0x1082,
  0x630b, 0xff9b, 0x9c90, 0x18c3, 0x2945, 0x2124, 0x2124, 0x2924, 0x18e3, 0xc5f5, 0xad13, 0x10a2, 0x2124, 0x2124, 0x2124, 0x2124, 0x10a3, 0xad53, 0xbd94, 0x18e3,
  0x2945, 0x2945, 0x2945, 0x2945, 0x2965, 0x2124, 0x5289, 0xe6f9, 0xe6d8, 0xe6d8, 0xe6d8, 0xdeb8, 0xe6d8, 0xdeb8, 0x39c6, 0x18e4, 0x2124, 0x2124, 0x18c3, 0x5268,
  0xef19, 0xe6d8, 0xe6d8, 0xe6d8, 0xe6d8, 0xde97, 0xce16, 0xa4f2, 0x6b2b, 0x0861, 0x39c6, 0xa4d1, 0x8c4f, 0xce36, 0xd677, 0xd656, 0xd656, 0xd656, 0xd656, 0xd656,
  0xde77, 0x39a6, 0x2965, 0xef19, 0xce15, 0x8c2e, 0xce16, 0xeef9, 0xe6d8, 0xe6d8, 0xe6d8, 0xe6d8, 0xe6d8, 0xe6d8, 0xe6d8, 0xe6d8, 0xe6d8, 0xe6d8, 0xe6d8, 0xe6d8,
  0xe6d8, 0xe6b8, 0xef19, 0x52aa, 0x18e3, 0x2124, 0x2124, 0x2124, 0x2124, 0x2104, 0x2945, 0x31a5, 0x2924, 0x2124, 0x2124, 0x2124, 0x2124, 0x2145, 0x18e3, 0x4a28,
  0x3185, 0x2104, 0x2124, 0x2124, 0x2124, 0x2945, 0x18c3, 0x6b4c, 0xef3a, 0xe6b8, 0xef19, 0xce15, 0x3185, 0x2124, 0x2124, 0x2124, 0x2124, 0x2945, 0x18c3, 0x5aca,
  0xe6f8, 0xdeb8, 0xdeb8, 0xde97, 0xce36, 0x3185, 0x2104, 0x2124, 0x2124, 0x2124, 0x2925, 0x2104, 0x62ea, 0xe6f9, 0xe6d8, 0xe6f8, 0xef19, 0x4207, 0x18e3, 0x2945,
  0x2124, 0x2124, 0x2944, 0x18c3, 0x6b6c, 0xf75a, 0xe6b8, 0xe6d8, 0xe6d8, 0x4228, 0x18e3, 0x2124, 0x2124, 0x2124, 0x2945, 0x10a2, 0x736c, 0xf75a, 0xe6b8, 0xe6d8,
  0xe6d8, 0xe6d8, 0xe6d8, 0xe6d8, 0xe6d8, 0xe6d8, 0xe6d8, 0xe6d8, 0xe6d8, 0xe6d8, 0xe6d8, 0xe6d8, 0xe6f9, 0xce15, 0xde77, 0xa511, 0x6b4c, 0x0000, 0x2104, 0x9c90,
  0x83ee, 0x9cd1, 0xd656, 0xd656, 0xd656, 0xd656, 0xd656, 0xd656, 0xd677, 0x3185, 0x5aaa, 0xf75a, 0xd656, 0xde77, 0xe6f9, 0xe6d8, 0xe6d8, 0xe6d8, 0xe6d8, 0xf73a,
  0xad53, 0x0862, 0x5aaa, 0xf77a, 0xa4d1, 0x18c3, 0x2124, 0x2124, 0x2124, 0x2945, 0x10a2, 0xa4f2, 0xc615, 0x18e3, 0x2125, 0x2124, 0x2124, 0x2124, 0x10a3, 0x6b6c,
  0xde97, 0x2945, 0x2104, 0x2124, 0x2124, 0x2945, 0x18e3, 0x4a48, 0xef3a, 0x5aa9, 0x18e3, 0x2944, 0x2124, 0x2124, 0x2104, 0x2965, 0xd677, 0xd657, 0x2965, 0x2104,
  0x18e4, 0x2965, 0xde77, 0xeef9, 0xe6d8, 0xe6d8, 0xe6d8, 0xde97, 0xc5f5, 0xa4f1, 0x18c2, 0x41e7, 0xad32, 0x8c0e, 0xd656, 0xd676, 0xd656, 0xd656, 0xd656, 0xd656,
  0xd656, 0xd656, 0xd656, 0xd656, 0xd656, 0xd656, 0xde77, 0xce15, 0x18a3, 0x736c, 0xf75a, 0xce16, 0xde77, 0xe6d8, 0xe6d8, 0xe6d8, 0xe6b8, 0xf739, 0xad32, 0x1082,
  0x6b2b, 0xff9b, 0x9cb1, 0x18c3, 0x2945, 0x2124, 0x2124, 0x2924, 0x18e3, 0xc5f5, 0xad13, 0x10a2, 0x2124, 0x2124, 0x2124, 0x2124, 0x18c3, 0xad53, 0xb594, 0x18c3,
  0x2945, 0x2945, 0x2945, 0x2945, 0x2965, 0x2124, 0x4a69, 0xe6f9, 0xe6d8, 0xe6d8, 0xdeb8, 0xdeb8, 0xe6f9, 0xdeb8, 0x39c6, 0x18e3, 0x2124, 0x2945, 0x18c3, 0x5289,
  0xef19, 0xe6b8, 0xe6d8, 0xe6d8, 0xe6d8, 0xd656, 0xce16, 0x8c4f, 0x8c0f, 0x0841, 0x6b4c, 0x9c90, 0x946f, 0xce36, 0xd676, 0xd656, 0xd656, 0xd656, 0xd656, 0xd656,
  0xde77, 0x39a6, 0x2945, 0xef19, 0xce16, 0x8c0e, 0xce16, 0xef19, 0xe6d8, 0xe6d8, 0xe6d8, 0xe6d8, 0xe6d8, 0xe6d8, 0xe6d8, 0xe6d8, 0xe6d8, 0xe6d8, 0xe6d8, 0xe6d8,
  0xe6d8, 0xe6d8, 0xef19, 0x52aa, 0x18e3, 0x2925, 0x2124, 0x2124, 0x2945, 0x18e3, 0x5289, 0xe719, 0x5aca, 0x18e3, 0x2945, 0x2124, 0x2124, 0x2124, 0x2124, 0x2104,
  0x2124, 0x2124, 0x2124, 0x2124, 0x2124, 0x2945, 0x18c3, 0x6b4c, 0xef3a, 0xdeb8, 0xef19, 0xc5f6, 0x18e4, 0x2104, 0x2124, 0x2124, 0x2124, 0x2124, 0x2124, 0x2945,
  0x39c6, 0x39c6, 0x39c6, 0x31a6, 0x31a6, 0x2945, 0x2124, 0x2124, 0x2124, 0x2124, 0x2125, 0x18e3, 0x4207, 0xe6f9, 0xe6d9, 0xe6d8, 0xe6d8, 0x4207, 0x18e4, 0x2944,
  0x2124, 0x2124, 0x2944, 0x18c3, 0x6b4c, 0xf73a, 0xe6b8, 0xe6d8, 0xe6d8, 0x4a48, 0x2104, 0x2944, 0x2124, 0x2124, 0x2945, 0x10c3, 0x6b2b, 0xef39, 0xe6b8, 0xe6d8,
  0xe6d8, 0xe6d8, 0xe6d8, 0xe6d8, 0xe6d8, 0xe6d8, 0xe6d8, 0xe6d8, 0xe6d8, 0xe6d8, 0xe6d8, 0xe6d8, 0xe6f9, 0xce16, 0xde77, 0xad12, 0x736c, 0x0000, 0x31a6, 0x7bac,
  0x944f, 0x8c2e, 0xc5d4, 0xde76, 0xd656, 0xd656, 0xd656, 0xd656, 0xd677, 0x3185, 0x5aaa, 0xf75a, 0xd656, 0xde77, 0xe6d8, 0xe6d8, 0xe6d8, 0xe6d8, 0xe6d8, 0xf73a,
  0xad33, 0x0861, 0x5aaa, 0xf77a, 0xa4f1, 0x18c3, 0x2124, 0x2124, 0x2124, 0x2944, 0x10a2, 0xa4f2, 0xc615, 0x18e3, 0x2124, 0x2124, 0x2124, 0x2944, 0x10a3, 0x6b4b,
  0xde97, 0x2944, 0x2104, 0x2124, 0x2124, 0x2945, 0x18e3, 0x4a48, 0xef3a, 0x52a9, 0x18e3, 0x2944, 0x2124, 0x2124, 0x2104, 0x2965, 0xd677, 0xd656, 0x2945, 0x2104,
  0x2104, 0x3185, 0xde77, 0xe6f8, 0xe6d8, 0xe6f9, 0xe6d8, 0xde97, 0xa4f1, 0xb573, 0x2924, 0x18c3, 0x9490, 0x9470, 0xad12, 0xde97, 0xd656, 0xd656, 0xd656, 0xd656,
  0xd656, 0xd656, 0xd656, 0xd656, 0xd656, 0xd656, 0xde77, 0xce15, 0x18c3, 0x736c, 0xf75a, 0xce36, 0xde77, 0xe6d8, 0xe6d8, 0xe6d8, 0xe6b8, 0xf739, 0xad32, 0x1082,
  0x6b2b, 0xff9b, 0x9cb1, 0x18e3, 0x2945, 0x2124, 0x2124, 0x2124, 0x18c3, 0xc5d5, 0xad33, 0x10a3, 0x2924, 0x2124, 0x2124, 0x2925, 0x18c3, 0xb553, 0xb593, 0x18c3,
  0x2945, 0x2925, 0x2945, 0x2945, 0x2965, 0x2124, 0x4228, 0xe6d8, 0xef19, 0xe6f9, 0xe6d9, 0xde97, 0xe6f9, 0xe6d9, 0x31a6, 0x18c3, 0x2104, 0x2124, 0x10a2, 0x4a27,
  0xef19, 0xe6d8, 0xe6d8, 0xe6d8, 0xe6d8, 0xd656, 0xce15, 0xa4f1, 0x738c, 0x1082, 0x4207, 0xad32, 0x83ee, 0xc5f5, 0xd677, 0xd656, 0xd656, 0xd656, 0xd656, 0xd656,
  0xde77, 0x39a6, 0x2965, 0xef19, 0xce15, 0x83ee, 0xce16, 0xef19, 0xe6d8, 0xe6d8, 0xe6d8, 0xe6d8, 0xe6d8, 0xe6d8, 0xe6d8, 0xe6d8, 0xe6d8, 0xe6d8, 0xe6d8, 0xe6d8,
  0xe6d8, 0xe6b8, 0xef19, 0x52aa, 0x18e3, 0x2925, 0x2124, 0x2124, 0x2945, 0x18e3, 0x52a9, 0xff7a, 0x62ea, 0x10c2, 0x2124, 0x2124, 0x2124, 0x2124, 0x2124, 0x2945,
  0x2124, 0x2124, 0x2124, 0x2124, 0x2124, 0x2944, 0x18c3, 0x6b6c, 0xef3a, 0xdeb8, 0xef18, 0xc5f5, 0x2924, 0x2124, 0x2124, 0x2124, 0x2124, 0x2124, 0x2124, 0x2124,
  0x2104, 0x2104, 0x2104, 0x2104, 0x2104, 0x2125, 0x2124, 0x2124, 0x2124, 0x2124, 0x2124, 0x18e3, 0x4207, 0xe6d8, 0xe6d8, 0xe6d8, 0xeef9, 0x4a48, 0x2104, 0x2124,
  0x2124, 0x2124, 0x2945, 0x18c3, 0x6b4b, 0xf75a, 0xe6d8, 0xeef9, 0xe719, 0x4207, 0x18e4, 0x2945, 0x2124, 0x2124, 0x2945, 0x18e3, 0x736c, 0xef39, 0xe6b8, 0xe6d8,
  0xe6d8, 0xe6d8, 0xe6d8, 0xe6d8, 0xe6d8, 0xe6d8, 0xe6d8, 0xe6d8, 0xe6d8, 0xe6d8, 0xe6d8, 0xe6d8, 0xe6f8, 0xce16, 0xde97, 0xad12, 0x6b4c, 0x0020, 0x18c2, 0x944f,
  0x8c0e, 0x8c2e, 0xd656, 0xd656, 0xd656, 0xd656, 0xd656, 0xd656, 0xd677, 0x3185, 0x5aaa, 0xf75a, 0xd656, 0xde77, 0xe6d8, 0xe6d8, 0xe6d8, 0xe6d8, 0xe6d8, 0xf73a,
  0xad33, 0x0861, 0x5aa9, 0xf77a, 0xa4f2, 0x18c3, 0x2925, 0x2124, 0x2124, 0x2944, 0x18c3, 0xa4f2, 0xc616, 0x18e3, 0x2124, 0x2124, 0x2124, 0x2945, 0x18c3, 0x736c,
  0xde97, 0x2924, 0x2104, 0x2124, 0x2124, 0x2945, 0x18e3, 0x4a48, 0xef19, 0x5aa9, 0x18e4, 0x2945, 0x2125, 0x2925, 0x2124, 0x3185, 0xde97, 0xd656, 0x2124, 0x18e3,
  0x18e4, 0x2965, 0xde77, 0xeef8, 0xe6d8, 0xe6f9, 0xe6d8, 0xd677, 0xb553, 0xb553, 0x18e3, 0x39c7, 0xad12, 0x944f, 0xd677, 0xd656, 0xd656, 0xd656, 0xd656, 0xd656,
  0xd656, 0xd656, 0xd656, 0xd656, 0xd656, 0xd656, 0xde77, 0xce15, 0x18c3, 0x736c, 0xf75a, 0xce36, 0xde77, 0xe6d8, 0xe6d8, 0xe6d8, 0xe6d8, 0xf739, 0xad32, 0x1062,
  0x6b2b, 0xffbb, 0x9cd1, 0x18e3, 0x2124, 0x2104, 0x2104, 0x2124, 0x18c3, 0xc5d5, 0xad12, 0x10a2, 0x2124, 0x2104, 0x2104, 0x2124, 0x10a3, 0xb553, 0xbdb4, 0x18e3,
  0x2124, 0x2124, 0x2124, 0x2124, 0x2965, 0x2124, 0x4a69, 0xd677, 0xd656, 0xd677, 0xd636, 0xce16, 0xe6b8, 0xdeb8, 0x3185, 0x18c3, 0x3185, 0x39a6, 0x31a6, 0x9470,
  0xef19, 0xe6d8, 0xe6d8, 0xe6d8, 0xe6f9, 0xde77, 0xce15, 0x8c4e, 0x83ce, 0x0021, 0x630b, 0x946f, 0x9c90, 0xd677, 0xd676, 0xd656, 0xd656, 0xd656, 0xd656, 0xd676,
  0xde77, 0x39a6, 0x3165, 0xef19, 0xce15, 0x8c0e, 0xce16, 0xeef9, 0xe6d8, 0xe6d8, 0xe6d8, 0xe6d8, 0xe6d8, 0xe6d8, 0xe6d8, 0xe6d8, 0xe6d8, 0xe6d8, 0xe6d8, 0xe6d8,
  0xe6d8, 0xe6b8, 0xef19, 0x52aa, 0x18c3, 0x2125, 0x2124, 0x2124, 0x2945, 0x18c3, 0x52a9, 0xe6f8, 0xde77, 0x7b8d, 0x10c3, 0x2944, 0x2124, 0x2124, 0x2124, 0x2124,
  0x2124, 0x2124, 0x2124, 0x2124, 0x2124, 0x2944, 0x18c3, 0x6b6c, 0xf75a, 0xe6d8, 0xef18, 0xc5d4, 0x2104, 0x2124, 0x2124, 0x2124, 0x2124, 0x2124, 0x2124, 0x2124,
  0x2124, 0x2124, 0x2124, 0x2124, 0x2124, 0x2124, 0x2124, 0x2124, 0x2124, 0x2124, 0x2924, 0x18e3, 0x41e7, 0xe6d8, 0xe6d8, 0xe6d8, 0xef1a, 0x5248, 0x2104, 0x2945,
  0x2124, 0x2124, 0x2945, 0x2925, 0x3185, 0x5268, 0xde97, 0xc5f5, 0x4a48, 0x2944, 0x2104, 0x2124, 0x2125, 0x2125, 0x2945, 0x20e3, 0x738d, 0xf73a, 0xe6b8, 0xe6d8,
  0xe6d8, 0xe6d8, 0xe6d8, 0xe6d8, 0xe6d8, 0xe6d8, 0xe6d8, 0xe6d8, 0xe6d8, 0xe6d8, 0xe6d8, 0xe6d8, 0xe6f9, 0xd636, 0xde97, 0xad12, 0x736c, 0x0000, 0x39c6, 0x944f,
  0x9c90, 0x840e, 0xbdb4, 0xde77, 0xd656, 0xd656, 0xd656, 0xd656, 0xd677, 0x3185, 0x5aca, 0xf75a, 0xd656, 0xde77, 0xe6d8, 0xe6d8, 0xe6d8, 0xe6d8, 0xe6d8, 0xf73a,
  0xad32, 0x0861, 0x5aa9, 0xff7b, 0xa512, 0x18e3, 0x2945, 0x2124, 0x2124, 0x2924, 0x10a2, 0xa4f2, 0xce36, 0x2104, 0x2125, 0x2104, 0x2104, 0x2124, 0x18c3, 0x738d,
  0xdeb8, 0x2945, 0x2104, 0x2124, 0x2104, 0x2124, 0x18c3, 0x4a28, 0xef19, 0x52a9, 0x18e4, 0x2945, 0x2124, 0x2124, 0x2104, 0x3185, 0xde97, 0xd656, 0x2944, 0x2104,
  0x2945, 0x4a68, 0xe6b8, 0xe6f8, 0xe6d8, 0xe6d8, 0xe6d8, 0xde97, 0xad12, 0xa4f1, 0x2124, 0x18e3, 0x946f, 0x8c4f, 0xad11, 0xde97, 0xd656, 0xd656, 0xd656, 0xd656,
  0xd656, 0xd656, 0xd656, 0xd656, 0xd656, 0xd656, 0xde76, 0xce15, 0x18c3, 0x738c, 0xf77a, 0xce36, 0xde77, 0xe6d8, 0xe6d8, 0xe6d8, 0xe6b8, 0xf739, 0xad32, 0x1082,
  0x630b, 0xff7b, 0x9cb1, 0x2104, 0x2965, 0x2945, 0x2945, 0x2965, 0x2924, 0xc616, 0xad12, 0x18c2, 0x2965, 0x2945, 0x2124, 0x2965, 0x2103, 0xb574, 0xbdb5, 0x2924,
  0x2965, 0x2124, 0x2124, 0x2124, 0x3165, 0x2965, 0x62eb, 0xb573, 0xb553, 0xb552, 0xb553, 0xa4d1, 0xde77, 0xdeb8, 0x3186, 0x18e3, 0xc5d5, 0xde97, 0xdeb8, 0xef3a,
  0xe6d8, 0xe6d8, 0xe6d8, 0xe6d8, 0xe6d8, 0xde97, 0xce36, 0x9cd1, 0x7bad, 0x0021, 0x39e6, 0x9cd1, 0x83ee, 0xc5f5, 0xde97, 0xd656, 0xd656, 0xd656, 0xd656, 0xd676,
  0xde77, 0x39a6, 0x3186, 0xef19, 0xce15, 0x8c2f, 0xce16, 0xeef9, 0xe6d8, 0xe6d8, 0xe6d8, 0xe6d8, 0xe6d8, 0xe6d8, 0xe6d8, 0xe6d8, 0xe6d8, 0xe6d8, 0xe6d8, 0xe6d8,
  0xe6d8, 0xe6d8, 0xef19, 0x52aa, 0x18e3, 0x2124, 0x2124, 0x2124, 0x2124, 0x18e3, 0x5aca, 0xeef9, 0xf75a, 0x9c90, 0x18e4, 0x2965, 0x2124, 0x2124, 0x2124, 0x2124,
  0x2124, 0x2124, 0x2124, 0x2124, 0x2124, 0x2944, 0x18c3, 0x6b4c, 0xf75a, 0xe6b8, 0xef1a, 0xc5f5, 0x2124, 0x2124, 0x2124, 0x2124, 0x2124, 0x2124, 0x2124, 0x2124,
  0x2124, 0x2124, 0x2124, 0x2124, 0x2124, 0x2124, 0x2124, 0x2124, 0x2124, 0x2124, 0x2124, 0x18e4, 0x4228, 0xe6d9, 0xe6d9, 0xe6d8, 0xe6d8, 0xde98, 0x9470, 0x2104,
  0x2945, 0x2124, 0x2124, 0x2945, 0x2104, 0x18c3, 0xce56, 0xb573, 0x10a2, 0x2124, 0x2124, 0x2124, 0x2144, 0x2124, 0x3165, 0xbdb5, 0xde98, 0xe6d8, 0xe6d8, 0xe6d8,
  0xe6d8, 0xe6d8, 0xe6d8, 0xe6d8, 0xe6d8, 0xe6d8, 0xe6d8, 0xe6d8, 0xe6d8, 0xe6d8, 0xe6d8, 0xe6d8, 0xe6f9, 0xd636, 0xde97, 0xad12, 0x736c, 0x0020, 0x2944, 0x8c2f,
  0x734b, 0x9c90, 0xd676, 0xd656, 0xd656, 0xd656, 0xd656, 0xd656, 0xde77, 0x3185, 0x5aaa, 0xf75a, 0xd656, 0xde77, 0xe6f9, 0xe6d8, 0xe6d8, 0xe6d8, 0xe6d8, 0xf73a,
  0xad32, 0x0862, 0x5aa9, 0xf77b, 0xa4f2, 0x18e3, 0x2945, 0x2124, 0x2104, 0x2124, 0x18c3, 0xa4f2, 0xce36, 0x2104, 0x2945, 0x2104, 0x2104, 0x2945, 0x18e3, 0x738d,
  0xe6d8, 0x2944, 0x18e3, 0x2104, 0x2104, 0x2924, 0x20e4, 0x5269, 0xef3a, 0x5289, 0x18e3, 0x2945, 0x2124, 0x2104, 0x2124, 0x3185, 0xd677, 0xd656, 0x2944, 0x3185,
  0xce36, 0xe6d8, 0xe6d8, 0xe6d9, 0xe6d9, 0xe6d8, 0xe6d8, 0xd677, 0xa4f1, 0xbdb4, 0x2103, 0x31a6, 0xa4f2, 0x8c2f, 0xce36, 0xde76, 0xd656, 0xd656, 0xd656, 0xd656,
  0xd656, 0xd656, 0xd656, 0xd656, 0xd656, 0xd656, 0xde76, 0xce15, 0x18a3, 0x738d, 0xf77a, 0xce36, 0xde77, 0xe6d8, 0xe6d8, 0xe6d8, 0xe6b8, 0xef39, 0xad33, 0x10a2,
  0x6b2c, 0xf75a, 0xde76, 0xce36, 0xd677, 0xd677, 0xce36, 0xce36, 0xd657, 0xe6f8, 0xdeb7, 0xce36, 0xd657, 0xd677, 0xd657, 0xd657, 0xd657, 0xe6b8, 0xdeb8, 0xce36,
  0xd636, 0xce35, 0xce15, 0xce16, 0xce36, 0xce36, 0xd677, 0xde97, 0xdeb8, 0xd656, 0xde76, 0xd656, 0xe6f8, 0xe6f9, 0x39c7, 0x2124, 0xce36, 0xe6f9, 0xe6d8, 0xe6d8,
  0xe6d8, 0xe6d8, 0xe6d8, 0xe6d8, 0xe6d8, 0xde77, 0xce15, 0x8c4f, 0x83ee, 0x0020, 0x62eb, 0x8c4f, 0x9cd1, 0xd676, 0xd676, 0xd656, 0xd656, 0xd656, 0xd677, 0xd677,
  0xde77, 0x39c6, 0x3186, 0xef3a, 0xce15, 0x8c4f, 0xce36, 0xeef9, 0xe6d8, 0xe6d8, 0xe6d8, 0xe6d8, 0xe6d8, 0xe6d8, 0xe6d8, 0xe6d8, 0xe6d8, 0xe6d8, 0xe6d8, 0xe6d8,
  0xe6d8, 0xe6d8, 0xef19, 0x52aa, 0x18e3, 0x2124, 0x2124, 0x2124, 0x2124, 0x18e3, 0x5aca, 0xf73a, 0xe6f9, 0xdeb8, 0xbdb5, 0x3186, 0x2124, 0x2124, 0x2124, 0x2124,
  0x2124, 0x2124, 0x2124, 0x2124, 0x2124, 0x2944, 0x18c3, 0x6b4c, 0xef39, 0xe6f9, 0x630b, 0x39c6, 0x2945, 0x2124, 0x2124, 0x2124, 0x2124, 0x2124, 0x2124, 0x2124,
  0x2124, 0x2124, 0x2124, 0x2124, 0x2124, 0x2124, 0x2124, 0x2124, 0x2124, 0x2124, 0x2124, 0x2124, 0x2965, 0x31a6, 0x9cd1, 0xf75a, 0xdeb8, 0xf75a, 0xad33, 0x18e3,
  0x2945, 0x2124, 0x2124, 0x2124, 0x2124, 0x2944, 0xd657, 0xbd73, 0x2104, 0x2945, 0x2124, 0x2124, 0x2124, 0x2124, 0x3185, 0xde77, 0xef19, 0xe6d8, 0xe6d8, 0xe6d8,
  0xe6d8, 0xe6d8, 0xe6d8, 0xe6d8, 0xe6d8, 0xe6d8, 0xe6d8, 0xe6d8, 0xe6d8, 0xe6d8, 0xe6d8, 0xe6d8, 0xe6f9, 0xd636, 0xde97, 0xad12, 0x736c, 0x0000, 0x3185, 0x83cd,
  0x9c90, 0x840e, 0xc5f5, 0xde77, 0xd656, 0xd656, 0xd656, 0xd656, 0xde77, 0x3185, 0x5aaa, 0xf75a, 0xd656, 0xde77, 0xe6f9, 0xe6d8, 0xe6d8, 0xe6d8, 0xe6d8, 0xf73a,
  0xad53, 0x1082, 0x62ea, 0xf739, 0xd656, 0xc5d5, 0xce16, 0xce16, 0xc5f5, 0xc5f5, 0xce15, 0xdeb8, 0xe6d8, 0xc615, 0xce15, 0xce16, 0xce16, 0xce36, 0xc615, 0xd656,
  0xe6b7, 0xc5d5, 0xc5d4, 0xc5d4, 0xc5f5, 0xc5f5, 0xc5f5, 0xd656, 0xeef9, 0xce35, 0xc5d5, 0xc5f5, 0xc615, 0xc5f5, 0xce15, 0xce36, 0xe6f9, 0xd656, 0x2124, 0x2965,
  0xd677, 0xe6d8, 0xe6d8, 0xe6d8, 0xe6f8, 0xe6d8, 0xe6b8, 0xde77, 0xb573, 0x9cb0, 0x2124, 0x18c3, 0x9470, 0x8c0e, 0xad11, 0xde97, 0xd656, 0xd656, 0xd656, 0xd656,
  0xd656, 0xd656, 0xd656, 0xd656, 0xd656, 0xd656, 0xde77, 0xce15, 0x18c3, 0x738d, 0xf75a, 0xce36, 0xde77, 0xe6d8, 0xe6d8, 0xe6d8, 0xdeb8, 0xef39, 0xa4f2, 0x0862,
  0x4207, 0xce15, 0xe6d8, 0xe6f9, 0xef19, 0xe6f9, 0xe6d8, 0xe6d7, 0xe6f9, 0xe6f9, 0xe6f9, 0xe6f9, 0xe6f9, 0xeef9, 0xe6f9, 0xe6f8, 0xe6f9, 0xe6d8, 0xdeb8, 0xe6b8,
  0xe6d8, 0xe6d8, 0xe6d8, 0xe6d8, 0xe6d8, 0xe6b8, 0xdeb8, 0xe6d9, 0xe6d8, 0xdeb8, 0xde97, 0xdeb8, 0xe6d8, 0xa4f1, 0x2104, 0x18c3, 0xce16, 0xeef9, 0xe6b8, 0xe6d8,
  0xe6d8, 0xe6d8, 0xe6d8, 0xe6d8, 0xe6d8, 0xde97, 0xd657, 0xa4d1, 0x738c, 0x0020, 0x39c6, 0xa4d1, 0x7bcd, 0xc5f5, 0xde77, 0xd656, 0xd656, 0xd656, 0xd677, 0xd677,
  0xde77, 0x39c6, 0x3186, 0xef19, 0xce15, 0x8c4f, 0xce36, 0xeef9, 0xe6d8, 0xe6d8, 0xe6d8, 0xe6d8, 0xe6d8, 0xe6d8, 0xe6d8, 0xe6d8, 0xe6d8, 0xe6d8, 0xe6d8, 0xe6d8,
  0xe6d8, 0xe6d8, 0xef19, 0x52a9, 0x18e3, 0x2124, 0x2124, 0x2124, 0x2124, 0x18c3, 0x5aaa, 0xef3a, 0xe6d8, 0xeef8, 0xde98, 0x31a6, 0x2124, 0x2124, 0x2124, 0x2124,
  0x2124, 0x2124, 0x2124, 0x2124, 0x2124, 0x2944, 0x18c3, 0x6b4c, 0xef39, 0xe6f9, 0x4a28, 0x18c3, 0x2124, 0x2124, 0x2124, 0x2124, 0x2124, 0x2925, 0x2945, 0x2945,
  0x2945, 0x2945, 0x2945, 0x2945, 0x2945, 0x2945, 0x2124, 0x2124, 0x2124, 0x2124, 0x2124, 0x2124, 0x2945, 0x10a2, 0x8c2f, 0xf73a, 0xde97, 0xef19, 0xa4d2, 0x1082,
  0x2124, 0x2124, 0x2124, 0x2924, 0x2144, 0x2965, 0xd677, 0xb553, 0x18e3, 0x2945, 0x2124, 0x2124, 0x2124, 0x20e4, 0x2924, 0xce36, 0xe6f8, 0xe6d8, 0xe6d8, 0xe6d8,
  0xe6d8, 0xe6d8, 0xe6d8, 0xe6d8, 0xe6d8, 0xe6d8, 0xe6d8, 0xe6d8, 0xe6d8, 0xe6d8, 0xe6d8, 0xe6d8, 0xe6f9, 0xd636, 0xde98, 0xad12, 0x736c, 0x0020, 0x39a6, 0x9490,
  0x7b8d, 0x9cd1, 0xd677, 0xd656, 0xd656, 0xd656, 0xd656, 0xd676, 0xd677, 0x3185, 0x5aaa, 0xf75a, 0xd656, 0xde77, 0xe6d8, 0xe6d8, 0xe6d8, 0xe6d8, 0xe6d8, 0xf739,
  0xad12, 0x0862, 0x39a6, 0xc5f4, 0xe6f8, 0xeef9, 0xef3a, 0xef19, 0xef19, 0xe6f9, 0xef19, 0xeef9, 0xe6f9, 0xef19, 0xef19, 0xef19, 0xef19, 0xef19, 0xef19, 0xe6f9,
  0xe6d8, 0xe6f9, 0xe6f8, 0xeef8, 0xef19, 0xe6f9, 0xe6f9, 0xef19, 0xe6f9, 0xe6f9, 0xe6f9, 0xe6f9, 0xef19, 0xef19, 0xef19, 0xef3a, 0xdeb8, 0x9c90, 0x18e3, 0x2124,
  0xd656, 0xe6d8, 0xe6d8, 0xe6d8, 0xe6d8, 0xe6d8, 0xe6d8, 0xde97, 0xacf2, 0xc5f5, 0x20e3, 0x31a6, 0xa4d1, 0x83ed, 0xd656, 0xd656, 0xd656, 0xd656, 0xd656, 0xd656,
  0xd656, 0xd656, 0xd656, 0xd656, 0xd656, 0xd656, 0xde77, 0xce15, 0x18c3, 0x738d, 0xf75a, 0xce36, 0xde77, 0xe6d8, 0xe6d8, 0xe6d8, 0xe6b8, 0xef19, 0xc5b4, 0x5289,
  0x2944, 0x3185, 0x39e7, 0x39a6, 0x39a6, 0x39a6, 0x39a6, 0x39c6, 0x39c7, 0x41e7, 0x39e7, 0x39e7, 0x39c7, 0x39c7, 0x39c6, 0x39c6, 0x39c7, 0x39c7, 0x39c7, 0x39c7,
  0x39c7, 0x39c7, 0x39c6, 0x39c6, 0x39a6, 0x39a6, 0x39a6, 0x39c7, 0x39e7, 0x39e7, 0x39e7, 0x4207, 0x4207, 0x20e3, 0x1082, 0x5289, 0xd657, 0xeef9, 0xe6d8, 0xe6d8,
  0xe6d8, 0xe6d8, 0xe6d8, 0xe6d8, 0xe6d8, 0xde77, 0xce16, 0x8c4f, 0x8c0f, 0x0000, 0x630b, 0x946f, 0xa4f1, 0xd697, 0xd676, 0xd656, 0xd656, 0xd656, 0xd677, 0xd676,
  0xde77, 0x39c6, 0x3165, 0xef19, 0xce15, 0x8c4f, 0xce36, 0xeef9, 0xe6d8, 0xe6d8, 0xe6d8, 0xe6d8, 0xe6d8, 0xe6d8, 0xe6d8, 0xe6d8, 0xe6d8, 0xe6d8, 0xe6d8, 0xe6d8,
  0xe6d8, 0xe6d8, 0xef19, 0x52a9, 0x18e3, 0x2124, 0x2124, 0x2124, 0x2124, 0x18c3, 0x5aa9, 0xef1a, 0xe6d8, 0xe6d8, 0xe6b8, 0xd677, 0x840e, 0x2104, 0x2945, 0x2124,
  0x2124, 0x2124, 0x2124, 0x2124, 0x2124, 0x2944, 0x18c3, 0x6b4c, 0xef39, 0xe6f9, 0x4a48, 0x18e3, 0x2124, 0x2124, 0x2124, 0x2124, 0x18e3, 0x4a68, 0xd657, 0xce16,
  0xce36, 0xce16, 0xce16, 0xce16, 0xce16, 0xd636, 0xad12, 0x2104, 0x2124, 0x2124, 0x2124, 0x2124, 0x2945, 0x18c3, 0x8c2f, 0xf739, 0xdeb8, 0xf73a, 0xbd94, 0x4207,
  0x2945, 0x2124, 0x2124, 0x2945, 0x2124, 0x2945, 0x4207, 0x39c6, 0x2104, 0x2124, 0x2124, 0x2124, 0x2104, 0x2944, 0x4a28, 0xd657, 0xeef9, 0xe6d8, 0xe6d8, 0xe6d8,
  0xe6d8, 0xe6d8, 0xe6d8, 0xe6d8, 0xe6d8, 0xe6d8, 0xe6d8, 0xe6d8, 0xe6d8, 0xe6d8, 0xe6d8, 0xe6d8, 0xe6d9, 0xd656, 0xde98, 0xad12, 0x738d, 0x0861, 0x2945, 0x83ed,
  0x9450, 0x840e, 0xce36, 0xde76, 0xd656, 0xd656, 0xd656, 0xd676, 0xd677, 0x3185, 0x5aa9, 0xf75a, 0xd656, 0xde77, 0xe6d8, 0xe6d8, 0xe6d8, 0xe6d8, 0xe6d8, 0xef19,
  0xbdb4, 0x5268, 0x2924, 0x2965, 0x4207, 0x4207, 0x4207, 0x4207, 0x41e7, 0x4207, 0x4207, 0x4207, 0x4207, 0x4207, 0x4207, 0x4207, 0x4207, 0x41e7, 0x41e7, 0x41e7,
  0x4207, 0x41e7, 0x41e7, 0x41e7, 0x4207, 0x4207, 0x4207, 0x4207, 0x4227, 0x4207, 0x41e7, 0x41e7, 0x4207, 0x41e7, 0x41e7, 0x4228, 0x41e7, 0x2124, 0x2124, 0x5aca,
  0xdeb8, 0xe6d8, 0xe6d8, 0xe6d8, 0xe6d8, 0xe6d8, 0xe6d8, 0xde97, 0xad32, 0xad12, 0x2124, 0x18c2, 0x944f, 0x8c2f, 0xacf1, 0xdeb7, 0xd656, 0xd656, 0xd656, 0xd656,
  0xd656, 0xd656, 0xd656, 0xd656, 0xd656, 0xd656, 0xde76, 0xce15, 0x10a3, 0x738d, 0xf75a, 0xce36, 0xde77, 0xe6d8, 0xe6d8, 0xe6d8, 0xe6d8, 0xe6d8, 0xe6f8, 0xf75a,
  0x5aa9, 0x1082, 0x18c3, 0x10a2, 0x10a2, 0x10a2, 0x10a3, 0x18c3, 0x18c3, 0x10c3, 0x10a3, 0x10a3, 0x10c3, 0x10c3, 0x10a2, 0x10a2, 0x10a3, 0x10a3, 0x18c3, 0x18c3,
  0x18c3, 0x18c3, 0x18c3, 0x10c3, 0x10c3, 0x10a3, 0x10a3, 0x10a3, 0x18c3, 0x18c3, 0x18c3, 0x18e4, 0x20e4, 0x1082, 0x5aaa, 0xf73a, 0xe6d8, 0xe6d8, 0xe6d8, 0xe6d8,
  0xe6d8, 0xe6d8, 0xe6d8, 0xe6d8, 0xe6d8, 0xe6b8, 0xde77, 0x9cb0, 0x738c, 0x0861, 0x39a5, 0xad12, 0x83ed, 0xc5f5, 0xde77, 0xd656, 0xd656, 0xd656, 0xd656, 0xd656,
  0xde77, 0x39a6, 0x3165, 0xef19, 0xce15, 0x8c4f, 0xce36, 0xef19, 0xe6d8, 0xe6d8, 0xe6d8, 0xe6d8, 0xe6d8, 0xe6d8, 0xe6d8, 0xe6d8, 0xe6d8, 0xe6d8, 0xe6d8, 0xe6d8,
  0xe6d8, 0xe6b8, 0xef19, 0x52a9, 0x18c3, 0x2124, 0x2124, 0x2124, 0x2124, 0x18c3, 0x5aaa, 0xef1a, 0xe6d8, 0xe6f8, 0xe6d8, 0xff7a, 0x9cb1, 0x1082, 0x2124, 0x2124,
  0x2124, 0x2124, 0x2124, 0x2124, 0x2124, 0x2944, 0x18c3, 0x6b2b, 0xf73a, 0xe6d9, 0x4a48, 0x18e3, 0x2945, 0x2124, 0x2124, 0x2944, 0x18c3, 0x5289, 0xf739, 0xe6f8,
  0xeef9, 0xeef9, 0xeef9, 0xeef9, 0xe6f8, 0xf739, 0xc5f5, 0x2124, 0x2124, 0x2124, 0x2124, 0x2124, 0x2945, 0x10c2, 0x8c2f, 0xf739, 0xe6b8, 0xe6d8, 0xe6d9, 0xe719,
  0x5269, 0x18e4, 0x2945, 0x2124, 0x2124, 0x2124, 0x2104, 0x2104, 0x2124, 0x2124, 0x2124, 0x2945, 0x18c3, 0x7bad, 0xef3a, 0xe6b8, 0xe6d8, 0xe6d8, 0xe6d8, 0xe6d8,
  0xe6d8, 0xe6d8, 0xe6d8, 0xe6d8, 0xe6d8, 0xe6d8, 0xe6d8, 0xe6d8, 0xe6d8, 0xe6d8, 0xe6d8, 0xe6d8, 0xe6f9, 0xd636, 0xde97, 0xad11, 0x738c, 0x0840, 0x39e7, 0x946f,
  0x8c0e, 0x9490, 0xce15, 0xde76, 0xd656, 0xd656, 0xd656, 0xd656, 0xd677, 0x3185, 0x5aa9, 0xf75a, 0xd656, 0xd677, 0xe6d8, 0xe6d8, 0xe6d8, 0xe6d8, 0xe6d9, 0xe6d8,
  0xe6d8, 0xef19, 0x41e7, 0x0862, 0x18c3, 0x18c3, 0x10a3, 0x10a2, 0x10a2, 0x10a2, 0x10a2, 0x10a2, 0x10a2, 0x10a2, 0x10a2, 0x10a3, 0x1082, 0x1082, 0x10a2, 0x10a2,
  0x10a2, 0x10a2, 0x10a3, 0x10a3, 0x10a2, 0x10a2, 0x10a2, 0x10a2, 0x10a2, 0x10a2, 0x10a2, 0x10a2, 0x1082, 0x1082, 0x1082, 0x10a2, 0x2104, 0x10a3, 0x736c, 0xf77b,
  0xe6d8, 0xe6d8, 0xe6d8, 0xe6d8, 0xe6d8, 0xe6d8, 0xe6d8, 0xe6d8, 0xb573, 0xb553, 0x18e3, 0x3185, 0xa4f1, 0x83ed, 0xd656, 0xde77, 0xd656, 0xd656, 0xd656, 0xd656,
  0xd656, 0xd656, 0xd656, 0xd656, 0xd656, 0xd656, 0xde76, 0xce15, 0x18a3, 0x738c, 0xff7a, 0xce36, 0xde77, 0xe6d8, 0xe6d8, 0xe6d8, 0xe6d8, 0xe6d8, 0xe6b8, 0xe6d8,
  0xc5f5, 0xb573, 0xbd94, 0xbd94, 0xbd94, 0xbd94, 0xbd94, 0xbd94, 0xbd94, 0xb573, 0xb573, 0xb573, 0xb573, 0xb573, 0xb573, 0xb573, 0xb573, 0xb573, 0xb574, 0xb573,
  0xb573, 0xbd73, 0xbd93, 0xbd94, 0xb573, 0xbd94, 0xb573, 0xb573, 0xbd94, 0xbd94, 0xbd94, 0xbd94, 0xbd94, 0xbd94, 0xd636, 0xe6d8, 0xe6b8, 0xe6d8, 0xe6d8, 0xe6d8,
  0xe6d8, 0xe6d8, 0xe6d8, 0xe6d8, 0xe6d8, 0xde77, 0xce16, 0x8c2e, 0x7bad, 0x0020, 0x5aca, 0x946f, 0x9cb0, 0xd656, 0xd676, 0xd656, 0xd656, 0xd656, 0xd656, 0xd656,
  0xde77, 0x39a6, 0x3165, 0xef19, 0xce15, 0x8c2f, 0xce36, 0xef19, 0xe6d8, 0xe6d8, 0xe6d8, 0xe6d8, 0xe6d8, 0xe6d8, 0xe6d8, 0xe6d8, 0xe6d8, 0xe6d8, 0xe6d8, 0xe6d8,
  0xe6d8, 0xe6d8, 0xef19, 0x52a9, 0x18c3, 0x2125, 0x2124, 0x2124, 0x2945, 0x18c3, 0x5aaa, 0xef19, 0xe6d8, 0xe6d8, 0xe6d8, 0xe6f9, 0xce36, 0xad32, 0x4207, 0x1904,
  0x2144, 0x2124, 0x2124, 0x2124, 0x2124, 0x2944, 0x18c3, 0x6b2b, 0xf73a, 0xe6f9, 0x4a48, 0x18e3, 0x2945, 0x2124, 0x2124, 0x2945, 0x18e3, 0x5289, 0xeef9, 0xe6b8,
  0xe6d8, 0xe6d8, 0xe6d8, 0xe6d8, 0xe6b8, 0xef19, 0xc5d5, 0x2104, 0x2124, 0x2124, 0x2124, 0x2124, 0x2945, 0x10c3, 0x8c4f, 0xf75a, 0xe6b8, 0xe6d8, 0xe6b7, 0xe6d8,
  0x5269, 0x1904, 0x2945, 0x2124, 0x2124, 0x2944, 0x2945, 0x2945, 0x2124, 0x2124, 0x2124, 0x2945, 0x20e3, 0x840e, 0xef39, 0xe6b8, 0xe6d8, 0xe6d8, 0xe6d8, 0xe6d8,
  0xe6d8, 0xe6d8, 0xe6d8, 0xe6d8, 0xe6d8, 0xe6d8, 0xe6d8, 0xe6d8, 0xe6d8, 0xe6d8, 0xe6d8, 0xe6d8, 0xe6d9, 0xd636, 0xde97, 0xa4f2, 0x738d, 0x0861, 0x2124, 0x840e,
  0x8c2f, 0x8c2e, 0xd656, 0xde76, 0xd656, 0xd656, 0xd656, 0xd656, 0xd677, 0x3185, 0x5aa9, 0xf75a, 0xd656, 0xd677, 0xe6d8, 0xe6d8, 0xe6d8, 0xe6d8, 0xe6d8, 0xe6d8,
  0xe6d8, 0xe6b8, 0xbd93, 0xad32, 0xbd74, 0xb594, 0xb573, 0xb553, 0xb553, 0xb573, 0xb553, 0xb553, 0xb553, 0xb553, 0xb553, 0xb553, 0xb553, 0xb553, 0xb552, 0xb553,
  0xb553, 0xb553, 0xb553, 0xb553, 0xb553, 0xb553, 0xb553, 0xb553, 0xb553, 0xb553, 0xb553, 0xb553, 0xb553, 0xb553, 0xb553, 0xb553, 0xb573, 0xb552, 0xce36, 0xeef9,
  0xe6d8, 0xe6d8, 0xe6d8, 0xe6d8, 0xe6d8, 0xe6d8, 0xe6d8, 0xde77, 0xb553, 0xa4d1, 0x2103, 0x18c3, 0x944f, 0x8c2f, 0xad32, 0xe6b7, 0xd656, 0xd656, 0xd676, 0xd676,
  0xd656, 0xd656, 0xd656, 0xd656, 0xd656, 0xd656, 0xde76, 0xce15, 0x10a2, 0x736c, 0xff7a, 0xce36, 0xde77, 0xe6d8, 0xe6d8, 0xe6d8, 0xe6d8, 0xe6d8, 0xe6d8, 0xe6d8,
  0xeef9, 0xef19, 0xef19, 0xef19, 0xef19, 0xef19, 0xef19, 0xef19, 0xef19, 0xef19, 0xef19, 0xef19, 0xef19, 0xef19, 0xef19, 0xef19, 0xef19, 0xef19, 0xef19, 0xef19,
  0xef19, 0xef19, 0xef19, 0xef19, 0xef19, 0xef19, 0xef19, 0xef19, 0xef19, 0xef19, 0xef19, 0xef19, 0xef19, 0xef19, 0xeef9, 0xe6d8, 0xe6d8, 0xe6d8, 0xe6d8, 0xe6d8,
  0xe6d8, 0xe6d8, 0xe6d8, 0xe6d8, 0xe6d8, 0xdeb8, 0xd677, 0x9490, 0x738c, 0x0020, 0x62ea, 0xa4f1, 0x7bac, 0xce15, 0xde77, 0xd656, 0xd656, 0xd656, 0xd656, 0xd656,
  0xde77, 0x39a6, 0x2965, 0xef19, 0xce15, 0x8c2f, 0xd636, 0xef19, 0xe6d8, 0xe6d8, 0xe6d8, 0xe6d8, 0xe6d8, 0xe6d8, 0xe6d8, 0xe6d8, 0xe6d8, 0xe6d8, 0xe6d8, 0xe6d8,
  0xe6d8, 0xe6d8, 0xef19, 0x52a9, 0x18c3, 0x2125, 0x2124, 0x2124, 0x2945, 0x18e3, 0x5289, 0xef19, 0xe6d8, 0xe6d8, 0xe6d8, 0xe6d8, 0xe6d8, 0xf75a, 0x4a48, 0x1082,
  0x2945, 0x2124, 0x2124, 0x2124, 0x2124, 0x2944, 0x18c3, 0x6b4c, 0xf73a, 0xe6f9, 0x4a68, 0x18e3, 0x2945, 0x2124, 0x2124, 0x2945, 0x18e3, 0x5aaa, 0xef1a, 0xe6b8,
  0xe6d8, 0xe6d8, 0xe6d8, 0xe6d8, 0xe6b8, 0xef19, 0xc5d5, 0x20e4, 0x2124, 0x2124, 0x2124, 0x2124, 0x2945, 0x18c3, 0x8c4f, 0xf73a, 0xe6b8, 0xe6d8, 0xe6b8, 0xeef9,
  0x4a27, 0x0881, 0x2124, 0x2124, 0x2124, 0x2945, 0x2945, 0x2124, 0x2124, 0x2124, 0x2124, 0x2124, 0x0861, 0x7bad, 0xf75a, 0xe6b8, 0xe6d8, 0xe6d8, 0xe6d8, 0xe6d8,
  0xe6d8, 0xe6d8, 0xe6d8, 0xe6d8, 0xe6d8, 0xe6d8, 0xe6d8, 0xe6d8, 0xe6d8, 0xe6d8, 0xe6d8, 0xe6d8, 0xe6d8, 0xd636, 0xde97, 0xa4f1, 0x738d, 0x0020, 0x39e7, 0x8c2f,
  0x9450, 0x8c2e, 0xbdd4, 0xde77, 0xd656, 0xd656, 0xd656, 0xd656, 0xd677, 0x3185, 0x52a9, 0xf75a, 0xd656, 0xd677, 0xe6d8, 0xe6d8, 0xe6d8, 0xe6d8, 0xe6d8, 0xe6d8,
  0xe6d8, 0xe6d8, 0xef19, 0xef19, 0xef19, 0xef39, 0xef19, 0xef39, 0xef3a, 0xef19, 0xef19, 0xef19, 0xef19, 0xef19, 0xef19, 0xef19, 0xef19, 0xef19, 0xef19, 0xef19,
  0xef19, 0xef19, 0xef19, 0xef19, 0xef19, 0xef19, 0xef19, 0xef19, 0xef39, 0xef39, 0xef19, 0xef19, 0xef19, 0xef19, 0xef19, 0xef19, 0xef19, 0xef19, 0xeef9, 0xe6d8,
  0xe6d8, 0xe6d8, 0xe6d8, 0xe6d8, 0xe6d8, 0xe6d8, 0xe6d8, 0xdeb7, 0xb553, 0xa4d1, 0x18e3, 0x3185, 0x9cd1, 0x8c2e, 0xcdf5, 0xde77, 0xd656, 0xd656, 0xd676, 0xd676,
  0xd656, 0xd656, 0xd656, 0xd656, 0xd656, 0xd656, 0xde76, 0xce15, 0x10a2, 0x736c, 0xff7b, 0xce36, 0xde77, 0xe6d8, 0xe6d8, 0xe6d8, 0xe6d8, 0xe6d8, 0xe6d8, 0xe6d8,
  0xe6b8, 0xe6b8, 0xe6b8, 0xe6b8, 0xe6b8, 0xe6b8, 0xe6b8, 0xe6b8, 0xe6b8, 0xe6b8, 0xe6b8, 0xe6b8, 0xe6b8, 0xe6b8, 0xe6b8, 0xe6b8, 0xe6b8, 0xe6b8, 0xe6b8, 0xe6b8,
  0xe6b8, 0xe6b8, 0xe6b8, 0xe6b8, 0xe6b8, 0xe6d8, 0xe6b8, 0xe6b8, 0xe6b8, 0xe6b8, 0xe6d8, 0xe6d8, 0xe6b8, 0xe6b8, 0xe6b8, 0xe6d8, 0xe6d8, 0xe6d8, 0xe6d8, 0xe6d8,
  0xe6d8, 0xe6d8, 0xe6d8, 0xe6d8, 0xe6f9, 0xde77, 0xce15, 0x83ed, 0x738c, 0x0861, 0x5289, 0x9cb1, 0x944f, 0xce15, 0xde77, 0xd676, 0xd656, 0xd656, 0xd656, 0xd656,
  0xde77, 0x39a6, 0x2965, 0xef19, 0xce15, 0x8c4f, 0xce36, 0xef19, 0xe6d8, 0xe6d8, 0xe6d8, 0xe6d8, 0xe6d8, 0xe6d8, 0xe6d8, 0xe6d8, 0xe6d8, 0xe6d8, 0xe6d8, 0xe6d8,
  0xe6d8, 0xe6d8, 0xef19, 0x52aa, 0x18e3, 0x2945, 0x2945, 0x2945, 0x2965, 0x2104, 0x5aaa, 0xef19, 0xe6d8, 0xe6d8, 0xe6d8, 0xe6d8, 0xe6b8, 0xe6d8, 0xb573, 0x9470,
  0x3186, 0x2945, 0x2945, 0x2945, 0x2945, 0x2945, 0x18e4, 0x736c, 0xf73a, 0xe6f9, 0x5289, 0x2104, 0x2945, 0x2945, 0x2945, 0x2945, 0x18e3, 0x5aca, 0xef3a, 0xe6d8,
  0xe6d8, 0xe6d8, 0xe6d8, 0xe6d8, 0xe6d8, 0xef19, 0xbdb4, 0x2124, 0x2945, 0x2945, 0x2945, 0x2945, 0x2945, 0x18e3, 0x9450, 0xf73a, 0xe6b8, 0xe6d8, 0xe6d8, 0xe6f9,
  0xb573, 0x7bae, 0x2124, 0x2945, 0x2945, 0x2945, 0x2945, 0x2945, 0x2945, 0x2945, 0x2125, 0x2944, 0x840e, 0xc5d5, 0xef19, 0xe6d8, 0xe6d8, 0xe6d8, 0xe6d8, 0xe6d8,
  0xe6d8, 0xe6d8, 0xe6d8, 0xe6d8, 0xe6d8, 0xe6d8, 0xe6d8, 0xe6d8, 0xe6d8, 0xe6d8, 0xe6d8, 0xe6d8, 0xe6d8, 0xd636, 0xde77, 0xa4f1, 0x6b4c, 0x0841, 0x2124, 0x8c2f,
  0x8c2f, 0x8c2e, 0xce56, 0xde76, 0xd656, 0xd656, 0xd656, 0xd656, 0xd677, 0x3165, 0x5289, 0xf73a, 0xd636, 0xd677, 0xe6d8, 0xe6d8, 0xe6d8, 0xe6d8, 0xe6d8, 0xe6d8,
  0xe6d8, 0xe6d8, 0xe6d8, 0xe6d8, 0xe6d8, 0xe6b8, 0xe6d8, 0xe6d8, 0xe6d8, 0xe6d8, 0xe6b8, 0xe6b8, 0xe6b8, 0xe6b8, 0xe6b8, 0xe6b8, 0xe6b8, 0xe6b8, 0xe6b8, 0xe6b8,
  0xe6d8, 0xe6d8, 0xe6d8, 0xe6b8, 0xe6b8, 0xe6d8, 0xe6d8, 0xe6d8, 0xe6d8, 0xe6d8, 0xe6b8, 0xe6b8, 0xe6b8, 0xe6b8, 0xe6b8, 0xe6b8, 0xe6b8, 0xe6b8, 0xe6d8, 0xe6d8,
  0xe6d8, 0xe6d8, 0xe6d8, 0xe6d8, 0xe6d8, 0xe6d8, 0xe6b8, 0xde77, 0xa4d1, 0xa4d1, 0x20e3, 0x2103, 0x9cb0, 0x8c4f, 0xbd93, 0xde97, 0xd656, 0xd656, 0xd656, 0xd676,
  0xd656, 0xd656, 0xd656, 0xd656, 0xd656, 0xd656, 0xde76, 0xce15, 0x10a2, 0x736c, 0xff7b, 0xce36, 0xde77, 0xe6d8, 0xe6d8, 0xe6d8, 0xe6d8, 0xe6d8, 0xe6d8, 0xe6d8,
  0xe6d8, 0xe6d8, 0xe6d8, 0xe6d9, 0xe6d8, 0xe6b8, 0xe6b8, 0xe6b8, 0xe6b8, 0xe6b8, 0xe6b8, 0xe6b8, 0xe6d8, 0xe6d8, 0xe6d8, 0xe6b8, 0xe6b8, 0xe6b8, 0xe6d8, 0xe6b8,
  0xe6d8, 0xe6d8, 0xe6d8, 0xe6d8, 0xe6d8, 0xe6d8, 0xe6d8, 0xe6d8, 0xe6d8, 0xe6d8, 0xe6b8, 0xe6b8, 0xe6d8, 0xe6d8, 0xe6d8, 0xe6d8, 0xe6d8, 0xe6d8, 0xe6d8, 0xe6d8,
  0xe6d8, 0xe6d8, 0xe6d8, 0xe6d8, 0xe6d9, 0xe6d8, 0xd656, 0x9470, 0x6b4b, 0x0841, 0x630b, 0x9cd1, 0x734b, 0xc5f5, 0xde97, 0xd656, 0xd656, 0xd656, 0xd656, 0xd656,
  0xde77, 0x39a6, 0x2965, 0xef19, 0xce15, 0x8c2f, 0xce36, 0xeef9, 0xe6d8, 0xe6d8, 0xe6d8, 0xe6d8, 0xe6d8, 0xe6d8, 0xe6d8, 0xe6d8, 0xe6d8, 0xe6d8, 0xe6d8, 0xe6d8,
  0xe6d8, 0xe6d8, 0xef19, 0x4a48, 0x0862, 0x18c3, 0x10a2, 0x10a3, 0x18e3, 0x1082, 0x4a68, 0xef19, 0xe6d8, 0xe6d8, 0xe6d8, 0xe6d8, 0xe6d9, 0xe6d8, 0xf75a, 0xdeb8,
  0x2144, 0x18c3, 0x18c3, 0x10a2, 0x10a2, 0x18e3, 0x0862, 0x630b, 0xf73a, 0xe6f9, 0x4207, 0x0882, 0x10c3, 0x10a2, 0x10a2, 0x18e3, 0x1082, 0x4a48, 0xef19, 0xe6d8,
  0xe6d8, 0xe6d8, 0xe6d8, 0xe6d8, 0xe6d8, 0xef19, 0xbdb5, 0x18c3, 0x18e3, 0x18c3, 0x18c3, 0x18e3, 0x18e3, 0x0041, 0x840e, 0xf73a, 0xe6b8, 0xe6d8, 0xe6d8, 0xe6d8,
  0xf77a, 0xc5d5, 0x10a2, 0x18e4, 0x18e3, 0x18c3, 0x10c3, 0x10c3, 0x18c3, 0x18e3, 0x18c3, 0x2103, 0xde97, 0xf73a, 0xe6d8, 0xe6d8, 0xe6d8, 0xe6d8, 0xe6d8, 0xe6d8,
  0xe6d8, 0xe6d8, 0xe6d8, 0xe6d8, 0xe6d8, 0xe6d8, 0xe6d8, 0xe6d8, 0xe6d8, 0xe6d8, 0xe6d8, 0xe6d8, 0xe6d9, 0xd636, 0xde77, 0xa4f1, 0x6b4c, 0x0020, 0x4a48, 0x9cb1,
  0x8c0e, 0x8c2e, 0xc5f4, 0xde77, 0xd656, 0xd656, 0xd656, 0xd656, 0xd677, 0x3165, 0x5289, 0xf73a, 0xd636, 0xd677, 0xe6d8, 0xe6d8, 0xe6d8, 0xe6d8, 0xe6d8, 0xe6d8,
  0xe6d8, 0xe6d8, 0xe6d8, 0xe6d8, 0xe6d8, 0xe6d8, 0xe6d8, 0xe6d8, 0xe6d8, 0xe6d8, 0xe6d8, 0xe6d8, 0xe6d8, 0xe6d8, 0xe6b8, 0xe6b8, 0xe6b8, 0xe6b8, 0xe6d8, 0xe6d8,
  0xe6d8, 0xe6d8, 0xe6d8, 0xe6d8, 0xe6d8, 0xe6d8, 0xe6d8, 0xe6d9, 0xe6d9, 0xe6d8, 0xe6b8, 0xe6d8, 0xe6d8, 0xe6d9, 0xe6d8, 0xe6b8, 0xe6d8, 0xe6d8, 0xe6d8, 0xe6d8,
  0xe6d8, 0xe6d8, 0xe6d8, 0xe6d8, 0xe6d8, 0xe6d8, 0xe6d8, 0xd656, 0xad32, 0xa511, 0x18c2, 0x3185, 0xa512, 0x8c0e, 0xc5d5, 0xde76, 0xd656, 0xd656, 0xd656, 0xd656,
  0xd656, 0xd656, 0xd656, 0xd656, 0xd656, 0xd656, 0xde77, 0xce15, 0x10a2, 0x736c, 0xff7b, 0xd636, 0xde77, 0xe6d8, 0xe6d8, 0xe6d8, 0xe6d8, 0xe6d8, 0xe6d8, 0xe6d8,
  0xe6d8, 0xe6d8, 0xe6d8, 0xe6d8, 0xeef9, 0xef3a, 0xef5a, 0xf75a, 0xf75a, 0xf75a, 0xf73a, 0xf739, 0xeef8, 0xe6b8, 0xe6b8, 0xef19, 0xf73a, 0xf73a, 0xf73a, 0xf73a,
  0xe6d8, 0xe6b8, 0xe6d8, 0xe6d8, 0xe6b7, 0xef19, 0xf73a, 0xe6b7, 0xe6d8, 0xe6d8, 0xef19, 0xf73a, 0xe6f8, 0xe6d8, 0xe6d8, 0xe6d8, 0xe6d8, 0xe6d8, 0xe6d8, 0xe6d8,
  0xe6d8, 0xe6d8, 0xe6d8, 0xe6d8, 0xe6f9, 0xdeb7, 0xcdf5, 0x840e, 0x7b8d, 0x0841, 0x5269, 0xa4f2, 0x8c0e, 0xce15, 0xde77, 0xd656, 0xd656, 0xd656, 0xd656, 0xd656,
  0xde77, 0x39a6, 0x2965, 0xeef9, 0xce15, 0x8c4f, 0xce36, 0xef19, 0xe6d8, 0xe6d8, 0xe6d8, 0xe6d8, 0xe6d8, 0xe6d8, 0xe6d8, 0xe6d8, 0xe6d8, 0xe6d8, 0xe6d8, 0xe6d8,
  0xe6d8, 0xe6d8, 0xeef9, 0xa4f1, 0x842e, 0x8c2f, 0x8c2f, 0x8c4f, 0x8c4f, 0x8c0e, 0xa4f1, 0xe6f9, 0xe6d8, 0xe6d8, 0xe6d8, 0xe6d8, 0xe6d8, 0xe6d8, 0xe6d8, 0xde97,
  0x9470, 0x8c4f, 0x8c2f, 0x8c2f, 0x8c2f, 0x944f, 0x8c2f, 0xad33, 0xef19, 0xef19, 0xa4d1, 0x840e, 0x8c2e, 0x8c2e, 0x8c4f, 0x9470, 0x8c2f, 0xa4d1, 0xe6f8, 0xe6d8,
  0xe6d8, 0xe6d8, 0xe6d8, 0xe6d8, 0xe6d8, 0xeef9, 0xd677, 0x8c4f, 0x9470, 0x8c4f, 0x8c4f, 0x8c4f, 0x8c4f, 0x83ee, 0xbd94, 0xeef9, 0xe6d8, 0xe6d8, 0xe6d8, 0xe6d8,
  0xe6d8, 0xd636, 0x8c2f, 0x8c4f, 0x8c4f, 0x8c2f, 0x8c2f, 0x8c2f, 0x8c4f, 0x8c4f, 0x8c4f, 0x9490, 0xde97, 0xe6d8, 0xe6d8, 0xe6d8, 0xe6d8, 0xe6d8, 0xe6d8, 0xe6d8,
  0xe6d8, 0xe6d8, 0xe6d8, 0xe6d8, 0xe6d8, 0xe6d8, 0xe6d8, 0xe6d8, 0xe6d8, 0xe6d8, 0xe6d8, 0xe6d8, 0xe6d9, 0xd636, 0xde97, 0xa4d1, 0x6b2b, 0x0841, 0x3165, 0x8c0e,
  0x8c0e, 0x8c2e, 0xce36, 0xde76, 0xd656, 0xd656, 0xd656, 0xd656, 0xd677, 0x3165, 0x5289, 0xf73a, 0xd636, 0xde77, 0xe6f9, 0xe6d8, 0xe6d8, 0xe6d8, 0xe6d8, 0xe6d8,
  0xe6d8, 0xe6d8, 0xe6d8, 0xe6d8, 0xe6d8, 0xe6b8, 0xe6f8, 0xef3a, 0xef1a, 0xe6d8, 0xe6d8, 0xe6d8, 0xe6d8, 0xe6f9, 0xef19, 0xeef9, 0xef19, 0xef19, 0xe6d8, 0xe6d8,
  0xe6b7, 0xe6d8, 0xef19, 0xef3a, 0xef3a, 0xef3a, 0xe6d8, 0xe6d8, 0xe6d8, 0xe6f8, 0xf75a, 0xe6f8, 0xe6d8, 0xe6d9, 0xe6f9, 0xef3a, 0xef19, 0xe6d8, 0xe6d8, 0xe6d8,
  0xe6d8, 0xe6d8, 0xe6d8, 0xe6d8, 0xe6d8, 0xe6d8, 0xe6b8, 0xde97, 0x9cd0, 0x9cd1, 0x2924, 0x2104, 0x9cb1, 0x8c2f, 0xb552, 0xde97, 0xd656, 0xd656, 0xd656, 0xd656,
  0xd656, 0xd656, 0xd656, 0xd656, 0xd656, 0xd656, 0xde77, 0xce15, 0x10a2, 0x736c, 0xff7b, 0xd636, 0xde77, 0xe6d8, 0xe6d8, 0xe6d8, 0xe6d8, 0xe6d8, 0xe6d8, 0xe6d8,
  0xe6d8, 0xe6d8, 0xe6d8, 0xef19, 0xc5d5, 0x62eb, 0x6b2c, 0x630b, 0x630b, 0x6b2b, 0x6b0b, 0x5aa9, 0x9cb0, 0xe6f8, 0xf73a, 0x9cb1, 0x5aca, 0x62ea, 0x5aca, 0x5aa9,
  0xce16, 0xf73a, 0xe6d8, 0xe6b8, 0xf75a, 0x83ee, 0x62c9, 0xeef9, 0xe6d8, 0xef3a, 0xad33, 0x5289, 0xce16, 0xeef9, 0xe6d8, 0xe6d8, 0xe6d8, 0xe6d8, 0xe6d8, 0xe6d8,
  0xe6d8, 0xe6d8, 0xe6d8, 0xe6d8, 0xe6d8, 0xdeb8, 0xd636, 0x946f, 0x734c, 0x0021, 0x5aaa, 0x9490, 0x9c90, 0xd656, 0xd676, 0xd656, 0xd656, 0xd656, 0xd656, 0xd656,
  0xde77, 0x39a6, 0x2965, 0xe6f9, 0xce15, 0x944f, 0xce36, 0xef19, 0xe6d8, 0xe6d8, 0xe6d8, 0xe6d8, 0xe6d8, 0xe6d8, 0xe6d8, 0xe6d8, 0xe6d8, 0xe6d8, 0xe6d8, 0xe6d8,
  0xe6d8, 0xe6d8, 0xe6d8, 0xef3a, 0xf75a, 0xf73a, 0xf73a, 0xf73a, 0xf73a, 0xf73a, 0xef19, 0xe6d8, 0xe6d8, 0xe6d8, 0xe6d8, 0xe6d8, 0xe6d8, 0xe6d8, 0xe6d8, 0xe6d8,
  0xf73a, 0xf739, 0xf73a, 0xf73a, 0xf73a, 0xf73a, 0xf75a, 0xef19, 0xe6d8, 0xe6d8, 0xef3a, 0xf739, 0xf719, 0xf73a, 0xf73a, 0xf73a, 0xf75a, 0xef19, 0xe6d8, 0xe6d8,
  0xe6d8, 0xe6d8, 0xe6d8, 0xe6d8, 0xe6d8, 0xe6d8, 0xe6f8, 0xf75a, 0xf73a, 0xf73a, 0xf73a, 0xf73a, 0xf739, 0xf73a, 0xef19, 0xe6d8, 0xe6d8, 0xe6d8, 0xe6d8, 0xe6d8,
  0xe6d8, 0xe6f9, 0xf73a, 0xf73a, 0xf73a, 0xf73a, 0xf73a, 0xf73a, 0xf73a, 0xf73a, 0xf73a, 0xf73a, 0xe6d8, 0xe6d8, 0xe6d8, 0xe6d8, 0xe6d8, 0xe6d8, 0xe6d8, 0xe6d8,
  0xe6d8, 0xe6d8, 0xe6d8, 0xe6d8, 0xe6d8, 0xe6d8, 0xe6d8, 0xe6d8, 0xe6d8, 0xe6d8, 0xe6d8, 0xe6d8, 0xe6d9, 0xd636, 0xde97, 0xa4d1, 0x6b2b, 0x0841, 0x39c6, 0x944f,
  0x8c0e, 0x9cb1, 0xce36, 0xd676, 0xd656, 0xd656, 0xd656, 0xd656, 0xde77, 0x3165, 0x5289, 0xf73a, 0xd656, 0xde77, 0xe6f9, 0xe6d8, 0xe6d8, 0xe6d8, 0xe6d8, 0xe6d8,
  0xe6d8, 0xe6d8, 0xe6d8, 0xe6d8, 0xe6b8, 0xf73a, 0xc5f6, 0x4a48, 0x5289, 0xce36, 0xe6f8, 0xdeb7, 0xff9b, 0xa4f2, 0x4a28, 0x5269, 0x4a48, 0x73ad, 0xf75b, 0xe6d8,
  0xf73a, 0xb553, 0x4207, 0x5269, 0x5289, 0x5aa9, 0xde97, 0xeef8, 0xf73a, 0xc5d5, 0x39a6, 0xad12, 0xef39, 0xe6d8, 0xce16, 0x4a68, 0xad12, 0xef19, 0xe6b8, 0xe6d8,
  0xe6d8, 0xe6d8, 0xe6d8, 0xe6d8, 0xe6d8, 0xe6d8, 0xe6b8, 0xd656, 0xb553, 0xa512, 0x2103, 0x3185, 0xa4d1, 0x83ed, 0xbdb4, 0xde77, 0xd656, 0xd656, 0xd656, 0xd656,
  0xd656, 0xd656, 0xd656, 0xd656, 0xd656, 0xd656, 0xde77, 0xce15, 0x18a2, 0x736c, 0xf77a, 0xce36, 0xde77, 0xe6d8, 0xe6d8, 0xe6d8, 0xe6d8, 0xe6d8, 0xe6d8, 0xe6d8,
  0xe6d8, 0xe6d8, 0xe6b8, 0xf75a, 0x9cd1, 0x0000, 0x0020, 0x0861, 0x1061, 0x10a2, 0x10c2, 0x0020, 0x736c, 0xef39, 0xd657, 0x4207, 0x0862, 0x1082, 0x0841, 0x0000,
  0x5aaa, 0xd697, 0xe6f8, 0xef3a, 0x9cb0, 0x39c6, 0x3186, 0x736c, 0xe6b8, 0xef5a, 0x7bce, 0x0000, 0xc5d5, 0xef19, 0xe6b8, 0xe6d8, 0xe6d8, 0xe6d8, 0xe6d8, 0xe6d8,
  0xe6d8, 0xe6d8, 0xe6d8, 0xe6d8, 0xe6f9, 0xd677, 0xce15, 0x8c2f, 0x7bce, 0x0020, 0x4207, 0x9cb0, 0x944f, 0xce16, 0xde77, 0xd656, 0xd656, 0xd656, 0xd656, 0xd676,
  0xde77, 0x39a6, 0x2945, 0xe6f9, 0xce16, 0x944f, 0xce36, 0xeef9, 0xe6d8, 0xe6d8, 0xe6d8, 0xe6d8, 0xe6d8, 0xe6d8, 0xe6d8, 0xe6d8, 0xe6d8, 0xe6d8, 0xe6d8, 0xe6d8,
  0xe6d8, 0xe6d8, 0xe6d8, 0xe6d8, 0xe6b8, 0xe6b8, 0xe6b8, 0xe6b8, 0xe6b8, 0xe6b8, 0xe6b8, 0xe6d8, 0xe6d8, 0xe6d8, 0xe6d8, 0xe6d8, 0xe6d8, 0xe6d8, 0xe6d8, 0xe6d8,
  0xe6b8, 0xe6b8, 0xe6d8, 0xdeb8, 0xe6d8, 0xe6d8, 0xe6b8, 0xe6d8, 0xe6d8, 0xe6d8, 0xe6b8, 0xdeb8, 0xe6b8, 0xe6b8, 0xe6b8, 0xe6b8, 0xe6d8, 0xe6b8, 0xe6d8, 0xe6d8,
  0xe6d8, 0xe6d8, 0xe6d8, 0xe6d8, 0xe6d8, 0xe6d8, 0xe6d8, 0xe6d8, 0xe6d8, 0xe6d8, 0xe6d8, 0xdeb8, 0xe6b8, 0xe6b8, 0xe6d8, 0xe6d8, 0xe6d8, 0xe6d8, 0xe6d8, 0xe6d8,
  0xe6d8, 0xe6d8, 0xe6b8, 0xe6b8, 0xe6b8, 0xe6b8, 0xe6b8, 0xe6b8, 0xe6b8, 0xe6b8, 0xe6b8, 0xe6b8, 0xe6d8, 0xe6d8, 0xe6d8, 0xe6d8, 0xe6d8, 0xe6d8, 0xe6d8, 0xe6d8,
  0xe6d8, 0xe6d8, 0xe6d8, 0xe6d8, 0xe6d8, 0xe6d8, 0xe6d8, 0xe6d8, 0xe6d8, 0xe6d8, 0xe6d8, 0xe6d8, 0xe6d9, 0xd636, 0xde77, 0xa4d1, 0x6b4c, 0x0861, 0x2944, 0x83ee,
  0x9470, 0x8c2f, 0xce15, 0xde76, 0xd656, 0xd656, 0xd656, 0xd656, 0xde77, 0x3165, 0x52a9, 0xf75a, 0xd656, 0xde77, 0xe6f9, 0xe6d8, 0xe6d8, 0xe6d8, 0xe6d8, 0xe6d8,
  0xe6d8, 0xe6d8, 0xe6d8, 0xe6d8, 0xef19, 0xdeb8, 0x5aaa, 0x0861, 0x1081, 0xc5d5, 0xeef8, 0xe6d8, 0xb573, 0x39c6, 0x1082, 0x18c3, 0x0861, 0x18c3, 0x9470, 0xe719,
  0xbdd5, 0x39a6, 0x0000, 0x1082, 0x1081, 0x0000, 0x6b2b, 0xe6d8, 0xd656, 0x4207, 0x4a48, 0x4207, 0xbd94, 0xf739, 0xad12, 0x0000, 0x8c2f, 0xf73a, 0xe6b8, 0xe6d8,
  0xe6d8, 0xe6d8, 0xe6d8, 0xe6d8, 0xe6d8, 0xe6d8, 0xe6b8, 0xd656, 0xb553, 0xb573, 0x2124, 0x20e3, 0x8c2f, 0x8c2e, 0xbd94, 0xde97, 0xd656, 0xd656, 0xd656, 0xd656,
  0xd656, 0xd656, 0xd656, 0xd656, 0xd656, 0xd656, 0xde77, 0xce15, 0x18c2, 0x736c, 0xf75a, 0xce16, 0xde77, 0xe6d8, 0xe6d8, 0xe6d8, 0xe6d8, 0xe6d8, 0xe6d8, 0xe6d8,
  0xe6d8, 0xe6d8, 0xe6d8, 0xef19, 0xce15, 0x7bcd, 0x9470, 0xc5f5, 0xce16, 0xce36, 0x41e7, 0x0841, 0x738c, 0xef19, 0x2944, 0x0021, 0x6b2b, 0xd677, 0xc616, 0x4207,
  0x0000, 0x62ea, 0xef19, 0xf75a, 0x4a28, 0x840e, 0xbd94, 0x18e3, 0xf739, 0xad53, 0x0861, 0x9490, 0xef3a, 0xe6d8, 0xe6d8, 0xe6d8, 0xe6d8, 0xe6d8, 0xe6d8, 0xe6d8,
  0xe6d8, 0xe6d8, 0xe6d8, 0xe6d8, 0xe6d8, 0xde97, 0xd636, 0x9490, 0x7b8d, 0x0020, 0x4207, 0x9cb0, 0x946f, 0xce36, 0xde76, 0xd656, 0xd656, 0xd656, 0xd656, 0xd676,
  0xde97, 0x31a6, 0x2945, 0xe6f9, 0xce36, 0x946f, 0xce16, 0xeef9, 0xe6d8, 0xe6d8, 0xe6d8, 0xe6d8, 0xe6d8, 0xe6d8, 0xe6d8, 0xe6d8, 0xe6d8, 0xe6d8, 0xe6d8, 0xe6d8,
  0xe6d8, 0xe6d8, 0xe6d8, 0xe6d8, 0xe6d8, 0xe6d8, 0xe6d8, 0xe6d8, 0xe6d8, 0xe6d8, 0xe6d8, 0xe6d8, 0xe6d8, 0xe6d8, 0xe6d8, 0xe6d8, 0xe6d8, 0xe6d8, 0xe6d8, 0xe6d8,
  0xe6d8, 0xe6d8, 0xe6d8, 0xe6d8, 0xe6d8, 0xe6d8, 0xe6d8, 0xe6d8, 0xe6d8, 0xe6d8, 0xe6d8, 0xe6d8, 0xe6d8, 0xe6d8, 0xe6d8, 0xe6d8, 0xe6d8, 0xe6d8, 0xe6d8, 0xe6d8,
  0xe6d8, 0xe6d8, 0xe6d8, 0xe6d8, 0xe6d8, 0xe6d8, 0xe6d8, 0xe6d8, 0xe6d8, 0xe6d8, 0xe6d8, 0xe6d8, 0xe6d8, 0xe6d8, 0xe6d8, 0xe6d8, 0xe6d8, 0xe6d8, 0xe6d8, 0xe6d8,
  0xe6d8, 0xe6d8, 0xe6d8, 0xe6d8, 0xe6d8, 0xe6d8, 0xe6d8, 0xe6d8, 0xe6d8, 0xe6d8, 0xe6d8, 0xe6d8, 0xe6d8, 0xe6d8, 0xe6d8, 0xe6d8, 0xe6d8, 0xe6d8, 0xe6d8, 0xe6d8,
  0xe6d8, 0xe6d8, 0xe6d8, 0xe6d8, 0xe6d8, 0xe6d8, 0xe6d8, 0xe6d8, 0xe6d8, 0xe6d8, 0xe6d8, 0xe6d8, 0xe6d8, 0xce36, 0xde77, 0xa4d1, 0x736c, 0x0840, 0x2124, 0x83ee,
  0x8c2e, 0x9cd1, 0xce36, 0xde76, 0xd656, 0xd656, 0xd656, 0xd656, 0xde77, 0x3185, 0x52a9, 0xf75a, 0xd656, 0xde77, 0xe6d8, 0xe6d8, 0xe6d8, 0xe6d8, 0xe6d8, 0xe6d8,
  0xe6d8, 0xe6d8, 0xe6d8, 0xeef9, 0xce15, 0x39c6, 0x0862, 0x2124, 0x2103, 0xc615, 0xeef9, 0xe6d8, 0x4207, 0x0841, 0x736c, 0xdeb8, 0xa512, 0x10a2, 0x0841, 0xd657,
  0x738c, 0x0000, 0x4a28, 0xd677, 0xc5d4, 0x2944, 0x0000, 0xa4d1, 0xbdb4, 0x0840, 0xe6b8, 0x39a6, 0x9490, 0xf75a, 0x2104, 0x4a48, 0xe6f9, 0xe6d8, 0xe6d8, 0xe6d8,
  0xe6d8, 0xe6d8, 0xe6d8, 0xe6d8, 0xe6d8, 0xe6d8, 0xe6d8, 0xe6d8, 0xad12, 0xad12, 0x2104, 0x2945, 0x9c8f, 0x7b8d, 0xc5d4, 0xde97, 0xd656, 0xd656, 0xd656, 0xd656,
  0xd656, 0xd656, 0xd656, 0xd656, 0xd656, 0xd656, 0xde77, 0xce36, 0x18c3, 0x736c, 0xf77a, 0xce36, 0xde77, 0xe6f9, 0xe6d8, 0xe6d8, 0xe6d8, 0xe6d8, 0xe6d8, 0xe6d8,
  0xe6d8, 0xe6d8, 0xe6d8, 0xe6d8, 0xeef9, 0xf73a, 0xf73a, 0xef19, 0xef3a, 0xc5f6, 0x3185, 0x31a6, 0xa4f1, 0xe6d8, 0x5ac9, 0x41e7, 0x9c90, 0xf75a, 0xef39, 0x5289,
  0x0862, 0x62ea, 0xeef9, 0xef39, 0x41e7, 0x8c2f, 0xc5f6, 0x2944, 0xe6f8, 0x6b4c, 0x2104, 0xc5f5, 0xef39, 0xe6d8, 0xe6d8, 0xe6d8, 0xe6d8, 0xe6d8, 0xe6d8, 0xe6d8,
  0xe6d8, 0xe6d8, 0xe6d8, 0xe6d8, 0xe6d8, 0xde97, 0xce15, 0x840e, 0x738d, 0x0020, 0x52a9, 0x9cb0, 0x8c2e, 0xce15, 0xde76, 0xd656, 0xd656, 0xd656, 0xd656, 0xd656,
  0xde77, 0x31a6, 0x2945, 0xef19, 0xd656, 0x946f, 0xce15, 0xeef9, 0xe6d8, 0xe6d8, 0xe6d8, 0xe6d8, 0xe6d8, 0xe6d8, 0xe6d8, 0xe6d8, 0xe6d8, 0xe6d8, 0xe6d8, 0xe6d8,
  0xe6d8, 0xe6d8, 0xe6d8, 0xe6d8, 0xe6d8, 0xe6d8, 0xe6d8, 0xe6d8, 0xe6d8, 0xe6d8, 0xe6d8, 0xe6d8, 0xe6d8, 0xe6d8, 0xe6d8, 0xe6d8, 0xe6d8, 0xe6d8, 0xe6d8, 0xe6d8,
  0xe6d8, 0xe6d8, 0xe6d8, 0xe6d8, 0xe6d8, 0xe6d8, 0xe6d8, 0xe6d8, 0xe6d8, 0xe6d8, 0xe6d8, 0xe6d8, 0xe6d8, 0xe6d8, 0xe6d8, 0xe6d8, 0xe6d8, 0xe6d8, 0xe6d8, 0xe6d8,
  0xe6d8, 0xe6d8, 0xe6d8, 0xe6d8, 0xe6d8, 0xe6d8, 0xe6d8, 0xe6d8, 0xe6d8, 0xe6d8, 0xe6d8, 0xe6d8, 0xe6d8, 0xe6d8, 0xe6d8, 0xe6d8, 0xe6d8, 0xe6d8, 0xe6d8, 0xe6d8,
  0xe6d8, 0xe6d8, 0xe6d8, 0xe6d8, 0xe6d8, 0xe6d8, 0xe6d8, 0xe6d8, 0xe6d8, 0xe6d8, 0xe6d8, 0xe6d8, 0xe6d8, 0xe6d8, 0xe6d8, 0xe6d8, 0xe6d8, 0xe6d8, 0xe6d8, 0xe6d8,
  0xe6d8, 0xe6d8, 0xe6d8, 0xe6d8, 0xe6d8, 0xe6d8, 0xe6d8, 0xe6d8, 0xe6d8, 0xe6d8, 0xe6d8, 0xe6d8, 0xe6d8, 0xce36, 0xde77, 0xa4d1, 0x6b4c, 0x0020, 0x2124, 0x83cd,
  0x8c0e, 0x9c90, 0xce36, 0xde76, 0xd656, 0xd656, 0xd656, 0xd656, 0xde77, 0x3185, 0x52a9, 0xf75a, 0xd656, 0xde77, 0xe6d8, 0xe6d8, 0xe6d8, 0xe6d8, 0xe6d8, 0xe6d8,
  0xe6d8, 0xe6d8, 0xe6d8, 0xef39, 0xad32, 0x2944, 0x62eb, 0x2124, 0x2124, 0xce16, 0xeef9, 0xe6d8, 0x4a28, 0x0000, 0x8c4f, 0xffbc, 0xce57, 0x2103, 0x18a2, 0xce36,
  0x7bad, 0x0000, 0x5aca, 0xf77a, 0xe6d8, 0x41e7, 0x0841, 0xa4f2, 0xbdd5, 0x0841, 0xde97, 0x3165, 0x946f, 0xb573, 0x18e3, 0x9490, 0xef19, 0xe6b8, 0xe6d8, 0xe6d8,
  0xe6d8, 0xe6d8, 0xe6d8, 0xe6d8, 0xe6d8, 0xe6d8, 0xe6b8, 0xde77, 0xbd94, 0xa4d1, 0x18a2, 0x2944, 0x9c90, 0x7bad, 0xbd73, 0xde97, 0xd656, 0xd656, 0xd656, 0xd656,
  0xd656, 0xd656, 0xd656, 0xd656, 0xd656, 0xd656, 0xd677, 0xd636, 0x18c3, 0x734c, 0xf77a, 0xce36, 0xde77, 0xe6f9, 0xe6d8, 0xe6d8, 0xe6d8, 0xe6d8, 0xe6d8, 0xe6d8,
  0xe6d8, 0xe6d8, 0xe6d8, 0xe6d8, 0xe6d8, 0xe6b8, 0xe6b8, 0xdeb8, 0xf75b, 0x5269, 0x0020, 0x8c0f, 0xff9b, 0xde97, 0xeef9, 0xef18, 0xe6d8, 0xde77, 0xf75a, 0x52a9,
  0x0862, 0x5aca, 0xef3a, 0xeed9, 0x946f, 0x31a5, 0x4a07, 0x8c4f, 0xce36, 0x0000, 0x8c4f, 0xf75a, 0xdeb8, 0xe6d8, 0xe6d8, 0xe6d8, 0xe6d8, 0xe6d8, 0xe6d8, 0xe6d8,
  0xe6d8, 0xe6d8, 0xe6d8, 0xe6d8, 0xe6d8, 0xde97, 0xce16, 0x8c0e, 0x736c, 0x0020, 0x62ea, 0xa4f1, 0x8c0e, 0xce15, 0xde76, 0xd656, 0xd656, 0xd656, 0xd656, 0xd656,
  0xde77, 0x31a6, 0x2945, 0xef1a, 0xd656, 0x944f, 0xce16, 0xeef9, 0xe6d8, 0xe6d8, 0xe6d8, 0xe6d8, 0xe6d8, 0xe6d8, 0xe6d8, 0xe6d8, 0xe6d8, 0xe6d8, 0xe6d8, 0xe6d8,
  0xe6d8, 0xe6d8, 0xe6d8, 0xe6d8, 0xe6d8, 0xe6d8, 0xe6d8, 0xe6d8, 0xe6d8, 0xe6d8, 0xe6d8, 0xe6d8, 0xe6d8, 0xe6d8, 0xe6d8, 0xe6d8, 0xe6d8, 0xe6d8, 0xe6d8, 0xe6d8,
  0xe6d8, 0xe6d8, 0xe6d8, 0xe6d8, 0xe6d8, 0xe6d8, 0xe6d8, 0xe6d8, 0xe6d8, 0xe6d8, 0xe6d8, 0xe6d8, 0xe6d8, 0xe6d8, 0xe6d8, 0xe6d8, 0xe6d8, 0xe6d8, 0xe6d8, 0xe6d8,
  0xe6d8, 0xe6d8, 0xe6d8, 0xe6d8, 0xe6d8, 0xe6d8, 0xe6d8, 0xe6d8, 0xe6d8, 0xe6d8, 0xe6d8, 0xe6d8, 0xe6d8, 0xe6d8, 0xe6d8, 0xe6d8, 0xe6d8, 0xe6d8, 0xe6d8, 0xe6d8,
  0xe6d8, 0xe6d8, 0xe6d8, 0xe6d8, 0xe6d8, 0xe6d8, 0xe6d8, 0xe6d8, 0xe6d8, 0xe6d8, 0xe6d8, 0xe6d8, 0xe6d8, 0xe6d8, 0xe6d8, 0xe6d8, 0xe6d8, 0xe6d8, 0xe6d8, 0xe6d8,
  0xe6d8, 0xe6d8, 0xe6d8, 0xe6d8, 0xe6d8, 0xe6d8, 0xe6d8, 0xe6d8, 0xe6d8, 0xe6d8, 0xe6d8, 0xe6d8, 0xe6d8, 0xd636, 0xde77, 0x9cb1, 0x630b, 0x0000, 0x2124, 0x8c2f,
  0x8c2e, 0x946f, 0xce36, 0xd656, 0xd656, 0xd656, 0xd656, 0xd656, 0xde77, 0x3185, 0x5aa9, 0xf75a, 0xd656, 0xde77, 0xe6d8, 0xe6d8, 0xe6d8, 0xe6d8, 0xe6d8, 0xe6d8,
  0xe6d8, 0xe6d8, 0xe6d8, 0xe6d8, 0xde97, 0xe6b8, 0xd656, 0x20e3, 0x18e3, 0xc615, 0xeef9, 0xe6f9, 0x4a48, 0x0020, 0x8c2e, 0xff7b, 0xce16, 0x2104, 0x1082, 0xd657,
  0x7bcd, 0x0000, 0x5aa9, 0xef19, 0xde97, 0x39c7, 0x0841, 0x9cb1, 0xe719, 0x5aaa, 0x3186, 0x5288, 0xde97, 0x39a6, 0x2964, 0xf75b, 0xe6b8, 0xe6d8, 0xe6d8, 0xe6d8,
  0xe6d8, 0xe6d8, 0xe6d8, 0xe6d8, 0xe6d8, 0xe6d8, 0xe6d8, 0xe6d8, 0x9cb0, 0xb573, 0x2103, 0x2104, 0x9cb0, 0x8c4f, 0xbdb4, 0xde97, 0xd656, 0xd676, 0xd656, 0xd656,
  0xd656, 0xd656, 0xd656, 0xd656, 0xd656, 0xd656, 0xd677, 0xd636, 0x18c3, 0x6b4c, 0xf77a, 0xce36, 0xde77, 0xe6f9, 0xe6d8, 0xe6d8, 0xe6d8, 0xe6d8, 0xe6d8, 0xe6d8,
  0xe6d8, 0xe6d8, 0xe6d8, 0xe6d8, 0xe6d8, 0xe6d8, 0xe6d8, 0xe6b7, 0x9c90, 0x2945, 0x2944, 0xb594, 0xef19, 0xe6d8, 0xe6b8, 0xdeb8, 0xe6b7, 0xeef8, 0x944f, 0x2965,
  0x2124, 0xa4f2, 0xef1a, 0xe6d8, 0xef3a, 0x83cd, 0x738c, 0xde97, 0x5aca, 0x3186, 0xbdd4, 0xe6d8, 0xe6b8, 0xe6d8, 0xe6d8, 0xe6d8, 0xe6d8, 0xe6d8, 0xe6d8, 0xe6d8,
  0xe6d8, 0xe6d8, 0xe6d8, 0xe6d8, 0xe6d8, 0xde97, 0xc5f5, 0x8c2e, 0x738c, 0x0020, 0x5269, 0x9cb0, 0x944f, 0xce15, 0xde76, 0xd656, 0xd656, 0xd656, 0xd656, 0xd656,
  0xde77, 0x39a6, 0x2944, 0xeef9, 0xd636, 0x946f, 0xd677, 0xef3a, 0xeef9, 0xeef9, 0xeef9, 0xeef9, 0xeef9, 0xeef9, 0xeef9, 0xeef9, 0xeef9, 0xeef9, 0xeef9, 0xeef9,
  0xeef9, 0xeef9, 0xeef9, 0xeef9, 0xeef9, 0xeef9, 0xeef8, 0xeef9, 0xeef9, 0xeef9, 0xeef9, 0xeef9, 0xeef9, 0xeef9, 0xeef9, 0xeef9, 0xeef9, 0xeef9, 0xeef9, 0xeef9,
  0xeef9, 0xeef9, 0xeef9, 0xeef9, 0xeef9, 0xeef9, 0xeef9, 0xeef9, 0xeef9, 0xeef9, 0xeef9, 0xeef9, 0xeef9, 0xeef9, 0xeef9, 0xeef9, 0xeef9, 0xeef9, 0xeef9, 0xeef9,
  0xeef9, 0xeef9, 0xeef9, 0xeef8, 0xeef8, 0xeef9, 0xeef9, 0xeef9, 0xeef9, 0xeef9, 0xeef9, 0xeef9, 0xeef9, 0xeef9, 0xeef9, 0xeef9, 0xeef9, 0xeef9, 0xeef9, 0xeef9,
  0xeef9, 0xeef9, 0xeef9, 0xeef9, 0xeef9, 0xeef9, 0xeef9, 0xeef9, 0xeef9, 0xeef9, 0xeef9, 0xeef9, 0xeef9, 0xeef9, 0xeef9, 0xeef9, 0xeef9, 0xeef9, 0xeef9, 0xeef9,
  0xeef9, 0xeef9, 0xeef9, 0xeef9, 0xeef9, 0xeef9, 0xeef9, 0xef19, 0xef19, 0xeef9, 0xeef9, 0xeef9, 0xef19, 0xd636, 0xd657, 0x9c90, 0x630b, 0x0000, 0x3185, 0x8c4f,
  0x944f, 0x8c2e, 0xc5f4, 0xd656, 0xd656, 0xd656, 0xd656, 0xd656, 0xd677, 0x3165, 0x52a9, 0xf73a, 0xd656, 0xde77, 0xe6d8, 0xe6d8, 0xe6d8, 0xe6d8, 0xe6d8, 0xe6d8,
  0xe6d8, 0xe6d8, 0xe6d8, 0xe6d8, 0xe6d8, 0xef39, 0xc5f5, 0x18c3, 0x18c3, 0xc5f5, 0xeef9, 0xef19, 0x5269, 0x0841, 0x8c2f, 0xff7b, 0xce16, 0x2104, 0x10a2, 0xd657,
  0x7bcd, 0x0000, 0x5aca, 0xef39, 0xde98, 0x39a6, 0x0020, 0x9470, 0xff9a, 0xd677, 0x7bce, 0xce57, 0xad32, 0x20c3, 0x9470, 0xe6d8, 0xe6d8, 0xe6d8, 0xe6d8, 0xe6d8,
  0xe6d8, 0xe6d8, 0xe6d8, 0xe6d8, 0xe6d8, 0xe6d8, 0xe6d8, 0xde97, 0xbd93, 0xa4d1, 0x18c3, 0x2124, 0x9cd0, 0x83ee, 0xbd93, 0xde97, 0xd656, 0xd656, 0xd677, 0xd677,
  0xd656, 0xd656, 0xd656, 0xd656, 0xd656, 0xd656, 0xde77, 0xd656, 0x18e3, 0x6b2b, 0xf77a, 0xce36, 0xde77, 0xe6f9, 0xe6d8, 0xe6d8, 0xe6d8, 0xe6d8, 0xe6d8, 0xe6d8,
  0xe6d8, 0xe6d8, 0xe6d8, 0xe6d8, 0xe6d8, 0xe6d8, 0xe6f9, 0xd656, 0x20e3, 0x0861, 0x8c4f, 0xf75a, 0xe6b8, 0xe6d8, 0xe6d8, 0xe6d8, 0xef19, 0xad32, 0x2103, 0x0000,
  0x9490, 0xf77a, 0xe6b8, 0xe6d9, 0xe6d8, 0xef19, 0xffbb, 0xad12, 0x0000, 0x9cd0, 0xff9b, 0xf75a, 0xe6d8, 0xe6b8, 0xe6d8, 0xe6d8, 0xe6d8, 0xe6d8, 0xe6d8, 0xe6d8,
  0xe6d8, 0xe6d8, 0xe6d8, 0xe6d8, 0xe6d8, 0xde97, 0xce16, 0x9cb0, 0x7bcd, 0x0021, 0x4a48, 0x9490, 0x83ee, 0xce15, 0xde76, 0xd656, 0xd656, 0xd656, 0xd656, 0xd656,
  0xde77, 0x31a6, 0x2124, 0xe6d8, 0xde77, 0x9c90, 0xc5d5, 0xd657, 0xce16, 0xce15, 0xce15, 0xce15, 0xce15, 0xce16, 0xce15, 0xce15, 0xce16, 0xce16, 0xce36, 0xce16,
  0xce16, 0xce15, 0xce16, 0xce15, 0xc615, 0xce15, 0xc5f5, 0xc615, 0xce15, 0xce15, 0xce16, 0xce16, 0xce15, 0xce15, 0xc615, 0xc5f5, 0xce15, 0xce15, 0xce15, 0xce15,
  0xc615, 0xc615, 0xc615, 0xc615, 0xce15, 0xc615, 0xc5f5, 0xc5f5, 0xc5f5, 0xc5f5, 0xce16, 0xce15, 0xc5f5, 0xc5f5, 0xc5f5, 0xc5f5, 0xc5f5, 0xc615, 0xce15, 0xce15,
  0xce15, 0xc615, 0xc5f5, 0xce15, 0xce15, 0xce15, 0xce16, 0xce16, 0xce16, 0xce36, 0xce36, 0xce16, 0xce16, 0xce15, 0xce15, 0xce15, 0xce15, 0xce15, 0xc5f5, 0xcdf5,
  0xcdf5, 0xcdf5, 0xc615, 0xc5f5, 0xc5f5, 0xc5f5, 0xc5f5, 0xc5f5, 0xc5f5, 0xc5f5, 0xc5f5, 0xce15, 0xc615, 0xc615, 0xc615, 0xc5f5, 0xc5f5, 0xc615, 0xc5f5, 0xc5f5,
  0xc5f5, 0xc5f5, 0xc5d5, 0xc5f5, 0xc5f5, 0xc5f5, 0xc5f5, 0xc5f5, 0xce15, 0xce15, 0xc615, 0xce15, 0xc5d4, 0xcdf5, 0xde77, 0x9c90, 0x6b4b, 0x0840, 0x2104, 0x7bce,
  0x83cd, 0x83ee, 0xce15, 0xd656, 0xd656, 0xd656, 0xd656, 0xd656, 0xd677, 0x2965, 0x5289, 0xf73a, 0xd656, 0xde77, 0xe6d8, 0xe6d8, 0xe6d8, 0xe6d8, 0xe6d8, 0xe6d8,
  0xe6d8, 0xe6d8, 0xe6d8, 0xe6d8, 0xe6b8, 0xe719, 0xc5f5, 0x18e3, 0x10a2, 0xc5f5, 0xef19, 0xeef9, 0x5269, 0x0841, 0x8c4f, 0xff7b, 0xcdf5, 0x2103, 0x10a2, 0xd657,
  0x7bad, 0x0000, 0x5aca, 0xf75a, 0xdeb8, 0x31a6, 0x0020, 0x9490, 0xef3a, 0xe6f9, 0xf79b, 0xe6f9, 0x2924, 0x5aaa, 0xf75a, 0xf75a, 0xe6f9, 0xe6d8, 0xe6d8, 0xe6d8,
  0xe6d8, 0xe6d8, 0xe6d8, 0xe6d8, 0xe6d8, 0xe6d8, 0xe6d8, 0xde97, 0x9c6f, 0xb573, 0x20e3, 0x2945, 0x9cb0, 0x8c4f, 0xc5d4, 0xde77, 0xd656, 0xd676, 0xd677, 0xd656,
  0xd656, 0xd656, 0xd656, 0xd656, 0xd656, 0xd656, 0xde77, 0xd656, 0x18e3, 0x6b2b, 0xf77a, 0xce36, 0xde77, 0xe6f9, 0xe6d8, 0xe6d8, 0xe6d8, 0xe6d8, 0xe6d8, 0xe6d8,
  0xe6d8, 0xe6d8, 0xe6d8, 0xe6d8, 0xe6d8, 0xe6d8, 0xef19, 0xce36, 0x2103, 0x31a6, 0xe6b8, 0xe6d8, 0xe6d8, 0xe6d8, 0xdeb7, 0xf75a, 0xb553, 0x2103, 0x18e3, 0x630b,
  0xd677, 0xe6d7, 0xe6d8, 0xe6d8, 0xe6d8, 0xe6d8, 0xdeb8, 0x4227, 0x41e7, 0xff9a, 0xad32, 0x6b4c, 0xdeb8, 0xeef9, 0xe6b8, 0xe6d8, 0xe6d8, 0xe6d8, 0xe6d8, 0xe6d8,
  0xe6d8, 0xe6d8, 0xe6d8, 0xe6d8, 0xe6d8, 0xde77, 0xce36, 0x9490, 0x7b8d, 0x0020, 0x5269, 0x8c4f, 0x8c0e, 0xce36, 0xde76, 0xd656, 0xd656, 0xd656, 0xd656, 0xd656,
  0xde77, 0x3185, 0x2124, 0xe6f9, 0xe6b8, 0xc5f5, 0xc5d4, 0xc5d4, 0xbdb4, 0xbdb4, 0xbdb4, 0xbdb4, 0xbdb4, 0xbdb4, 0xbdb4, 0xbdb4, 0xbdb4, 0xbdb4, 0xbdb4, 0xbdb4,
  0xbdb4, 0xbdb4, 0xbdb4, 0xbdb4, 0xbdb4, 0xbdb4, 0xbdb4, 0xbdb4, 0xbdb4, 0xbdb4, 0xbdb4, 0xbdb4, 0xbdb4, 0xbdb4, 0xbdb4, 0xbdb4, 0xbdb4, 0xbdb4, 0xbdb4, 0xbdb4,
  0xbd93, 0xbdb4, 0xbdb4, 0xbdb4, 0xbdb4, 0xbd94, 0xbdb4, 0xbd94, 0xbd94, 0xbd94, 0xbdb4, 0xbd93, 0xbd93, 0xbd93, 0xbd93, 0xbd93, 0xbd93, 0xbd93, 0xbd93, 0xbd94,
  0xbdb4, 0xbdb4, 0xbd94, 0xbd94, 0xbdb4, 0xbdb4, 0xc5b4, 0xc5b4, 0xc5b4, 0xbdb4, 0xbdb4, 0xbdb4, 0xbdb4, 0xbdb4, 0xbdb4, 0xbdb4, 0xbdb4, 0xbdb4, 0xbd94, 0xbd93,
  0xbd93, 0xbd93, 0xbdb4, 0xbd93, 0xbd93, 0xbd93, 0xbd93, 0xbd93, 0xbd93, 0xbd93, 0xbd93, 0xbd93, 0xbd93, 0xbd93, 0xbd93, 0xbd93, 0xbd93, 0xbd93, 0xbd93, 0xbd93,
  0xbd93, 0xbd93, 0xbd93, 0xbd93, 0xbd93, 0xbd93, 0xbd93, 0xbd93, 0xbd94, 0xbdb4, 0xbd93, 0xbd93, 0xb552, 0xcdf5, 0xde97, 0x9cb1, 0x6b4c, 0x0020, 0x2964, 0x7bcd,
  0x738c, 0x8c4f, 0xce15, 0xde76, 0xd656, 0xd656, 0xd656, 0xd656, 0xde97, 0x3185, 0x5289, 0xf75a, 0xd656, 0xde77, 0xe6d8, 0xe6d8, 0xe6d8, 0xe6d8, 0xe6d8, 0xe6d8,
  0xe6d8, 0xe6d8, 0xe6d8, 0xe6d8, 0xe6d8, 0xe719, 0xc5f5, 0x2104, 0x18c3, 0xc5f5, 0xeef9, 0xe6d9, 0x4a48, 0x0841, 0x9470, 0xff9b, 0xc5d5, 0x18e3, 0x10a2, 0xd657,
  0x7bad, 0x0000, 0x5aaa, 0xef3a, 0xde98, 0x39c6, 0x0841, 0x9cb1, 0xf75a, 0xde98, 0xf73a, 0x738d, 0x1062, 0xde97, 0xc5d4, 0x5268, 0xbd74, 0xf75a, 0xe6b8, 0xe6d8,
  0xe6d8, 0xe6d8, 0xe6d8, 0xe6d8, 0xe6d8, 0xe6d8, 0xe6d8, 0xde77, 0xb573, 0xad12, 0x2104, 0x2124, 0x946f, 0x840e, 0xbd93, 0xde97, 0xd656, 0xd656, 0xd656, 0xd656,
  0xd656, 0xd656, 0xd656, 0xd656, 0xd656, 0xd656, 0xde77, 0xd656, 0x18e3, 0x6b2b, 0xf77a, 0xce36, 0xde77, 0xe6d8, 0xe6d8, 0xe6d8, 0xe6d8, 0xe6d8, 0xe6d8, 0xe6d8,
  0xe6d8, 0xe6d8, 0xe6d8, 0xe6d8, 0xe6d8, 0xe6d8, 0xe6d8, 0xbdd5, 0x18e3, 0x3185, 0xdeb8, 0xe6d8, 0xe6d8, 0xe6b8, 0xeef8, 0xb553, 0x39c6, 0x0862, 0x5aaa, 0xef19,
  0xe6d8, 0xdeb8, 0xe6d8, 0xe6d8, 0xe6b8, 0xef19, 0x83ee, 0x18e2, 0xa4f1, 0xc5d5, 0x39c6, 0x3185, 0x736c, 0xde98, 0xe6f8, 0xe6d8, 0xe6d8, 0xe6d8, 0xe6d8, 0xe6d8,
  0xe6d8, 0xe6d8, 0xe6d8, 0xe6d8, 0xe6d8, 0xe6b8, 0xd656, 0x9cb0, 0x736c, 0x0020, 0x4a48, 0x9c90, 0x738c, 0xcdf5, 0xde77, 0xd656, 0xd656, 0xd656, 0xd656, 0xd656,
  0xde97, 0x39c6, 0x3165, 0xf75b, 0xe6d8, 0xde97, 0xdeb8, 0xdeb7, 0xdeb7, 0xdeb7, 0xde97, 0xde97, 0xde97, 0xe697, 0xe697, 0xde97, 0xde97, 0xde97, 0xde97, 0xe6b7,
  0xe6b7, 0xe6b7, 0xe6b7, 0xe6b7, 0xe6b8, 0xe6b8, 0xe6d8, 0xe6d8, 0xe6b8, 0xe6b8, 0xe6b8, 0xe6b7, 0xe6b8, 0xe6b8, 0xe6d8, 0xe6b8, 0xe6b8, 0xe6b8, 0xe6b8, 0xe6d8,
  0xe6d8, 0xe6d8, 0xe6b8, 0xe6d8, 0xe6b8, 0xe6d8, 0xe6d8, 0xe6d8, 0xe6d8, 0xe6b8, 0xe6b8, 0xe6b7, 0xe6b7, 0xe6b7, 0xdeb7, 0xde97, 0xdeb7, 0xde97, 0xde97, 0xde97,
  0xdeb7, 0xe6b7, 0xe6b8, 0xe6b8, 0xe6b8, 0xe6b8, 0xe6b7, 0xe6b7, 0xdeb7, 0xe6b7, 0xe6b7, 0xe6b7, 0xe6b7, 0xe6b7, 0xe6b8, 0xe6b8, 0xe6b7, 0xe6b8, 0xe6b8, 0xe6b8,
  0xe6b8, 0xe6b8, 0xe6b8, 0xe6b8, 0xe6b7, 0xe6b8, 0xe6b8, 0xe6b8, 0xe6b8, 0xe6b7, 0xe6b7, 0xe6b8, 0xe6b7, 0xe6b7, 0xe6b7, 0xe6b8, 0xe6b8, 0xe6b8, 0xe6b8, 0xe6b8,
  0xe6b8, 0xe6b8, 0xe6b8, 0xe6b8, 0xe6b8, 0xe6b8, 0xe6b8, 0xe6b8, 0xe6b7, 0xde97, 0xde97, 0xde97, 0xdeb7, 0xde97, 0xd656, 0x944f, 0x6b4b, 0x0020, 0x2103, 0x7bcd,
  0x944f, 0x8c4f, 0xce35, 0xde76, 0xd656, 0xd656, 0xd656, 0xd656, 0xde97, 0x3186, 0x5289, 0xf75a, 0xd656, 0xde77, 0xe6d8, 0xe6d8, 0xe6d8, 0xe6d8, 0xe6d8, 0xe6d8,
  0xe6d8, 0xe6d8, 0xe6d8, 0xe6d8, 0xe6b8, 0xe6f8, 0xc5f5, 0x2104, 0x18e3, 0xc5d5, 0xe6d8, 0xe6d8, 0x4a48, 0x0841, 0x9450, 0xff7b, 0xc5d4, 0x18c2, 0x1081, 0xd637,
  0x83ce, 0x0000, 0x5aaa, 0xef19, 0xd677, 0x39a6, 0x0862, 0x9cb1, 0xef39, 0xe6d8, 0xb552, 0x2104, 0x630b, 0xd677, 0x4a48, 0x4228, 0x4a48, 0xc5f5, 0xeef9, 0xe6d8,
  0xe6d8, 0xe6d8, 0xe6d8, 0xe6d8, 0xe6d8, 0xe6d8, 0xe6b8, 0xde97, 0x9cb0, 0xb573, 0x2103, 0x3186, 0x9cd1, 0x83cd, 0xc5d4, 0xde77, 0xd656, 0xd656, 0xd676, 0xd676,
  0xd656, 0xd656, 0xd656, 0xd656, 0xd656, 0xd656, 0xde77, 0xd656, 0x18e3, 0x6b2b, 0xff7b, 0xd636, 0xde77, 0xe6d8, 0xe6d8, 0xe6d8, 0xe6d8, 0xe6d8, 0xe6d8, 0xe6d8,
  0xe6d8, 0xe6d8, 0xe6d8, 0xe6d8, 0xe6d8, 0xef19, 0xbdb4, 0x20e3, 0x3185, 0xc5d5, 0xe6d8, 0xe6d8, 0xe6d8, 0xe6b7, 0xdeb7, 0x4a48, 0x0021, 0x6b0b, 0xdeb8, 0xf73a,
  0xef3a, 0xef19, 0xe6d8, 0xe6b8, 0xe6d8, 0xe6f9, 0x2104, 0x5289, 0xfffc, 0x738c, 0x2924, 0xe6d9, 0x10a2, 0xbdb4, 0xef19, 0xe6d8, 0xe6d8, 0xe6d8, 0xe6d8, 0xe6d8,
  0xe6d8, 0xe6d8, 0xe6d8, 0xe6d8, 0xe6d9, 0xde97, 0xce36, 0x9470, 0x736c, 0x0841, 0x39a6, 0xa4d1, 0x8c2f, 0xc5f5, 0xde77, 0xd656, 0xd656, 0xd656, 0xd656, 0xd656,
  0xde98, 0x3185, 0x18e3, 0x9470, 0x8c2e, 0x83ed, 0x8c0e, 0x8c2f, 0x8c2f, 0x8c2f, 0x8c2f, 0x8c2f, 0x8c2f, 0x8c2f, 0x8c2f, 0x8c2f, 0x8c2f, 0x8c0e, 0x8c0e, 0x8c2f,
  0x8c2f, 0x8c2f, 0x8c2f, 0x8c2f, 0x8c2f, 0x8c0e, 0x840e, 0x8c0e, 0x8c0e, 0x8c0e, 0x840e, 0x8c0e, 0x840e, 0x840e, 0x8c0e, 0x840e, 0x840e, 0x840e, 0x840e, 0x8c0e,
  0x8c2e, 0x8c2f, 0x8c2e, 0x8c0e, 0x8c0e, 0x8c2f, 0x8c2f, 0x8c2f, 0x8c2f, 0x8c2f, 0x8c2f, 0x8c2f, 0x8c2f, 0x8c2f, 0x8c2f, 0x8c2f, 0x8c2f, 0x8c2f, 0x8c2f, 0x8c0f,
  0x8c0f, 0x8c2f, 0x8c2f, 0x8c2f, 0x8c2f, 0x8c0e, 0x8c0e, 0x8c0e, 0x8c2f, 0x8c2f, 0x8c2f, 0x8c2f, 0x8c4f, 0x8c4f, 0x8c2f, 0x8c2f, 0x8c2f, 0x8c2f, 0x8c2f, 0x8c2f,
  0x8c2f, 0x8c2f, 0x8c2f, 0x8c0e, 0x8c0e, 0x8c0e, 0x8c2f, 0x8c2f, 0x8c2f, 0x8c2f, 0x8c2e, 0x842e, 0x8c0f, 0x8c0f, 0x8c0f, 0x840e, 0x840e, 0x842e, 0x840e, 0x840e,
  0x840e, 0x8c2f, 0x8c2f, 0x8c2f, 0x8c2f, 0x8c2f, 0x8c2f, 0x8c2f, 0x8c2f, 0x8c2f, 0x8c2f, 0x8c2f, 0x8c4f, 0x946f, 0x83ee, 0x738c, 0x630a, 0x0020, 0x39c7, 0x9490,
  0x8c2e, 0x8c2e, 0xce16, 0xde76, 0xd656, 0xd656, 0xd656, 0xd656, 0xde97, 0x3186, 0x5289, 0xf75a, 0xd656, 0xde77, 0xe6d8, 0xe6d8, 0xe6d8, 0xe6d8, 0xe6d8, 0xe6d8,
  0xe6d8, 0xe6d8, 0xe6d8, 0xe6d8, 0xe6f9, 0xff9b, 0xd677, 0x18c3, 0x18a2, 0xd656, 0xff5a, 0xef19, 0x4a48, 0x0841, 0x9450, 0xfffd, 0xd656, 0x18e3, 0x0861, 0xce36,
  0x7bad, 0x0000, 0x630b, 0xfffd, 0xeef9, 0x3185, 0x0000, 0x944f, 0xef19, 0xf75a, 0x5289, 0x18e3, 0xff9b, 0xb553, 0x1082, 0xef1a, 0x3165, 0x9470, 0xf75a, 0xe6b8,
  0xe6d8, 0xe6d8, 0xe6d8, 0xe6d8, 0xe6d8, 0xe6d8, 0xe6b8, 0xde97, 0xb553, 0xb553, 0x2103, 0x2103, 0x946f, 0x8c0e, 0xb553, 0xde97, 0xd656, 0xd656, 0xd676, 0xd676,
  0xd656, 0xd656, 0xd656, 0xd656, 0xd656, 0xd656, 0xde77, 0xd656, 0x18e3, 0x630b, 0xff7b, 0xd636, 0xde77, 0xe6d8, 0xe6d8, 0xe6d8, 0xe6d8, 0xe6d8, 0xe6d8, 0xe6d8,
  0xe6d8, 0xe6d8, 0xe6d8, 0xe6d8, 0xe6d8, 0xef19, 0xbd94, 0x1082, 0x39c6, 0xe6f9, 0xe6f9, 0xe6d8, 0xe6d8, 0xdeb7, 0x41e6, 0x18c3, 0x3165, 0xad12, 0xb572, 0xad32,
  0xb553, 0xce16, 0xe719, 0xe6d8, 0xe6b7, 0x8c0e, 0x18c2, 0x8c2f, 0xff9b, 0x83ee, 0x3185, 0xdeb8, 0x0861, 0xbd94, 0xef19, 0xe6d8, 0xe6d8, 0xe6d8, 0xe6d8, 0xe6d8,
  0xe6d8, 0xe6d8, 0xe6d8, 0xe6d8, 0xe6d8, 0xe6b8, 0xce36, 0x944f, 0x736c, 0x0021, 0x52a9, 0x9c90, 0x8c2e, 0xce36, 0xd676, 0xd656, 0xd656, 0xd656, 0xd656, 0xd656,
  0xde77, 0x9470, 0x1081, 0x18c2, 0x5aeb, 0x630b, 0x5aea, 0x630a, 0x630b, 0x630b, 0x632b, 0x632b, 0x630b, 0x630b, 0x62eb, 0x630b, 0x630b, 0x630b, 0x630b, 0x630b,
  0x630b, 0x630b, 0x630b, 0x630b, 0x5aea, 0x5aca, 0x5aca, 0x5aca, 0x5aca, 0x5aca, 0x5aca, 0x5aca, 0x5aca, 0x5aca, 0x5aca, 0x5aaa, 0x5aca, 0x5aca, 0x5aca, 0x5aea,
  0x5aea, 0x5aca, 0x5aea, 0x5aea, 0x5aea, 0x5aea, 0x5aea, 0x630b, 0x630b, 0x62ea, 0x5aea, 0x630a, 0x630b, 0x630b, 0x630b, 0x630b, 0x630b, 0x630b, 0x630b, 0x5aeb,
  0x5aea, 0x5aea, 0x5aea, 0x5aeb, 0x5aea, 0x5aca, 0x5aca, 0x5aea, 0x5aea, 0x5aea, 0x630a, 0x630b, 0x630b, 0x630b, 0x630b, 0x630b, 0x630b, 0x630a, 0x630a, 0x630b,
  0x630b, 0x630a, 0x630a, 0x5aea, 0x5aea, 0x5aea, 0x5aea, 0x5aea, 0x5aea, 0x62ea, 0x62ea, 0x62ea, 0x5aea, 0x5aeb, 0x5aea, 0x5aca, 0x5aca, 0x5aca, 0x5aca, 0x5aca,
  0x62ea, 0x62ea, 0x62ea, 0x630b, 0x630b, 0x632b, 0x630b, 0x630b, 0x630b, 0x632b, 0x632b, 0x632b, 0x630b, 0x630b, 0x6b4c, 0x630b, 0x39c6, 0x0000, 0x3185, 0xa512,
  0x944f, 0x946f, 0xce36, 0xde76, 0xd656, 0xd656, 0xd656, 0xd656, 0xde97, 0x3185, 0x5289, 0xf75a, 0xd656, 0xde77, 0xe6d8, 0xe6d8, 0xe6d8, 0xe6d8, 0xe6d8, 0xe6d8,
  0xe6d8, 0xe6d8, 0xe6d8, 0xeef9, 0xd636, 0x9cb1, 0x840f, 0x18c3, 0x18c2, 0x83ee, 0x9c90, 0xe6f9, 0x62eb, 0x0000, 0x4a48, 0x9470, 0x6b2c, 0x10a3, 0x39c6, 0xe6d8,
  0x8c2f, 0x0000, 0x3a07, 0x9470, 0x83ee, 0x18e3, 0x10a2, 0xad12, 0xf75a, 0xc5f6, 0x39c7, 0x62ea, 0xf75a, 0xb533, 0x1082, 0xce57, 0x2924, 0x9490, 0xf75a, 0xe6b8,
  0xe6d8, 0xe6d8, 0xe6d8, 0xe6d8, 0xe6d8, 0xe6d8, 0xe6b8, 0xdeb8, 0xb552, 0xad32, 0x18c3, 0x3185, 0xa4f1, 0x7bcd, 0xc5d4, 0xde77, 0xd656, 0xd676, 0xd676, 0xd676,
  0xd656, 0xd656, 0xd656, 0xd656, 0xd656, 0xd656, 0xd676, 0xd656, 0x18e3, 0x630b, 0xff7b, 0xd636, 0xde77, 0xe6d8, 0xe6d8, 0xe6d8, 0xe6d8, 0xe6d8, 0xe6d8, 0xe6d8,
  0xe6d8, 0xe6d8, 0xe6d8, 0xe6d8, 0xe6d8, 0xef3a, 0xb553, 0x0000, 0x2945, 0xdeb8, 0xe6f9, 0xe6d8, 0xe6f8, 0xe6b8, 0x2945, 0x0882, 0x1082, 0x0000, 0x0020, 0x0861,
  0x0000, 0x5aa9, 0xf75a, 0xe6f9, 0xc5d4, 0x0000, 0x5289, 0xf75a, 0xe6f8, 0xce16, 0x4a28, 0x2124, 0x6b0b, 0xdeb8, 0xe6d8, 0xe6d8, 0xe6d8, 0xe6d8, 0xe6d8, 0xe6d8,
  0xe6d8, 0xe6d8, 0xe6d8, 0xe6d8, 0xe6d8, 0xde77, 0xce15, 0x8c0e, 0x736c, 0x0020, 0x5269, 0xa4f1, 0x8c0e, 0xce15, 0xd676, 0xd656, 0xd656, 0xd656, 0xd656, 0xd656,
  0xd656, 0xe6b7, 0x946f, 0x18c2, 0x18c3, 0x18c3, 0x10a2, 0x10a2, 0x18a2, 0x18c2, 0x18c2, 0x18c2, 0x18a2, 0x10a2, 0x10a2, 0x10a2, 0x18c2, 0x18c2, 0x18a2, 0x18a2,
  0x10a2, 0x18a2, 0x10a2, 0x10a2, 0x1082, 0x10a2, 0x10a2, 0x10a2, 0x10a2, 0x10a2, 0x18a2, 0x18a2, 0x18a2, 0x10a2, 0x10a2, 0x10a2, 0x18a2, 0x18a2, 0x18c2, 0x18c2,
  0x18c2, 0x18c2, 0x18c2, 0x18c2, 0x18c2, 0x18a2, 0x18c3, 0x18a2, 0x18a2, 0x18a2, 0x18a2, 0x18a2, 0x18a2, 0x18c2, 0x18c2, 0x18c2, 0x10a2, 0x18a2, 0x10a2, 0x18a2,
  0x18a2, 0x10a2, 0x10a2, 0x18c2, 0x10a2, 0x10a2, 0x18a2, 0x18a2, 0x18a2, 0x18a2, 0x18c2, 0x18a2, 0x10a2, 0x18a2, 0x18c2, 0x18c2, 0x10a2, 0x18a2, 0x18c2, 0x18c2,
  0x18c2, 0x18c2, 0x18c2, 0x18c2, 0x18a2, 0x18a2, 0x18c2, 0x18c2, 0x10a2, 0x10a2, 0x18a2, 0x18c2, 0x18a2, 0x18a2, 0x10a2, 0x10a2, 0x10a2, 0x10a2, 0x10a2, 0x18c3,
  0x18c3, 0x18c3, 0x18c3, 0x18c3, 0x18c3, 0x18c3, 0x18c3, 0x18c3, 0x18c3, 0x18c3, 0x18c3, 0x18c3, 0x18c3, 0x18c3, 0x20e3, 0x0861, 0x0020, 0x31a6, 0x7bad, 0x7b8c,
  0xa4f2, 0x8c2e, 0xce15, 0xde76, 0xd656, 0xd656, 0xd656, 0xd656, 0xde97, 0x3185, 0x5289, 0xf75a, 0xd656, 0xde77, 0xe6d8, 0xe6d8, 0xe6d8, 0xe6d8, 0xe6d8, 0xe6d8,
  0xe6d8, 0xe6d8, 0xe6b8, 0xf73a, 0xad12, 0x0000, 0x0841, 0x0882, 0x0882, 0x0020, 0x0861, 0xce56, 0xef1a, 0x4a48, 0x0000, 0x0000, 0x0000, 0x2124, 0xd677, 0xef1a,
  0xef3a, 0x7bad, 0x0000, 0x0000, 0x0000, 0x0820, 0xad33, 0xeef9, 0xf77b, 0x736c, 0x0820, 0xd697, 0xeef8, 0xde97, 0x5aca, 0x18c2, 0x5aca, 0xde98, 0xe6d8, 0xe6d8,
  0xe6d8, 0xe6d8, 0xe6d8, 0xe6d8, 0xe6d8, 0xe6d8, 0xe6b8, 0xd656, 0xb553, 0xb553, 0x18e3, 0x10a2, 0x946f, 0x8c2e, 0xad12, 0xde97, 0xd656, 0xd676, 0xd676, 0xd676,
  0xd656, 0xd656, 0xd656, 0xd656, 0xd656, 0xd656, 0xd676, 0xd636, 0x18c3, 0x630b, 0xf77a, 0xd636, 0xde77, 0xe6d8, 0xe6d8, 0xe6d8, 0xe6d8, 0xe6d8, 0xe6d8, 0xe6d8,
  0xe6d8, 0xe6d8, 0xe6d8, 0xe6d8, 0xe6d8, 0xeef9, 0xd636, 0x7bad, 0x8c2f, 0xe6d8, 0xe6d8, 0xe6d8, 0xe6d8, 0xe6d8, 0x9470, 0x83ee, 0x83ee, 0x7bee, 0x840e, 0x840f,
  0x7bad, 0xa4f1, 0xef19, 0xe6f8, 0xd697, 0x83ee, 0xa4d1, 0xe6f8, 0xe6b7, 0xf75a, 0xad53, 0x6b4b, 0xde97, 0xef19, 0xe6d8, 0xe6d8, 0xe6d8, 0xe6d8, 0xe6d8, 0xe6d8,
  0xe6d8, 0xe6d8, 0xe6d8, 0xe6d8, 0xe6d8, 0xe6b8, 0xce15, 0x9c90, 0x734c, 0x0020, 0x6b4c, 0x9c90, 0x944f, 0xd636, 0xd656, 0xd656, 0xd656, 0xd656, 0xd656, 0xd656,
  0xd656, 0xd656, 0xdeb7, 0xa512, 0x0000, 0x0000, 0x0000, 0x0000, 0x0000, 0x0000, 0x0000, 0x0000, 0x0000, 0x0000, 0x0000, 0x0000, 0x0000, 0x0000, 0x0000, 0x0000,
  0x0000, 0x0000, 0x0000, 0x0000, 0x0020, 0x0000, 0x0000, 0x0000, 0x0000, 0x0000, 0x0000, 0x0000, 0x0000, 0x0000, 0x0000, 0x0000, 0x0000, 0x0000, 0x0000, 0x0000,
  0x0000, 0x0000, 0x0000, 0x0000, 0x0000, 0x0821, 0x0000, 0x0000, 0x0000, 0x0000, 0x0000, 0x0000, 0x0000, 0x0000, 0x0000, 0x0000, 0x0000, 0x0000, 0x0000, 0x0000,
  0x0000, 0x0000, 0x0000, 0x0000, 0x0000, 0x0000, 0x0000, 0x0000, 0x0000, 0x0000, 0x0000, 0x0000, 0x0000, 0x0000, 0x0000, 0x0000, 0x0000, 0x0000, 0x0000, 0x0000,
  0x0000, 0x0000, 0x0000, 0x0000, 0x0000, 0x0000, 0x0000, 0x0000, 0x0000, 0x0000, 0x0000, 0x0000, 0x0000, 0x0000, 0x0000, 0x0000, 0x0000, 0x0000, 0x0000, 0x0000,
  0x0000, 0x0020, 0x0000, 0x0000, 0x0000, 0x0000, 0x0000, 0x0000, 0x0000, 0x0000, 0x0000, 0x0000, 0x0000, 0x0020, 0x0020, 0x0000, 0x18c2, 0x840e, 0x9c70, 0x83ed,
  0x8c2f, 0xa4b1, 0xc5d5, 0xde76, 0xd656, 0xd656, 0xd656, 0xd656, 0xde97, 0x3185, 0x5289, 0xf75a, 0xd656, 0xde77, 0xe6d8, 0xe6d8, 0xe6d8, 0xe6d8, 0xe6d8, 0xe6d8,
  0xe6d8, 0xe6d8, 0xe6d8, 0xeef9, 0xd677, 0xad12, 0xad32, 0xa4f2, 0xad12, 0xad33, 0xb553, 0xde98, 0xeef9, 0xce16, 0xa512, 0xad32, 0xa4f2, 0xb573, 0xe6f9, 0xe6d8,
  0xef19, 0xde98, 0xa4d1, 0xa4f2, 0xa4f2, 0xa512, 0xdeb8, 0xe6d8, 0xef19, 0xce16, 0xad13, 0xdeb8, 0xe6d8, 0xeef9, 0xce36, 0x9470, 0xce36, 0xef39, 0xe6b8, 0xe6d8,
  0xe6d8, 0xe6d8, 0xe6d8, 0xe6d8, 0xe6d8, 0xe6d8, 0xe6d8, 0xde98, 0x9cb0, 0xb553, 0x20e3, 0x2944, 0x946f, 0x840e, 0xce15, 0xde77, 0xd656, 0xd677, 0xd677, 0xd677,
  0xd656, 0xd656, 0xd656, 0xd656, 0xd656, 0xd656, 0xd676, 0xce36, 0x18c3, 0x62ea, 0xf75a, 0xd636, 0xde77, 0xe6d8, 0xe6d8, 0xe6d8, 0xe6d8, 0xe6d8, 0xe6d8, 0xe6d8,
  0xe6d8, 0xe6d8, 0xe6d8, 0xe6d8, 0xe6d8, 0xe6d8, 0xeef9, 0xf75a, 0xf759, 0xe6d8, 0xe6d8, 0xe6d8, 0xe6d8, 0xe6d8, 0xef3a, 0xf73a, 0xf739, 0xf73a, 0xf75a, 0xf73a,
  0xf73a, 0xef19, 0xe6d8, 0xe6d8, 0xe6f9, 0xf75a, 0xef1a, 0xe6b8, 0xe6d8, 0xe6b8, 0xef19, 0xf77a, 0xe6d8, 0xe6d8, 0xe6d8, 0xe6d8, 0xe6d8, 0xe6d8, 0xe6d8, 0xe6d8,
  0xe6d8, 0xe6d8, 0xe6d8, 0xe6d8, 0xe6f9, 0xde97, 0xc5f5, 0x7bad, 0x7bcd, 0x0882, 0x4207, 0x9cb1, 0x83cd, 0xcdf5, 0xde77, 0xd656, 0xd656, 0xd656, 0xd656, 0xd656,
  0xd656, 0xd656, 0xd656, 0xce35, 0xbd94, 0x5aa9, 0x8c4f, 0x734c, 0x840f, 0x736c, 0x6b2b, 0x7b8d, 0x62ea, 0x8c0f, 0x62ea, 0x840e, 0x736c, 0x6b0b, 0x8c4f, 0x6b2b,
  0x840e, 0x630a, 0x7bad, 0x736c, 0x7b8c, 0x7b8c, 0x6b0b, 0x83ee, 0x6b2b, 0x9491, 0x62ea, 0x840e, 0x736c, 0x9470, 0x62e9, 0x8c2f, 0x7bac, 0x7bad, 0x738d, 0x736c,
  0x83cd, 0x736c, 0x9c91, 0x6b2b, 0x736c, 0x840e, 0x734c, 0x83ee, 0x7bcd, 0x736c, 0x83ee, 0x734c, 0x83ee, 0x7b8d, 0x738c, 0x83ee, 0x7bad, 0x6b0a, 0x7bad, 0x736c,
  0x736c, 0x7bad, 0x7b8c, 0x7bad, 0x5ac9, 0x9490, 0x630a, 0x8c4f, 0x630a, 0x83ed, 0x83ce, 0x6b2b, 0x946f, 0x62c9, 0x83ee, 0x6b2b, 0x9470, 0x6b4b, 0x7b8d, 0x62ea,
  0x83ee, 0x7b8c, 0x6b2b, 0x83ce, 0x6b2b, 0x840e, 0x736c, 0x7b8d, 0x7bad, 0x7bac, 0x8c0f, 0x6b2b, 0x83ee, 0x7bad, 0x840e, 0x62ea, 0x8c4f, 0x736c, 0x83ce, 0x7bad,
  0x630a, 0x7bad, 0x736c, 0x840f, 0x5288, 0x9470, 0x5aa8, 0x8c2f, 0x6b2b, 0x944f, 0x738c, 0x7bad, 0x7bad, 0x7b8c, 0x8c0e, 0x6b4b, 0x8c2f, 0x946f, 0x83ed, 0x8c2f,
  0x7b8c, 0xb573, 0xde97, 0xd656, 0xd656, 0xd656, 0xd656, 0xd656, 0xde97, 0x3185, 0x5289, 0xf75a, 0xd656, 0xde77, 0xe6d8, 0xe6d8, 0xe6d8, 0xe6d8, 0xe6d8, 0xe6d8,
  0xe6d8, 0xe6d8, 0xe6d8, 0xe6d8, 0xeef9, 0xef39, 0xef39, 0xef39, 0xef3a, 0xf73a, 0xef3a, 0xe6d8, 0xe6b8, 0xeef8, 0xf739, 0xf739, 0xf73a, 0xef19, 0xe6d8, 0xe6d8,
  0xe6d8, 0xe6f9, 0xf73a, 0xef3a, 0xf73a, 0xf73a, 0xe6d8, 0xe6d9, 0xe6d9, 0xef19, 0xf73a, 0xe6f9, 0xe6d8, 0xe6d8, 0xeef9, 0xf75a, 0xeef9, 0xe6d8, 0xe6d8, 0xe6d8,
  0xe6d8, 0xe6d8, 0xe6d8, 0xe6d8, 0xe6d8, 0xe6d8, 0xe6b8, 0xd636, 0x9470, 0xb573, 0x2103, 0x18c2, 0x8c0e, 0x840e, 0xb553, 0xde97, 0xd656, 0xd677, 0xd677, 0xd677,
  0xd656, 0xd656, 0xd656, 0xd656, 0xd656, 0xd656, 0xd676, 0xce36, 0x18c3, 0x62eb, 0xf77a, 0xd636, 0xde77, 0xe6d8, 0xe6d8, 0xe6d8, 0xe6d8, 0xe6d8, 0xe6d8, 0xe6d8,
  0xe6d8, 0xe6d8, 0xe6d8, 0xe6d8, 0xe6d8, 0xe6d8, 0xe6d8, 0xe6b8, 0xe6b8, 0xe6d8, 0xe6d8, 0xe6d8, 0xe6d8, 0xe6d8, 0xe6b8, 0xe6b8, 0xdeb8, 0xdeb8, 0xe6d8, 0xe6b8,
  0xe6b8, 0xe6b8, 0xe6d8, 0xe6d8, 0xe6d8, 0xe6d8, 0xe6d8, 0xe6d8, 0xe6d8, 0xe6d8, 0xe6d8, 0xdeb8, 0xe6d8, 0xe6d8, 0xe6d8, 0xe6d8, 0xe6d8, 0xe6d8, 0xe6d8, 0xe6d8,
  0xe6d8, 0xe6d8, 0xe6d8, 0xe6d8, 0xe6d8, 0xe6b8, 0xd656, 0x9cb0, 0x7b8d, 0x0020, 0x62ea, 0x8c2e, 0x944f, 0xd657, 0xd676, 0xd656, 0xd656, 0xd656, 0xd656, 0xd656,
  0xd656, 0xd656, 0xd656, 0xd656, 0xe6b7, 0xc5f5, 0x840e, 0x9cb0, 0x8c2f, 0x8c2f, 0x8c0e, 0x83cd, 0x83cd, 0x7bac, 0x9c90, 0x8c0e, 0x944f, 0x9c90, 0x7b8c, 0x944f,
  0x7bac, 0x8c2e, 0x7bac, 0x8c0e, 0x83ee, 0x8c0e, 0x944f, 0x83cd, 0x944f, 0x83cd, 0x944f, 0x7b8c, 0x946f, 0x736b, 0x8c0e, 0x83cd, 0x944f, 0x83ee, 0x8c2e, 0x946f,
  0x8c2e, 0x946f, 0x83ed, 0xa512, 0x8c2f, 0x8c0e, 0x8c0e, 0x8c0e, 0x8c2e, 0x8c0e, 0x83cd, 0x9cb0, 0x8c0e, 0x9cb0, 0x8c2e, 0x83ed, 0x840e, 0x9490, 0x8c0e, 0x8c2e,
  0x8c2e, 0x8c2e, 0x8c0e, 0x8c2f, 0x9c90, 0x7bad, 0x9cb0, 0x83ed, 0x946f, 0x83ed, 0x7bcc, 0x8c2e, 0x7b8c, 0x9470, 0x7b8c, 0x8c0e, 0x83ee, 0x9470, 0x8c0e, 0x944f,
  0x8c2e, 0x944f, 0x7bcd, 0x840e, 0x9c90, 0x7bad, 0x83ee, 0x83ed, 0x8c0e, 0x8c2e, 0x8c2e, 0x944f, 0x83cd, 0x8c2e, 0x83cd, 0x8c4f, 0x83cd, 0x944f, 0x944f, 0x9470,
  0x9c90, 0x83cd, 0x944f, 0x7b8c, 0x9470, 0x7bad, 0x9470, 0x7b8c, 0x944f, 0x83cd, 0x9470, 0x83ed, 0x946f, 0x944f, 0x83cd, 0x9c90, 0x8c2e, 0x944f, 0x8c2f, 0x7bcd,
  0xbd94, 0xd676, 0xd656, 0xd656, 0xd656, 0xd656, 0xd656, 0xd656, 0xde97, 0x3185, 0x5269, 0xf75a, 0xd656, 0xde77, 0xe6d8, 0xe6d8, 0xe6d8, 0xe6d8, 0xe6d8, 0xe6d8,
  0xe6d8, 0xe6d8, 0xe6d8, 0xe6d8, 0xe6d8, 0xe6d8, 0xe6d8, 0xe6d8, 0xe6d8, 0xe6d8, 0xe6d8, 0xe6d8, 0xe6d8, 0xe6d8, 0xe6b8, 0xe6d8, 0xe6d8, 0xe6d8, 0xe6d8, 0xe6d8,
  0xe6d8, 0xe6d8, 0xe6d8, 0xe6d8, 0xe6d8, 0xe6d8, 0xe6d8, 0xe6f8, 0xe6f8, 0xe6d8, 0xe6d8, 0xe6d8, 0xe6d8, 0xe6d8, 0xe6d8, 0xe6d8, 0xe6d8, 0xe6d8, 0xe6d8, 0xe6d8,
  0xe6d8, 0xe6d8, 0xe6d8, 0xe6d8, 0xe6d8, 0xe6d8, 0xe6d8, 0xde98, 0xad32, 0x944f, 0x20e3, 0x2965, 0x9c90, 0x8c0e, 0xd636, 0xde77, 0xd656, 0xd677, 0xd677, 0xd677,
  0xd656, 0xd656, 0xd656, 0xd656, 0xd656, 0xd656, 0xd676, 0xd636, 0x18c3, 0x630b, 0xf77a, 0xd636, 0xde77, 0xe6d8, 0xe6d8, 0xe6d8, 0xe6d8, 0xe6d8, 0xe6d8, 0xe6d8,
  0xe6d8, 0xe6d8, 0xe6d8, 0xe6d8, 0xe6d8, 0xe6d8, 0xe6d8, 0xe6d8, 0xe6d8, 0xe6d8, 0xe6d8, 0xe6d8, 0xe6d8, 0xe6d8, 0xe6d8, 0xe6d8, 0xe6d8, 0xe6d8, 0xe6d8, 0xe6d8,
  0xe6d8, 0xe6d8, 0xe6d8, 0xe6d8, 0xe6d8, 0xe6d8, 0xe6d8, 0xe6d8, 0xe6d8, 0xe6d8, 0xe6d8, 0xe6d8, 0xe6d8, 0xe6d8, 0xe6d8, 0xe6d8, 0xe6d8, 0xe6d8, 0xe6d8, 0xe6d8,
  0xe6d8, 0xe6d8, 0xe6d8, 0xe6d9, 0xe6d9, 0xde77, 0xce36, 0x8c2e, 0x7b8d, 0x0021, 0x4207, 0x9c90, 0x83ee, 0xce16, 0xde77, 0xd656, 0xd656, 0xd656, 0xd656, 0xd656,
  0xd656, 0xd656, 0xd656, 0xd677, 0xd656, 0xde97, 0xbd93, 0xbd73, 0xbd93, 0xbd73, 0xbd73, 0xbd93, 0xb553, 0xbd93, 0xb573, 0xc5b4, 0xb532, 0xce15, 0xa4f1, 0xb573,
  0xb532, 0xbd94, 0xb532, 0xad32, 0xc5d5, 0xad32, 0xce16, 0xad12, 0xbdb4, 0xb553, 0xb553, 0xb532, 0xb533, 0xad12, 0xbd73, 0xbd74, 0xb573, 0xbd74, 0xb553, 0xbdb4,
  0xbd73, 0xc5d5, 0xad32, 0xce36, 0xad12, 0xbdb4, 0xa4d1, 0xc5d5, 0xb553, 0xbd93, 0xb552, 0xc5b4, 0xbd93, 0xbdb4, 0xb553, 0xb573, 0xbd73, 0xb553, 0xc5d5, 0xbd73,
  0xbdb4, 0xb552, 0xbd94, 0xbd94, 0xc5f5, 0xad12, 0xbd93, 0xb532, 0xc5d4, 0xb553, 0xb553, 0xb573, 0xacf1, 0xbd94, 0xb553, 0xb573, 0xb553, 0xbd94, 0xbdb4, 0xbd94,
  0xb573, 0xad32, 0xc5d4, 0xad11, 0xc5f5, 0xad11, 0xbd94, 0xb532, 0xbd94, 0xb553, 0xb573, 0xb573, 0xb553, 0xb553, 0xc5d5, 0xb553, 0xbdb4, 0xb552, 0xbdb4, 0xb573,
  0xc5f5, 0xb573, 0xb553, 0xacf1, 0xc5d4, 0xad12, 0xc5f5, 0xad12, 0xc5d5, 0xad12, 0xc5d5, 0xb573, 0xc5d4, 0xc5b4, 0xb532, 0xcdf5, 0xb532, 0xc5b4, 0xc5d5, 0xbd93,
  0xde98, 0xd656, 0xd656, 0xd656, 0xd656, 0xd656, 0xd656, 0xd656, 0xde97, 0x3165, 0x5269, 0xf75a, 0xd656, 0xde77, 0xe6d8, 0xe6d8, 0xe6d8, 0xe6d8, 0xe6d8, 0xe6d8,
  0xe6d8, 0xe6d8, 0xe6d8, 0xe6d8, 0xe6d8, 0xe6d8, 0xe6d8, 0xe6d8, 0xe6d8, 0xe6d8, 0xe6d8, 0xe6d8, 0xe6d8, 0xe6d9, 0xe6d8, 0xe6d8, 0xe6d8, 0xe6d8, 0xe6d8, 0xe6d8,
  0xe6d8, 0xe6d8, 0xe6d8, 0xe6d8, 0xe6d8, 0xe6d8, 0xe6d8, 0xe6d8, 0xe6f8, 0xe6d8, 0xe6d8, 0xe6d8, 0xe6d8, 0xe6d8, 0xe6d8, 0xe6d8, 0xe6d8, 0xe6d8, 0xe6d8, 0xe6d8,
  0xe6d8, 0xe6d8, 0xe6d8, 0xe6d8, 0xe6d8, 0xe6d9, 0xd656, 0xd636, 0x944f, 0xa4d1, 0x2103, 0x20e3, 0x944f, 0x8c0e, 0xb573, 0xde97, 0xd656, 0xd656, 0xd656, 0xd656,
  0xd656, 0xd656, 0xd656, 0xd656, 0xd656, 0xd656, 0xd676, 0xce36, 0x18c3, 0x62ea, 0xf75a, 0xd636, 0xde77, 0xe6d8, 0xe6d8, 0xe6d8, 0xe6d8, 0xe6d8, 0xe6d8, 0xe6d8,
  0xe6d8, 0xe6d8, 0xe6d8, 0xe6d8, 0xe6d8, 0xe6d8, 0xe6d8, 0xe6d8, 0xe6d8, 0xe6d8, 0xe6d8, 0xe6d8, 0xe6d8, 0xe6d8, 0xe6d8, 0xe6d8, 0xe6d8, 0xe6d8, 0xe6d8, 0xe6d8,
  0xe6d8, 0xe6d8, 0xe6d8, 0xe6d8, 0xe6d8, 0xe6d8, 0xe6d8, 0xe6d8, 0xe6d8, 0xe6d8, 0xe6d8, 0xe6d8, 0xe6d8, 0xe6d8, 0xe6d8, 0xe6d8, 0xe6d8, 0xe6d8, 0xe6d8, 0xe6d8,
  0xe6d8, 0xe6d8, 0xe6d8, 0xe6d9, 0xe6d9, 0xde98, 0xd636, 0x946f, 0x736c, 0x0841, 0x4a68, 0x9c90, 0x944f, 0xce36, 0xd676, 0xd656, 0xd656, 0xd656, 0xd656, 0xd656,
  0xd656, 0xd656, 0xd656, 0xd677, 0xd677, 0xd656, 0xde76, 0xde76, 0xde76, 0xde76, 0xde76, 0xde97, 0xdeb7, 0xde97, 0xde76, 0xde76, 0xde97, 0xd656, 0xde97, 0xde76,
  0xde77, 0xde97, 0xde97, 0xde97, 0xde77, 0xdeb7, 0xd676, 0xde97, 0xd677, 0xde97, 0xde97, 0xde77, 0xde76, 0xde77, 0xde77, 0xde77, 0xde77, 0xde76, 0xde76, 0xde76,
  0xde97, 0xde77, 0xde97, 0xd676, 0xde97, 0xd676, 0xde97, 0xd676, 0xde97, 0xde77, 0xde97, 0xde97, 0xde97, 0xde77, 0xde97, 0xde97, 0xde77, 0xde77, 0xde76, 0xde97,
  0xde97, 0xde77, 0xd676, 0xde97, 0xde76, 0xde97, 0xd656, 0xde77, 0xde77, 0xde97, 0xde97, 0xde76, 0xde97, 0xde76, 0xde97, 0xde77, 0xde97, 0xde97, 0xde97, 0xde97,
  0xde97, 0xde97, 0xde96, 0xdeb7, 0xd676, 0xde97, 0xde76, 0xde77, 0xde76, 0xde97, 0xde97, 0xde77, 0xde97, 0xde97, 0xde97, 0xde97, 0xde77, 0xde97, 0xde77, 0xde97,
  0xd676, 0xde97, 0xde77, 0xde97, 0xd656, 0xde97, 0xde77, 0xdeb8, 0xde97, 0xde97, 0xd676, 0xde97, 0xde77, 0xd677, 0xde77, 0xd676, 0xde97, 0xde97, 0xd676, 0xde96,
  0xd656, 0xd656, 0xd656, 0xd656, 0xd656, 0xd656, 0xd656, 0xd656, 0xde97, 0x2965, 0x5269, 0xf75a, 0xd656, 0xde77, 0xe6d8, 0xe6d8, 0xe6d8, 0xe6d8, 0xe6d8, 0xe6d8,
  0xe6d8, 0xe6d8, 0xe6d8, 0xe6d8, 0xe6d8, 0xe6d8, 0xe6d8, 0xe6d8, 0xe6d8, 0xe6d8, 0xe6d8, 0xe6d8, 0xe6d8, 0xe6d8, 0xe6d8, 0xe6d8, 0xe6d8, 0xe6d8, 0xe6d8, 0xe6d8,
  0xe6d8, 0xe6d8, 0xe6d8, 0xe6d8, 0xe6d8, 0xe6d8, 0xe6d8, 0xe6d8, 0xe6d8, 0xe6d8, 0xe6d8, 0xe6d8, 0xe6d8, 0xe6d8, 0xe6d8, 0xe6d8, 0xe6d8, 0xe6d8, 0xe6d8, 0xe6d8,
  0xe6d8, 0xe6d8, 0xe6d8, 0xe6d8, 0xe6d9, 0xe6d8, 0xde97, 0xd636, 0xa4f2, 0x9cb0, 0x18a2, 0x2965, 0x9cb0, 0x8c0e, 0xc5b4, 0xde97, 0xd656, 0xd656, 0xd656, 0xd656,
  0xd656, 0xd656, 0xd656, 0xd656, 0xd656, 0xd656, 0xd676, 0xce36, 0x18c3, 0x5aea, 0xf75a, 0xd636, 0xde77, 0xe6d8, 0xe6d8, 0xe6d8, 0xe6d8, 0xe6d8, 0xe6d8, 0xe6d8,
  0xe6d8, 0xe6d8, 0xe6d8, 0xe6d8, 0xe6d8, 0xe6d8, 0xe6d8, 0xe6d8, 0xe6d8, 0xe6d8, 0xe6d8, 0xe6d8, 0xe6d8, 0xe6d8, 0xe6d8, 0xe6d8, 0xe6d8, 0xe6d8, 0xe6d8, 0xe6d8,
  0xe6d8, 0xe6d8, 0xe6d8, 0xe6d8, 0xe6d8, 0xe6d8, 0xe6d8, 0xe6d8, 0xe6d8, 0xe6d8, 0xe6d8, 0xe6d8, 0xe6d8, 0xe6d8, 0xe6d8, 0xe6d8, 0xe6d8, 0xe6d8, 0xe6d8, 0xe6d8,
  0xe6d8, 0xe6d8, 0xe6d8, 0xe6d9, 0xde77, 0xde77, 0xce15, 0x83ed, 0x736c, 0x0861, 0x5aa9, 0x9cb0, 0x946f, 0xce35, 0xd676, 0xd656, 0xd656, 0xd656, 0xd656, 0xd656,
  0xd656, 0xd656, 0xd656, 0xd656, 0xd656, 0xd656, 0xd656, 0xd656, 0xd636, 0xd636, 0xd636, 0xd656, 0xd656, 0xd656, 0xd656, 0xd636, 0xd636, 0xd656, 0xd636, 0xd656,
  0xd636, 0xd636, 0xd656, 0xd656, 0xd656, 0xd656, 0xd656, 0xd656, 0xd656, 0xd656, 0xd656, 0xd656, 0xd636, 0xd636, 0xd656, 0xd636, 0xd636, 0xd656, 0xd636, 0xd636,
  0xd636, 0xd656, 0xd656, 0xd636, 0xd636, 0xd656, 0xd636, 0xd656, 0xd636, 0xd656, 0xd656, 0xd656, 0xd636, 0xd636, 0xd636, 0xd656, 0xd656, 0xd656, 0xd656, 0xd656,
  0xd656, 0xd656, 0xd656, 0xd636, 0xd636, 0xd636, 0xd636, 0xd636, 0xd636, 0xd636, 0xd636, 0xd656, 0xd636, 0xd636, 0xd636, 0xd636, 0xd636, 0xd656, 0xd636, 0xd656,
  0xd656, 0xd656, 0xd656, 0xd636, 0xd656, 0xd656, 0xd656, 0xd656, 0xd656, 0xd656, 0xd656, 0xd656, 0xd656, 0xd656, 0xd656, 0xd656, 0xd656, 0xd656, 0xd656, 0xd636,
  0xd636, 0xd636, 0xd636, 0xd636, 0xd636, 0xd636, 0xd656, 0xd656, 0xd656, 0xd656, 0xd656, 0xd636, 0xd636, 0xd636, 0xd656, 0xd656, 0xd636, 0xd636, 0xd636, 0xd656,
  0xd656, 0xd656, 0xd656, 0xd656, 0xd656, 0xd656, 0xd656, 0xd656, 0xde77, 0x2965, 0x5269, 0xf75a, 0xd656, 0xd677, 0xe6d8, 0xe6d8, 0xe6d8, 0xe6d8, 0xe6d8, 0xe6d8,
  0xe6d8, 0xe6d8, 0xe6d8, 0xe6d8, 0xe6d8, 0xe6d8, 0xe6d8, 0xe6d8, 0xe6d8, 0xe6d8, 0xe6d8, 0xe6d8, 0xe6d8, 0xe6d8, 0xe6d8, 0xe6d8, 0xe6d8, 0xe6d8, 0xe6d8, 0xe6d8,
  0xe6d8, 0xe6d8, 0xe6d8, 0xe6d8, 0xe6d8, 0xe6d8, 0xe6d8, 0xe6d8, 0xe6d8, 0xe6d8, 0xe6d8, 0xe6d8, 0xe6d8, 0xe6d8, 0xe6d8, 0xe6d8, 0xe6d8, 0xe6d8, 0xe6d8, 0xe6d8,
  0xe6d8, 0xe6d8, 0xe6d8, 0xe6d8, 0xe6b8, 0xde98, 0xd636, 0xe6d9, 0x9cd1, 0x8c4f, 0x18a2, 0x2124, 0x9cb0, 0x8c2f, 0xbd94, 0xde97, 0xd656, 0xd656, 0xd656, 0xd656,
  0xd656, 0xd656, 0xd656, 0xd656, 0xd656, 0xd656, 0xde77, 0xd636, 0x18a3, 0x62ca, 0xff7b, 0xd636, 0xd656, 0xde97, 0xe6d8, 0xe6d8, 0xe6d8, 0xe6d8, 0xe6d8, 0xe6d8,
  0xe6d8, 0xe6d8, 0xe6d8, 0xe6d8, 0xe6d8, 0xe6d8, 0xe6d8, 0xe6d8, 0xe6d8, 0xe6d8, 0xe6d8, 0xe6d8, 0xe6d8, 0xe6d8, 0xe6d8, 0xe6d8, 0xe6d8, 0xe6d8, 0xe6d8, 0xe6d8,
  0xe6d8, 0xe6d8, 0xe6d8, 0xe6d8, 0xe6d8, 0xe6d8, 0xe6d8, 0xe6d8, 0xe6d8, 0xe6d8, 0xe6d8, 0xe6d8, 0xe6d8, 0xe6d8, 0xe6d8, 0xe6d8, 0xe6d8, 0xe6f8, 0xe6d8, 0xe6d8,
  0xe6f8, 0xe6d8, 0xe6d8, 0xde77, 0xd636, 0xd656, 0xce36, 0x8c4e, 0x6b4b, 0x0861, 0x5aea, 0xad12, 0x83ee, 0xc5f5, 0xd676, 0xd656, 0xd656, 0xd656, 0xd656, 0xde97,
  0xe6d8, 0xe6d8, 0xe6d8, 0xe6d8, 0xe6d8, 0xe6d8, 0xe6d8, 0xe6d8, 0xe6d8, 0xe6d8, 0xe6d8, 0xe6d8, 0xe6d8, 0xe6d8, 0xe6d8, 0xe6d8, 0xe6d8, 0xe6d8, 0xe6d8, 0xe6d8,
  0xe6d8, 0xe6d8, 0xe6d8, 0xe6d8, 0xdeb7, 0xd636, 0xd676, 0xde77, 0xd676, 0xd677, 0xd656, 0xde97, 0xe6d8, 0xe6d8, 0xe6d8, 0xe6d8, 0xe6d8, 0xe6d8, 0xe6d8, 0xe6d8,
  0xe6d8, 0xe6d8, 0xe6d8, 0xe6d8, 0xe6d8, 0xe6d8, 0xe6d8, 0xe6d8, 0xe6d8, 0xe6d8, 0xe6d8, 0xe6d8, 0xe6d8, 0xe6d8, 0xe6d8, 0xe6d8, 0xde97, 0xd656, 0xd676, 0xd657,
  0xd657, 0xd677, 0xd656, 0xde97, 0xe6d8, 0xe6d8, 0xe6d8, 0xe6d8, 0xe6d8, 0xe6d8, 0xe6d8, 0xe6d8, 0xe6d8, 0xe6d8, 0xe6d8, 0xe6d8, 0xe6d8, 0xe6d8, 0xe6d8, 0xe6d8,
  0xe6d8, 0xe6d8, 0xe6d8, 0xe6d8, 0xe6d8, 0xe6d8, 0xe6d8, 0xe6f8, 0xdeb7, 0xd656, 0xd676, 0xd657, 0xd656, 0xd656, 0xd636, 0xde97, 0xe6d8, 0xe6d8, 0xe6d8, 0xe6d8,
  0xe6d8, 0xe6d8, 0xe6d8, 0xe6d8, 0xe6d8, 0xe6d8, 0xe6d8, 0xe6d8, 0xe6d8, 0xe6d8, 0xe6d8, 0xe6d8, 0xe6d8, 0xe6d8, 0xe6d8, 0xe6d8, 0xe6d8, 0xe6d8, 0xe6d8, 0xe6d8,
  0xde77, 0xd636, 0xd656, 0xd656, 0xd656, 0xd656, 0xd656, 0xd656, 0xde77, 0x3185, 0x5289, 0xff7b, 0xd677, 0xd656, 0xde97, 0xe6d8, 0xe6d8, 0xe6d8, 0xe6d8, 0xe6d8,
  0xe6d8, 0xe6d8, 0xe6d8, 0xe6d9, 0xe6f9, 0xe6f8, 0xe6d8, 0xe6f8, 0xe6f8, 0xe6f8, 0xe6f8, 0xe6f8, 0xe6f8, 0xe6f8, 0xe6f8, 0xe6d8, 0xe6d8, 0xe6d8, 0xe6d8, 0xe6d8,
  0xe6d8, 0xe6d8, 0xe6d8, 0xe6d8, 0xe6d8, 0xe6d8, 0xe6d8, 0xe6f8, 0xe6d8, 0xe6f8, 0xe6f8, 0xe6f9, 0xe6d9, 0xe6f9, 0xe6f9, 0xe6f9, 0xe6f9, 0xe6d9, 0xe6d8, 0xe6d8,
  0xe6d8, 0xe6d8, 0xe6d8, 0xe6d8, 0xe6b8, 0xd656, 0xde77, 0xde77, 0x946f, 0xa4f1, 0x18c3, 0x2103, 0x944f, 0x8c0e, 0xc5b4, 0xde77, 0xd656, 0xd676, 0xd676, 0xd676,
  0xd656, 0xd656, 0xd656, 0xd656, 0xd656, 0xd656, 0xd677, 0xce36, 0x1082, 0x5aca, 0xe6f9, 0xd636, 0xd635, 0xd636, 0xde77, 0xde97, 0xde76, 0xd656, 0xde77, 0xde77,
  0xd676, 0xd676, 0xde77, 0xd656, 0xde77, 0xd656, 0xd656, 0xd656, 0xde77, 0xd676, 0xd656, 0xd656, 0xd656, 0xd656, 0xd656, 0xd656, 0xde76, 0xd656, 0xde77, 0xde97,
  0xde77, 0xd656, 0xd677, 0xd676, 0xd656, 0xd676, 0xd656, 0xd656, 0xd636, 0xde77, 0xd656, 0xd677, 0xcdf5, 0xd656, 0xd656, 0xce35, 0xd677, 0xd636, 0xde77, 0xd656,
  0xde77, 0xd636, 0xde77, 0xd636, 0xde97, 0xde77, 0xa4d0, 0x83ee, 0x738c, 0x0842, 0x4207, 0xa4f1, 0x8c2e, 0xce15, 0xd677, 0xd677, 0xd676, 0xd636, 0xe6b7, 0xbdb4,
  0x8c2f, 0x944f, 0x944f, 0x8c4f, 0x8c4f, 0x8c4f, 0x8c4f, 0x8c2e, 0x8c2e, 0x8c2e, 0x8c2e, 0x8c2e, 0x8c2e, 0x8c4e, 0x8c4f, 0x8c4f, 0x8c2f, 0x8c2f, 0x8c2f, 0x8c2f,
  0x8c4f, 0x8c2f, 0x8c2f, 0x8c2f, 0xb553, 0xe6d8, 0xd656, 0xde76, 0xd676, 0xd636, 0xe6d7, 0xb573, 0x8c2f, 0x944f, 0x8c4f, 0x8c2f, 0x8c2e, 0x8c2e, 0x8c2f, 0x8c4f,
  0x8c2f, 0x8c4f, 0x944f, 0x944f, 0x944f, 0x8c4f, 0x8c2e, 0x8c4f, 0x8c4f, 0x8c4e, 0x8c4e, 0x8c2e, 0x8c4f, 0x8c4f, 0x8c4f, 0x842e, 0xb573, 0xe6d8, 0xd656, 0xd656,
  0xd676, 0xd656, 0xe6f8, 0xb593, 0x8c0e, 0x8c2f, 0x8c4f, 0x8c2f, 0x8c2e, 0x8c2e, 0x8c2e, 0x8c2e, 0x8c2e, 0x8c2e, 0x8c2e, 0x8c2e, 0x8c2e, 0x8c2e, 0x8c2e, 0x8c2e,
  0x8c2e, 0x8c2e, 0x8c4f, 0x8c4f, 0x944f, 0x944f, 0x9470, 0x8c4f, 0xad32, 0xe6d8, 0xd655, 0xd656, 0xd676, 0xd656, 0xe6d8, 0xb573, 0x8c2f, 0x8c4f, 0x8c4f, 0x8c2e,
  0x8c2e, 0x8c2e, 0x8c2f, 0x8c4f, 0x8c4f, 0x8c4f, 0x8c2f, 0x8c2f, 0x8c2f, 0x8c2f, 0x8c2f, 0x8c2f, 0x8c2e, 0x8c4f, 0x8c2f, 0x8c2f, 0x8c2f, 0x944f, 0x946f, 0x8c2f,
  0xbd93, 0xe6b8, 0xd636, 0xd677, 0xd656, 0xd656, 0xd656, 0xd656, 0xde98, 0x3165, 0x5269, 0xe6d8, 0xce15, 0xd656, 0xd656, 0xde77, 0xde97, 0xde77, 0xde97, 0xde76,
  0xde77, 0xde76, 0xde97, 0xde77, 0xde97, 0xde77, 0xde97, 0xde77, 0xde77, 0xde77, 0xde77, 0xde77, 0xde77, 0xde77, 0xde77, 0xde77, 0xde77, 0xde77, 0xde77, 0xde77,
  0xde77, 0xde77, 0xde77, 0xde77, 0xd677, 0xd677, 0xd677, 0xd656, 0xd677, 0xd656, 0xde77, 0xd656, 0xd656, 0xd677, 0xde77, 0xd656, 0xde77, 0xd677, 0xd677, 0xce15,
  0xde97, 0xce36, 0xd656, 0xd656, 0xde97, 0xdeb8, 0xd677, 0x944f, 0x8c2e, 0x9cb1, 0x18c3, 0x2124, 0x942f, 0x8c4f, 0xc5f5, 0xde77, 0xd656, 0xd677, 0xd677, 0xd677,
  0xd656, 0xd656, 0xd656, 0xd656, 0xd656, 0xd656, 0xd677, 0xce36, 0x2944, 0x41e7, 0xa4f2, 0xb573, 0xd656, 0xd636, 0xc5d5, 0xc5d4, 0xc5d5, 0xc5f5, 0xc5f5, 0xc5d4,
  0xc5f4, 0xc5f5, 0xbd94, 0xce15, 0xc5b4, 0xce15, 0xc5b4, 0xce15, 0xc5d4, 0xc5d5, 0xc5f5, 0xc5f5, 0xc5f5, 0xc5f5, 0xce15, 0xce15, 0xc5f5, 0xce15, 0xce15, 0xce15,
  0xc5d5, 0xce16, 0xc5f5, 0xcdf5, 0xce15, 0xce15, 0xce16, 0xc5f5, 0xce16, 0xc5d5, 0xc5d5, 0xce16, 0xc5f5, 0xce16, 0xc5d5, 0xce36, 0xcdf5, 0xcdf5, 0xc5b4, 0xc5d5,
  0xc5d5, 0xc5b4, 0xc5d4, 0xcdf5, 0xce16, 0xad12, 0x8c2f, 0x944f, 0x632b, 0x0821, 0x4207, 0x946f, 0x9cb0, 0xd656, 0xd697, 0xd677, 0xd656, 0xe6b7, 0xb532, 0x62ea,
  0x632b, 0x630b, 0x630a, 0x62ea, 0x62ea, 0x62ea, 0x62ea, 0x62ea, 0x62ea, 0x62ea, 0x62ea, 0x62ea, 0x62ea, 0x62ea, 0x62ea, 0x62ea, 0x62ea, 0x62ea, 0x62ea, 0x62ea,
  0x62ea, 0x62ea, 0x630a, 0x630b, 0x62ea, 0xa511, 0xe6f8, 0xd656, 0xd656, 0xe6b7, 0xa4f1, 0x5ac9, 0x630b, 0x62ea, 0x62ea, 0x62ea, 0x62ea, 0x62ea, 0x62ea, 0x62ea,
  0x62ea, 0x62ea, 0x62ea, 0x62ea, 0x62ea, 0x62ea, 0x62ea, 0x62ea, 0x62ea, 0x62ea, 0x62ea, 0x62ea, 0x62ea, 0x62ca, 0x5ac9, 0x630b, 0x62ea, 0xad33, 0xe6d8, 0xd656,
  0xd656, 0xe6b8, 0xad33, 0x630a, 0x630b, 0x62ea, 0x62ea, 0x62ea, 0x62ea, 0x62ea, 0x62ea, 0x62ea, 0x62ea, 0x62ea, 0x62ea, 0x62ea, 0x62ea, 0x62ea, 0x62ea, 0x62ea,
  0x62ea, 0x62ea, 0x62ea, 0x62ea, 0x62ea, 0x62ea, 0x62ea, 0x630b, 0x62ca, 0xa4d1, 0xe6d8, 0xd636, 0xd636, 0xe6d8, 0xad33, 0x5aca, 0x630b, 0x62ea, 0x62ea, 0x62ea,
  0x62ea, 0x62ea, 0x62ea, 0x62ea, 0x62ea, 0x62ea, 0x62ea, 0x62ea, 0x62ea, 0x62ea, 0x62ea, 0x62ea, 0x62ea, 0x62ca, 0x62ca, 0x62ca, 0x62ca, 0x62ca, 0x62ca, 0x630b,
  0x630a, 0xb573, 0xe6d8, 0xd656, 0xd656, 0xd656, 0xd656, 0xd676, 0xde97, 0x39a6, 0x3165, 0x9c90, 0xb573, 0xd656, 0xd656, 0xd657, 0xce15, 0xce36, 0xbdb4, 0xce15,
  0xc5b4, 0xd656, 0xc5f5, 0xce16, 0xcdf5, 0xce36, 0xcdf5, 0xce36, 0xce15, 0xce16, 0xce36, 0xce36, 0xce16, 0xce15, 0xce36, 0xce16, 0xce15, 0xce16, 0xce15, 0xce15,
  0xce15, 0xce15, 0xce15, 0xce16, 0xce16, 0xce16, 0xce15, 0xce16, 0xce16, 0xce16, 0xcdf5, 0xce15, 0xc5d5, 0xcdf5, 0xce15, 0xcdf5, 0xc5d5, 0xce15, 0xc5f5, 0xc615,
  0xce15, 0xce15, 0xc5d4, 0xc5f5, 0xc5d4, 0xce36, 0xa4f1, 0x840e, 0x946f, 0x7bad, 0x18e3, 0x2104, 0x944f, 0x8c4f, 0xbdb4, 0xde77, 0xd656, 0xd677, 0xd677, 0xd677,
  0xd656, 0xd656, 0xd656, 0xd656, 0xd656, 0xd656, 0xd656, 0xd636, 0xde97, 0x4a28, 0x18a2, 0xad32, 0xd656, 0xb573, 0x83ed, 0x9470, 0x8c2e, 0xa4f1, 0x83ed, 0x9c90,
  0x8c2e, 0x9c90, 0x8c2e, 0x9c90, 0x8c2f, 0x8c0e, 0x8c2f, 0x9cb0, 0x8c0e, 0xa4d1, 0x944f, 0x9cb1, 0x9c90, 0x9cd1, 0x944f, 0x9cb0, 0x8c2e, 0x9c90, 0x83ee, 0x83ee,
  0x944f, 0xa4d1, 0x944f, 0x9cb1, 0x8c2f, 0x946f, 0x944f, 0x83ed, 0x9470, 0x83ee, 0x946f, 0x840e, 0x9cb0, 0x8c2e, 0x9490, 0x8c2e, 0x946f, 0x83ed, 0x944f, 0x7bcd,
  0x8c0e, 0x944f, 0x83cd, 0x83ee, 0x83cd, 0x83ee, 0x9cb0, 0x6b4c, 0x0841, 0x39c6, 0x9cb0, 0x8c2e, 0x944f, 0xce36, 0xde97, 0xd676, 0xdeb8, 0xbd94, 0x5aa9, 0xad32,
  0xffdc, 0xf77b, 0xf77a, 0xf77a, 0xf77b, 0xf77a, 0xf77a, 0xf77a, 0xf77b, 0xf77b, 0xf77a, 0xf77a, 0xf77a, 0xf77a, 0xf75a, 0xf77a, 0xf77a, 0xf77b, 0xf77b, 0xf75a,
  0xf75a, 0xf75a, 0xf77b, 0xffbc, 0xc5f5, 0x52a9, 0xb573, 0xdeb7, 0xde97, 0xb552, 0x62ca, 0xb573, 0xffbb, 0xf75a, 0xff7b, 0xff7b, 0xf77a, 0xf77a, 0xf77a, 0xf77b,
  0xf77a, 0xf77a, 0xf77a, 0xf77a, 0xf77a, 0xf77b, 0xff9b, 0xf77b, 0xf77b, 0xf77a, 0xf77a, 0xf75a, 0xf75a, 0xf759, 0xf739, 0xffbb, 0xc5d5, 0x62ea, 0xb573, 0xde97,
  0xde97, 0xb553, 0x5aa9, 0xc5d5, 0xffbc, 0xf75a, 0xf75a, 0xf77a, 0xf77a, 0xf77a, 0xf77a, 0xf77b, 0xf79b, 0xf77a, 0xf77a, 0xf77a, 0xf77a, 0xf77a, 0xf77a, 0xf77a,
  0xf77b, 0xf77b, 0xf77a, 0xf77a, 0xf77a, 0xf77a, 0xf73a, 0xff9b, 0xce36, 0x632b, 0xad32, 0xde77, 0xde97, 0xb552, 0x5aa9, 0xbdb4, 0xffdc, 0xf77a, 0xf77a, 0xf77a,
  0xf77a, 0xff9b, 0xf79b, 0xf77a, 0xf75a, 0xf75a, 0xf77a, 0xf77a, 0xf77a, 0xf77b, 0xf77a, 0xf77a, 0xf77b, 0xf77a, 0xf77a, 0xf77a, 0xf77a, 0xf75a, 0xf73a, 0xffbc,
  0xbdb4, 0x62ea, 0xbd73, 0xde97, 0xd656, 0xd656, 0xd677, 0xd657, 0xd656, 0xd656, 0x39e6, 0x1082, 0x9c90, 0xce36, 0xb553, 0xa4b1, 0x9470, 0x8c2f, 0x736c, 0x946f,
  0x7bcd, 0x9cb0, 0x7bac, 0x9490, 0x8c2f, 0x9c90, 0x8c2f, 0x946f, 0x944f, 0x946f, 0x946f, 0x9470, 0x9470, 0x9470, 0x9c90, 0x9c90, 0x9470, 0x944f, 0x8c2e, 0x8c4f,
  0x946f, 0x944f, 0x8c2f, 0x8c4f, 0x9470, 0x9470, 0x944f, 0x9490, 0x944f, 0x944f, 0x8c0e, 0x8c4f, 0x83ee, 0x840e, 0x8c4f, 0x840e, 0x840e, 0x7bad, 0x944f, 0x7bad,
  0x8c2f, 0x8c0e, 0x8c2f, 0x83ee, 0x83ee, 0x7b8c, 0x8c2e, 0x9cb0, 0x840e, 0x2924, 0x18c2, 0x840f, 0x8c2f, 0x840e, 0xbd73, 0xde97, 0xd656, 0xd677, 0xd677, 0xd677,
  0xd656, 0xd656, 0xd656, 0xd656, 0xd656, 0xd656, 0xd656, 0xd656, 0xdeb7, 0xad53, 0x3165, 0x39e6, 0xc616, 0xa4d1, 0x9c6f, 0xacf1, 0xad32, 0xa4f1, 0xad12, 0xa4f1,
  0xa4d1, 0xad11, 0xa4d0, 0xa4f1, 0xa4b0, 0x9cb0, 0xacf1, 0xa4d0, 0xad32, 0xa4b0, 0xad12, 0xa4d1, 0xa4d0, 0x9c90, 0x9cb0, 0x948f, 0x9cb0, 0x9cd1, 0xa4f1, 0xa512,
  0xa512, 0x9cb0, 0xa512, 0xa511, 0x9cd0, 0x9cb0, 0x9cb0, 0xa4f1, 0x946f, 0xa4f1, 0xad11, 0xa511, 0x9c90, 0xb553, 0xa4d1, 0xad32, 0x946f, 0xad12, 0xa4d1, 0xad32,
  0x9cd0, 0x9cd0, 0xa4f1, 0x9cb0, 0x9c90, 0xa4d1, 0x738c, 0x2924, 0x2965, 0x946f, 0x946f, 0x944f, 0x944f, 0xce36, 0xde76, 0xd656, 0xeef9, 0x840e, 0x736c, 0xffdc,
  0xdeb8, 0xe6d8, 0xe6d8, 0xe6d8, 0xe6d8, 0xe6b8, 0xdeb8, 0xe6d8, 0xe6d8, 0xe6d8, 0xe6b8, 0xe6b8, 0xe6d8, 0xe6d8, 0xe6d8, 0xe6b8, 0xe6b8, 0xe6d8, 0xdeb8, 0xe6b8,
  0xe6d8, 0xe6b8, 0xe6d8, 0xde97, 0xff9b, 0x840f, 0x6b4c, 0xe6d8, 0xe6b7, 0x7b8c, 0x840e, 0xffbb, 0xde97, 0xe6d8, 0xe6d8, 0xe6d8, 0xe6d8, 0xe6d8, 0xe6d8, 0xe6b8,
  0xe6b8, 0xe6b8, 0xe6b8, 0xe6b8, 0xdeb8, 0xe6d8, 0xe6d8, 0xe6b8, 0xded8, 0xe6d8, 0xe6d8, 0xe6b8, 0xe6b8, 0xe6b8, 0xe6b8, 0xde97, 0xff9b, 0x7bcd, 0x736c, 0xe6f9,
  0xe6f8, 0x738c, 0x738c, 0xff9b, 0xdeb8, 0xe6b8, 0xe6b8, 0xe6b8, 0xe6d8, 0xe6d8, 0xe6b8, 0xe6b7, 0xdeb8, 0xdeb8, 0xe6b8, 0xe6b8, 0xe6d8, 0xe6d8, 0xe6d8, 0xe6d8,
  0xe6b8, 0xe6b8, 0xe6d8, 0xe6d8, 0xe6d8, 0xe6d8, 0xe6b8, 0xde97, 0xff7b, 0x9490, 0x62ea, 0xe6d8, 0xe6f8, 0x738c, 0x7bcd, 0xff9b, 0xdeb8, 0xe6d9, 0xe6d8, 0xe6b8,
  0xded8, 0xe6b8, 0xe6d8, 0xe6b8, 0xe6b8, 0xe6b8, 0xe6b8, 0xe6d8, 0xe6d8, 0xe6b8, 0xe6d8, 0xe6d8, 0xdeb8, 0xe6b8, 0xe6b8, 0xe6b8, 0xe6b8, 0xe6b8, 0xe6d8, 0xde98,
  0xffdb, 0x6b4b, 0x7bad, 0xe6d8, 0xd636, 0xd656, 0xd677, 0xd677, 0xd656, 0xde97, 0xbd94, 0x2965, 0x3165, 0xce36, 0xc5d4, 0x9cb0, 0x9cb0, 0x944f, 0xa4f1, 0x942e,
  0xacf1, 0x8c2e, 0xa4f1, 0xa4d1, 0xad32, 0x946f, 0xa4f1, 0x9c90, 0x9cb0, 0x9490, 0x9490, 0x9490, 0x9c90, 0x9cb0, 0x9c90, 0x9c90, 0x9c90, 0x9470, 0x946f, 0x944f,
  0x946f, 0x9490, 0x9cb0, 0x9490, 0x9490, 0x9490, 0x9cb0, 0x9470, 0x9c90, 0x9490, 0x9490, 0x946f, 0x9c90, 0x9c90, 0x9c90, 0x9cb0, 0x9c90, 0xa4f1, 0x944f, 0xad32,
  0x9cb1, 0xad12, 0xa4d1, 0xa4f1, 0x944f, 0xa4d1, 0x944f, 0x840e, 0x31a6, 0x18a2, 0x7bce, 0x9c90, 0x9cb0, 0x8c0e, 0xc5d4, 0xde97, 0xd677, 0xd677, 0xd677, 0xd676,
  0xd656, 0xd656, 0xd656, 0xd656, 0xd656, 0xd656, 0xd656, 0xd656, 0xd655, 0xe6d8, 0xb593, 0x0881, 0x39c6, 0x41e7, 0x41e7, 0x4206, 0x4227, 0x41e7, 0x5289, 0x4a27,
  0x4a68, 0x4a28, 0x39e7, 0x4207, 0x39c6, 0x4a48, 0x4a48, 0x41e7, 0x4a48, 0x39e6, 0x4a48, 0x4207, 0x39e7, 0x39c6, 0x4a28, 0x39c6, 0x41e7, 0x4a48, 0x4a28, 0x4a48,
  0x4228, 0x4207, 0x39e7, 0x4207, 0x4207, 0x41e7, 0x41e7, 0x39e6, 0x4207, 0x39e6, 0x4227, 0x4a28, 0x39c6, 0x4207, 0x3185, 0x4a28, 0x3165, 0x5269, 0x39a6, 0x4a28,
  0x4207, 0x39c6, 0x39c6, 0x41e7, 0x39c6, 0x39a6, 0x2944, 0x2123, 0x9cb1, 0x946f, 0x9470, 0x944f, 0x8c0e, 0xc5f5, 0xde76, 0xd656, 0xe6d8, 0x8c4f, 0x736c, 0xff7a,
  0xe6d8, 0xe6d8, 0xe6d8, 0xe6d8, 0xe6f9, 0xf77b, 0xff7b, 0xef19, 0xe6d8, 0xe6d8, 0xf73a, 0xeef9, 0xe6d8, 0xe6d8, 0xe6d8, 0xe6d8, 0xe6d8, 0xe6d8, 0xef39, 0xef19,
  0xe6d8, 0xe6d9, 0xe6f8, 0xe6d8, 0xf77a, 0x83ee, 0x738c, 0xe6d8, 0xe6b7, 0x83ee, 0x83ee, 0xf75a, 0xe6b8, 0xe6d8, 0xe6d8, 0xe6d8, 0xe6d8, 0xe6f9, 0xe6d8, 0xef19,
  0xf77b, 0xef39, 0xe6b7, 0xe6d9, 0xf75a, 0xef19, 0xe6d8, 0xef39, 0xef39, 0xe6d8, 0xe6d8, 0xe6d8, 0xe6d8, 0xe6d8, 0xe6d8, 0xe6b8, 0xf75a, 0x7bad, 0x738c, 0xe6d8,
  0xe6d8, 0x83ce, 0x736c, 0xf75a, 0xdeb8, 0xe6d8, 0xe6d8, 0xe6d8, 0xe6d8, 0xe6d8, 0xef19, 0xf75a, 0xf75a, 0xeef9, 0xe6d8, 0xe6d8, 0xe6d8, 0xe6d8, 0xe6f8, 0xe6f8,
  0xef19, 0xf75a, 0xe6d8, 0xe6d8, 0xe6d8, 0xe6d8, 0xe6d8, 0xe6b8, 0xf739, 0x8c2f, 0x6b2b, 0xe6b8, 0xe6d8, 0x83ce, 0x7bcd, 0xf77a, 0xe6d8, 0xe6d9, 0xef19, 0xf77b,
  0xf77b, 0xef19, 0xe6b8, 0xf73a, 0xef19, 0xe6d8, 0xe6d8, 0xe6d8, 0xf75a, 0xf77b, 0xe6f9, 0xe6f9, 0xf75a, 0xef39, 0xe6b8, 0xef19, 0xef19, 0xe6f8, 0xe6f9, 0xe6b8,
  0xf75a, 0x6b6c, 0x8c0e, 0xe6d8, 0xd656, 0xd656, 0xd656, 0xd656, 0xd676, 0xd636, 0xe6b7, 0xbdb4, 0x10a2, 0x5289, 0x5aa9, 0x41e7, 0x3186, 0x4207, 0x39a6, 0x4207,
  0x4227, 0x4a28, 0x4a48, 0x4a28, 0x41e7, 0x4207, 0x4207, 0x4a28, 0x4207, 0x4207, 0x4207, 0x4207, 0x41e7, 0x4207, 0x41e7, 0x39e7, 0x39e7, 0x41e7, 0x4207, 0x39e7,
  0x39c6, 0x41e7, 0x4207, 0x4228, 0x4207, 0x4207, 0x4207, 0x41e7, 0x39c6, 0x41e7, 0x39e6, 0x41e7, 0x39e7, 0x4207, 0x4227, 0x4207, 0x39a6, 0x4228, 0x39a6, 0x41e7,
  0x4207, 0x5269, 0x41e7, 0x4228, 0x3185, 0x39c6, 0x41e7, 0x3165, 0x0821, 0x7bad, 0x9470, 0x9cb1, 0x9450, 0x8c0e, 0xbd73, 0xde97, 0xd657, 0xde77, 0xd656, 0xd656,
  0xd656, 0xd656, 0xd656, 0xd656, 0xd656, 0xd656, 0xd656, 0xd656, 0xd656, 0xd656, 0xde97, 0xb553, 0x1081, 0x0000, 0x0041, 0x0000, 0x0000, 0x0020, 0x0021, 0x0841,
  0x0020, 0x0020, 0x0021, 0x0020, 0x0841, 0x0841, 0x0041, 0x0020, 0x0000, 0x0020, 0x0000, 0x0000, 0x0020, 0x0841, 0x0000, 0x0021, 0x0821, 0x0020, 0x0020, 0x0821,
  0x0841, 0x0841, 0x0000, 0x0000, 0x0000, 0x0020, 0x0821, 0x0841, 0x0861, 0x0841, 0x0021, 0x0021, 0x0821, 0x0000, 0x0000, 0x0000, 0x0841, 0x0000, 0x0020, 0x0000,
  0x0021, 0x0020, 0x0020, 0x0000, 0x0000, 0x0000, 0x18a2, 0x9490, 0x944f, 0x9cb0, 0x9cb1, 0x944f, 0x8c2e, 0xce36, 0xd656, 0xd656, 0xe6d8, 0x8c2e, 0x6b4c, 0xff7b,
  0xe6b8, 0xe6d8, 0xe6d8, 0xef39, 0xce16, 0x5aa9, 0x5289, 0xad53, 0xef19, 0xde97, 0xa4b1, 0xce16, 0xeef9, 0xe6d8, 0xe6d8, 0xe6d8, 0xe6b8, 0xeef8, 0x7b8c, 0x9c90,
  0xef39, 0xe6d8, 0xe6f8, 0xe6d8, 0xf77a, 0x7bcd, 0x736c, 0xe6d8, 0xe6d8, 0x83cd, 0x83ee, 0xff7a, 0xe6b8, 0xe6d8, 0xe6d8, 0xe6d8, 0xe6d8, 0xe6d8, 0xf75a, 0x9cb1,
  0x4a48, 0x840e, 0xef19, 0xdeb8, 0x736c, 0xb573, 0xef39, 0xad12, 0xad32, 0xeef9, 0xe6b8, 0xe6d8, 0xe6d8, 0xe6d8, 0xe6d8, 0xdeb8, 0xf77a, 0x7bcd, 0x734c, 0xdeb7,
  0xe6d8, 0x83ce, 0x736c, 0xf75a, 0xdeb8, 0xe6d8, 0xe6d8, 0xe6d8, 0xe6b8, 0xef39, 0xad12, 0x4a48, 0x5268, 0xbdb5, 0xf75a, 0xe6d8, 0xe6d8, 0xe6d8, 0xe6b8, 0xef19,
  0xb573, 0x5288, 0xde77, 0xeef9, 0xe6d8, 0xe6d8, 0xe6d8, 0xe6b8, 0xf75a, 0x944f, 0x6b2b, 0xe6d8, 0xe6d8, 0x7bad, 0x7bad, 0xff7b, 0xe6b8, 0xef1a, 0xde98, 0x5aca,
  0x4a48, 0xa4f1, 0xf75a, 0x7b8c, 0x9cd1, 0xef39, 0xde97, 0xf73a, 0x8c4f, 0x736c, 0xef3a, 0xde97, 0x62ca, 0x7b8c, 0xef3a, 0xad32, 0xb573, 0xef19, 0xe6d8, 0xe6b8,
  0xf77a, 0x6b6c, 0x83ee, 0xe6d8, 0xd656, 0xd656, 0xd656, 0xd656, 0xd656, 0xd677, 0xd656, 0xe6b7, 0xb573, 0x0861, 0x0000, 0x0000, 0x0000, 0x0000, 0x0000, 0x0020,
  0x0020, 0x0000, 0x0000, 0x0000, 0x0000, 0x0000, 0x0020, 0x0020, 0x0000, 0x0000, 0x0020, 0x0041, 0x0021, 0x0000, 0x0000, 0x0000, 0x0000, 0x0000, 0x0020, 0x0841,
  0x0020, 0x0000, 0x0000, 0x0000, 0x0020, 0x0000, 0x0000, 0x0000, 0x0000, 0x0000, 0x0000, 0x0000, 0x0000, 0x0000, 0x0000, 0x0000, 0x0000, 0x0000, 0x0020, 0x0000,
  0x0000, 0x0000, 0x0020, 0x0020, 0x0000, 0x0000, 0x0000, 0x0861, 0x8c4f, 0x9cb1, 0x9c90, 0x8c2f, 0x9c90, 0x8c2f, 0xc5d5, 0xde77, 0xd656, 0xd677, 0xd656, 0xd656,
  0xd656, 0xd656, 0xd656, 0xd656, 0xd656, 0xd656, 0xd656, 0xd656, 0xd656, 0xd656, 0xd656, 0xde97, 0xb533, 0x2924, 0x73ad, 0x6b2b, 0x8c4f, 0x73ad, 0x8c70, 0x7bad,
  0x8c2f, 0x738c, 0x736c, 0x840e, 0x736c, 0x8c2f, 0x6b2b, 0x7bad, 0x6b2b, 0x738c, 0x736c, 0x738d, 0x736c, 0x6b4b, 0x738d, 0x8c70, 0x5ac9, 0x9490, 0x630a, 0x8c4f,
  0x6b4b, 0x8c2f, 0x62ea, 0x8c4f, 0x62ea, 0x8c2f, 0x736c, 0x8c2f, 0x7bce, 0x7bcd, 0x840e, 0x6b0b, 0x83ce, 0x62ea, 0x8c2f, 0x630a, 0x8c0f, 0x630a, 0x9490, 0x5268,
  0x9490, 0x6b2b, 0x8c4f, 0x630a, 0x8c4f, 0x630b, 0x9470, 0x83ee, 0x946f, 0x8c2f, 0x9cb1, 0x9490, 0xd677, 0xd677, 0xd656, 0xd656, 0xe6d8, 0x840e, 0x6b2b, 0xf77a,
  0xe6b8, 0xe6d8, 0xeef9, 0xdeb8, 0x39a6, 0x736c, 0x8c4f, 0x2103, 0xc5d5, 0xef19, 0x10a2, 0xacf2, 0xf75a, 0xe6d8, 0xef1a, 0xf75a, 0xef3a, 0xef39, 0x2924, 0x62ea,
  0xf75a, 0xe6b8, 0xe6f8, 0xe6d8, 0xf77a, 0x7bce, 0x736c, 0xe6d8, 0xe6d8, 0x83cd, 0x83ee, 0xf77a, 0xe6b8, 0xe6d8, 0xe6d8, 0xe6d8, 0xe6d8, 0xef39, 0xbdb4, 0x3165,
  0x9c91, 0x2923, 0xad33, 0xef19, 0x18a3, 0x946f, 0xffbb, 0x4227, 0x5268, 0xff9b, 0xe6b8, 0xe6d9, 0xe6d8, 0xe6d8, 0xe6d8, 0xdeb8, 0xf77a, 0x7bad, 0x736c, 0xdeb7,
  0xe6b8, 0x83cd, 0x736c, 0xf75a, 0xdeb8, 0xe6d8, 0xe6d8, 0xe6d8, 0xef19, 0xbd94, 0x2124, 0x9490, 0x6b6c, 0x2944, 0xde98, 0xf75a, 0xef1a, 0xe6d8, 0xe6f9, 0xeef8,
  0xcdf5, 0x9cb1, 0xe6b8, 0xeef9, 0xe6d8, 0xe6d8, 0xe6d8, 0xe6b8, 0xf75a, 0x9470, 0x6b2b, 0xe6d8, 0xe6d8, 0x7bad, 0x7bad, 0xf77b, 0xe6b8, 0xe6d9, 0x4208, 0x6b4c,
  0x8c70, 0x10a2, 0xc5f5, 0x39a6, 0x736c, 0xffbc, 0xeef9, 0xef3a, 0xbd94, 0xa4d1, 0xff7b, 0x6b4c, 0x4207, 0xc5f6, 0xffbc, 0x5289, 0x5aca, 0xff9b, 0xdeb7, 0xe6b8,
  0xff7b, 0x6b4c, 0x83ee, 0xe6d8, 0xd656, 0xd656, 0xd656, 0xd656, 0xd656, 0xd656, 0xd677, 0xd656, 0xde97, 0xb573, 0x3165, 0x630b, 0x738c, 0x7bcd, 0x630b, 0x83ee,
  0x5aca, 0x7bad, 0x5268, 0x83ee, 0x630b, 0x83ee, 0x6b2b, 0x7bad, 0x6b4b, 0x736c, 0x8c2f, 0x62ea, 0x7bad, 0x5aea, 0x840e, 0x5aca, 0x7bcd, 0x6b4c, 0x7bad, 0x7bad,
  0x842f, 0x7bce, 0x6b2b, 0x7bce, 0x630b, 0x7bce, 0x5289, 0x7bce, 0x5289, 0x8c4f, 0x7bcd, 0x62ea, 0x9470, 0x4a48, 0x8c2f, 0x5268, 0x83ee, 0x630b, 0x8c70, 0x630b,
  0x7bcd, 0x5288, 0x840e, 0x5aca, 0x8c2f, 0x632b, 0x73ad, 0x736c, 0x9cb0, 0x9cb1, 0x8c4f, 0x9490, 0x944f, 0xce15, 0xde97, 0xd656, 0xd656, 0xd656, 0xd656, 0xd656,
  0xd656, 0xd656, 0xd656, 0xd656, 0xd656, 0xd656, 0xd656, 0xd656, 0xd656, 0xd656, 0xd656, 0xd636, 0xe6b8, 0xad12, 0x6b2a, 0xad53, 0x9490, 0x9cb0, 0x944f, 0x8c4f,
  0x840e, 0x946f, 0xa4f1, 0x946f, 0xa512, 0x8c2e, 0xa4d1, 0x83ee, 0x9cd1, 0x8c2e, 0xa4d1, 0x944f, 0x9cb0, 0x9490, 0x9470, 0x9490, 0x946f, 0x946f, 0xa4d1, 0x7bcd,
  0x946f, 0x83cd, 0xb573, 0x83ed, 0xa4f1, 0x946f, 0xa4f1, 0x9470, 0x9cb1, 0x9490, 0x8c2f, 0x944f, 0x83ed, 0xa4d1, 0x8c2e, 0xa4f1, 0x7bac, 0xa512, 0x7b8c, 0xb573,
  0x946f, 0x9cd1, 0x83ed, 0xa4f1, 0x8c2e, 0xb553, 0x8c0e, 0x9c90, 0x8c0e, 0x8c4f, 0x8c2e, 0xd677, 0xde76, 0xd656, 0xd677, 0xd656, 0xe6d8, 0x840e, 0x6b2b, 0xff7a,
  0xe6b8, 0xe6d8, 0xef19, 0xce36, 0x0840, 0xc5d4, 0xff7a, 0xb553, 0xde97, 0x630a, 0x10a2, 0x2944, 0xbdb4, 0x9c90, 0x630b, 0x7bcd, 0x39a6, 0xdeb8, 0x4207, 0x6b4c,
  0xf75a, 0xe6b8, 0xe6f8, 0xe6d8, 0xf77a, 0x7bcd, 0x736c, 0xe6d8, 0xe6d8, 0x83cd, 0x83ee, 0xf77a, 0xe6b8, 0xe6d8, 0xe6d8, 0xe6d8, 0xe6d8, 0xf77a, 0x5269, 0x6b6c,
  0xfffe, 0x7bad, 0x4a28, 0xef19, 0x2104, 0xad12, 0xad11, 0x1082, 0x18c2, 0x73ad, 0xef3a, 0xe6d8, 0xe6d8, 0xe6d8, 0xe6d8, 0xdeb8, 0xf75a, 0x7bad, 0x736c, 0xe6d8,
  0xe6b8, 0x7bcd, 0x736c, 0xf77a, 0xdeb8, 0xe6d8, 0xe6d8, 0xe6b8, 0xf73a, 0x9cb1, 0x18e3, 0xf77b, 0xff9b, 0xc5d5, 0xeed8, 0x6b4c, 0x8c2f, 0xffbb, 0x5aa9, 0x944f,
  0xcdf5, 0x5288, 0xde98, 0xeef9, 0xe6d8, 0xe6d8, 0xe6d8, 0xe6b8, 0xf75a, 0x9470, 0x6b2b, 0xe6d8, 0xe6d8, 0x7bad, 0x7bad, 0xf77a, 0xe6d8, 0xde77, 0x1061, 0xad33,
  0xffbb, 0xc5d5, 0xde98, 0x5269, 0x2124, 0x41e7, 0x7bcd, 0xf79b, 0x8c2f, 0x738c, 0xad32, 0x18c3, 0x2945, 0xb574, 0xa512, 0x18e3, 0x18c3, 0x83ee, 0xef39, 0xe6b8,
  0xff7b, 0x6b4c, 0x83ee, 0xe6d8, 0xd656, 0xd656, 0xd656, 0xd656, 0xd656, 0xd656, 0xd656, 0xd656, 0xd656, 0xe6b7, 0xb553, 0x5aa9, 0xb574, 0x840e, 0xb553, 0x7bad,
  0x9cb1, 0x8c0e, 0xa4f1, 0x8c4f, 0xa4f2, 0x8c2e, 0x9c90, 0x8c2e, 0x9490, 0x9490, 0x9470, 0x9cb1, 0x8c2e, 0x9c90, 0x83cd, 0x9cd1, 0x8c2f, 0x9cd1, 0x7bcd, 0x9cb1,
  0x9470, 0x9490, 0x9490, 0x8c4f, 0x8c2f, 0x83ee, 0xa4f1, 0x8c4f, 0x9cb1, 0x9c90, 0x9c90, 0x9c90, 0x946f, 0x8c2e, 0x8c2f, 0x9490, 0x8c4f, 0x946f, 0x8c2e, 0xad53,
  0x7bcd, 0xad12, 0x83ee, 0xa4f1, 0x944f, 0xad32, 0x9490, 0x9cb0, 0x946f, 0x944f, 0x9c90, 0x83ee, 0xc5f5, 0xde97, 0xd656, 0xd656, 0xd656, 0xd656, 0xd656, 0xd656,
  0xd656, 0xd656, 0xd656, 0xd656, 0xd656, 0xd656, 0xd656, 0xd656, 0xd656, 0xd656, 0xd656, 0xd657, 0xd656, 0xde97, 0xb573, 0x83ee, 0x9450, 0x83cd, 0x840e, 0x83ee,
  0x8c2e, 0x840e, 0x9490, 0x840e, 0x83ee, 0x944f, 0x7bcd, 0x9470, 0x840e, 0x9490, 0x8c2f, 0x9490, 0x83cd, 0x840e, 0x840e, 0x8c0e, 0x83cd, 0x944f, 0x7bcd, 0x946f,
  0x738c, 0x946f, 0x736c, 0x9cb0, 0x8c2f, 0x946f, 0x8c0e, 0x8c2f, 0x83ee, 0x840e, 0x8c4f, 0x83ee, 0x9c90, 0x83ee, 0x8c2f, 0x738c, 0x8c4f, 0x736c, 0x9cb1, 0x83ce,
  0x8c0e, 0x83cd, 0x8c2e, 0x7bcd, 0x9cd1, 0x7bad, 0x9470, 0x8c2e, 0x944f, 0x8c2e, 0xd636, 0xde76, 0xd657, 0xd677, 0xd656, 0xd656, 0xe6d8, 0x840e, 0x6b2b, 0xff7a,
  0xe6b8, 0xe6d8, 0xef19, 0xce16, 0x0861, 0xb573, 0xef19, 0xef19, 0xeef8, 0xb573, 0x2104, 0x7bae, 0xef3a, 0x7bae, 0x0000, 0x7b8d, 0x5268, 0xc5f5, 0x4a28, 0x736c,
  0xf77a, 0xe6b8, 0xe6d8, 0xe6b8, 0xf77a, 0x7bcd, 0x738c, 0xe6d8, 0xe6d8, 0x83cd, 0x83ee, 0xf75a, 0xe6b8, 0xe6d8, 0xe6d8, 0xe6d8, 0xe6d8, 0xf739, 0x4a28, 0x52aa,
  0xbdb4, 0x6b2b, 0x4207, 0xe6d9, 0x2104, 0x9cb0, 0xe6b7, 0x39c6, 0x4207, 0xce16, 0xe6f9, 0xe6d8, 0xe6d8, 0xe6d8, 0xe6d8, 0xdeb8, 0xf75a, 0x7bad, 0x738c, 0xe6d8,
  0xe6b8, 0x7bad, 0x736c, 0xff7a, 0xdeb8, 0xe6d8, 0xe6d8, 0xe6b8, 0xf739, 0xa4d1, 0x2144, 0xd657, 0x736c, 0x7bcd, 0xe6d8, 0x39a6, 0x5aa9, 0xffdc, 0x2944, 0x738d,
  0xbd95, 0x0841, 0xd657, 0xeef9, 0xe6d8, 0xe6d8, 0xe6d8, 0xe6b8, 0xf75a, 0x9470, 0x6b2b, 0xe6d8, 0xe6d8, 0x7bad, 0x7b8d, 0xf77a, 0xe6b8, 0xe6f9, 0x7bad, 0x18a2,
  0x3165, 0xbd94, 0xf77a, 0x4207, 0x4228, 0xb574, 0x18a2, 0xb594, 0x6b2b, 0x3185, 0xd657, 0x39c7, 0x39e7, 0xbdb4, 0xd677, 0x39c6, 0x4228, 0xd637, 0xe6f9, 0xe6b8,
  0xf77a, 0x6b4c, 0x840e, 0xe6d8, 0xd656, 0xd656, 0xd656, 0xd656, 0xd656, 0xd656, 0xd656, 0xd656, 0xd676, 0xd656, 0xde97, 0xbdb4, 0x7bad, 0x9490, 0x736c, 0x944f,
  0x7bad, 0x9470, 0x83ee, 0x9490, 0x83ee, 0x83ee, 0x83cd, 0x946f, 0x8c4f, 0x8c2e, 0x8c2e, 0x83ee, 0x8c4f, 0x83ed, 0x944f, 0x83ee, 0x9470, 0x944f, 0x9cb0, 0x83ee,
  0x840e, 0x83ee, 0x8c0e, 0x8c2e, 0x83cd, 0x9470, 0x83ee, 0x946f, 0x83ee, 0x9450, 0x8c0e, 0x83cd, 0x8c0f, 0x83ee, 0x8c0e, 0x9490, 0x9cb1, 0x7bad, 0x9cb1, 0x7bac,
  0x9490, 0x83cd, 0x944f, 0x83ee, 0x9c90, 0x8c2f, 0x9470, 0x8c2f, 0x8c0e, 0x8c2e, 0x8c0e, 0xcdf5, 0xde77, 0xd656, 0xd656, 0xd656, 0xd656, 0xd656, 0xd656, 0xd656,
  0xd656, 0xd656, 0xd656, 0xd656, 0xd656, 0xd656, 0xd656, 0xd656, 0xd656, 0xd656, 0xd656, 0xd657, 0xd656, 0xd656, 0xdeb8, 0xbdb4, 0x9c90, 0xb573, 0xa4d1, 0xacf1,
  0xb532, 0xad32, 0xacf2, 0xa4b1, 0xbd94, 0x942f, 0xc5d4, 0x9c90, 0xc5d5, 0x9c90, 0xbd94, 0xa4f1, 0x9c90, 0xbd94, 0xa4d1, 0xa4f1, 0xb553, 0x8c2e, 0xb573, 0x9cb0,
  0xbd94, 0xa4f1, 0xa4f1, 0xacf1, 0xc5d4, 0x9cb0, 0xc5b4, 0xa4d1, 0xad32, 0xad32, 0xa4d1, 0xbd94, 0x9c90, 0xbd94, 0x944f, 0xbdb4, 0x944f, 0xc5f5, 0xa4f1, 0xa4f1,
  0xa4d1, 0xb573, 0x9cb0, 0xbd94, 0x946f, 0xbd94, 0x8c2e, 0xce16, 0x946f, 0xd656, 0xd656, 0xd656, 0xd677, 0xd656, 0xd657, 0xd656, 0xe6d8, 0x840e, 0x6b2b, 0xf75a,
  0xe6b8, 0xe6d8, 0xef19, 0xce16, 0x1082, 0xbd94, 0xef1a, 0xef19, 0xe6d8, 0xef19, 0x2945, 0xad53, 0xfffc, 0x6b4c, 0x39c6, 0xf77a, 0xe6d8, 0xef19, 0x31a5, 0x6b4c,
  0xff7b, 0xe6b8, 0xe6d8, 0xe6b8, 0xf77a, 0x7bce, 0x738c, 0xe6d8, 0xe6d8, 0x83cd, 0x83ee, 0xf75a, 0xe6b8, 0xe6d8, 0xe6d8, 0xe6d8, 0xe6d8, 0xef39, 0x5289, 0x18e3,
  0x4228, 0x2124, 0x4207, 0xde98, 0x18e3, 0x9450, 0xffdb, 0x5aaa, 0x5aea, 0xffbb, 0xe6b8, 0xe6d8, 0xe6d8, 0xe6d8, 0xe6d8, 0xdeb8, 0xf75a, 0x7bad, 0x738c, 0xe6d8,
  0xe6b8, 0x7bad, 0x736c, 0xf77a, 0xe6b8, 0xe6d8, 0xe6d8, 0xe6b8, 0xf739, 0xa4d1, 0x2124, 0xde98, 0x6b4c, 0x0841, 0xd657, 0x4a28, 0x5aca, 0xff9b, 0x31a6, 0x83ee,
  0xbd94, 0x1061, 0xce36, 0xe6f9, 0xe6d8, 0xe6d8, 0xe6d8, 0xe6b8, 0xf75a, 0x944f, 0x6b2b, 0xe6d8, 0xe6d8, 0x7bad, 0x738d, 0xf77b, 0xe6b8, 0xef19, 0xff9c, 0xad12,
  0x738c, 0x18c2, 0xc5f5, 0x41e6, 0x83ef, 0xff9b, 0x18c3, 0xad12, 0x736c, 0x39c6, 0xfffd, 0x630b, 0x6b4c, 0xff9a, 0xf759, 0x5aa9, 0x630b, 0xffbb, 0xe6b8, 0xe6b8,
  0xf77a, 0x6b4b, 0x840e, 0xe6d8, 0xd636, 0xd656, 0xd656, 0xd656, 0xd656, 0xd656, 0xd656, 0xd656, 0xd676, 0xd677, 0xd656, 0xde97, 0xce16, 0x83ee, 0xc5d5, 0x8c0e,
  0xc5f5, 0x8c2e, 0xbdb4, 0x8c2e, 0xbdb4, 0x9c90, 0xbd94, 0xad12, 0xad33, 0xad12, 0xa4d1, 0xad32, 0x946f, 0xc5d5, 0x946f, 0xbdb4, 0x942f, 0xc5f5, 0x9cb0, 0xb553,
  0xa4d1, 0xb553, 0xa4d1, 0xad12, 0xb553, 0xa4b1, 0xbd94, 0x9cb0, 0xb553, 0xa4f1, 0xad32, 0xa4f1, 0xb553, 0xad32, 0xb573, 0xb573, 0x9c90, 0xbdb4, 0x8c0e, 0xbdb4,
  0x944f, 0xbdb4, 0x944f, 0xc5d5, 0x9c90, 0xbd94, 0x9cd0, 0xb553, 0xad12, 0x9c90, 0xc5d5, 0xde77, 0xd656, 0xd656, 0xd656, 0xd656, 0xd656, 0xd656, 0xd656, 0xd656,
  0xd656, 0xd656, 0xd656, 0xd656, 0xd656, 0xd656, 0xd656, 0xd656, 0xd656, 0xd656, 0xd656, 0xd656, 0xd656, 0xd677, 0xd656, 0xde76, 0xde97, 0xde76, 0xde97, 0xde97,
  0xde97, 0xde97, 0xde97, 0xde97, 0xde77, 0xde97, 0xde77, 0xdeb7, 0xd677, 0xde97, 0xde77, 0xde77, 0xde77, 0xde77, 0xde97, 0xde97, 0xde77, 0xde97, 0xde76, 0xde97,
  0xde76, 0xde97, 0xde97, 0xde97, 0xd676, 0xde97, 0xd677, 0xdeb7, 0xde97, 0xde97, 0xde97, 0xd677, 0xde97, 0xde77, 0xde97, 0xde77, 0xdeb7, 0xd677, 0xde97, 0xde97,
  0xde97, 0xde97, 0xdeb7, 0xd677, 0xde97, 0xd676, 0xde97, 0xd677, 0xdeb7, 0xd656, 0xd656, 0xd677, 0xd656, 0xd656, 0xd677, 0xd656, 0xe6d8, 0x840e, 0x6b0b, 0xf75a,
  0xe6b8, 0xe6d8, 0xef19, 0xce37, 0x0841, 0xc5f5, 0xef19, 0x5aa9, 0xc5d5, 0xef19, 0x20e3, 0xa512, 0xffbb, 0x6b0b, 0x4208, 0xf75b, 0xe6b8, 0xf75a, 0x31a6, 0x6b2b,
  0xf75a, 0xe6b8, 0xe6d8, 0xe6b8, 0xf77a, 0x7bce, 0x7b8d, 0xe6d8, 0xe6d8, 0x83cd, 0x83ee, 0xf75a, 0xe6b8, 0xe6d8, 0xe6d8, 0xe6d8, 0xe6b8, 0xf75a, 0x4a49, 0x7bef,
  0xfffd, 0x83ee, 0x2944, 0xde97, 0x18e2, 0x9c90, 0xfffc, 0x5289, 0x5aca, 0xffbc, 0xe6b8, 0xe6d8, 0xe6d8, 0xe6d8, 0xe6d8, 0xdeb8, 0xf75a, 0x7bcd, 0x738c, 0xe6d8,
  0xe6b8, 0x7bad, 0x736c, 0xf77a, 0xe6b8, 0xe6d8, 0xe6d8, 0xe6b8, 0xf75a, 0x9cd1, 0x18e3, 0xf75b, 0xc616, 0x0861, 0xd677, 0x41e6, 0x62ea, 0xfffd, 0x2964, 0x736c,
  0xb574, 0x0840, 0xce36, 0xeef9, 0xe6d8, 0xe6d8, 0xe6d8, 0xe6b8, 0xf75a, 0x9470, 0x6b2b, 0xe6d8, 0xe6d8, 0x7bad, 0x7bad, 0xf77a, 0xe6d8, 0xe6b8, 0x734c, 0xd677,
  0xe6f9, 0x0000, 0xad12, 0x4207, 0x738d, 0xef1a, 0x18c3, 0xad33, 0x736c, 0x39e7, 0xffdc, 0x52aa, 0x5aca, 0xef19, 0xf73a, 0x5268, 0x5aea, 0xf77a, 0xdeb8, 0xe6b8,
  0xf77a, 0x6b4b, 0x83ee, 0xe6d8, 0xd636, 0xd656, 0xd656, 0xd656, 0xd656, 0xd656, 0xd656, 0xd656, 0xd656, 0xd656, 0xd656, 0xd657, 0xd676, 0xde97, 0xde97, 0xdeb8,
  0xde97, 0xde97, 0xde76, 0xde97, 0xde97, 0xdeb8, 0xde97, 0xde97, 0xde97, 0xde97, 0xde97, 0xde97, 0xde97, 0xde97, 0xde97, 0xd676, 0xde77, 0xd656, 0xde77, 0xde77,
  0xde97, 0xde77, 0xde97, 0xde97, 0xd676, 0xde77, 0xd676, 0xde77, 0xde77, 0xde97, 0xde97, 0xde97, 0xde97, 0xd697, 0xd677, 0xde77, 0xde77, 0xd676, 0xde97, 0xd677,
  0xdeb7, 0xde97, 0xdeb7, 0xd677, 0xde97, 0xde77, 0xde97, 0xde77, 0xde77, 0xde97, 0xd676, 0xd656, 0xd656, 0xd656, 0xd656, 0xd656, 0xd656, 0xd656, 0xd656, 0xd656,
  0xd656, 0xd656, 0xd656, 0xd656, 0xd656, 0xd656, 0xd656, 0xd656, 0xd656, 0xd656, 0xd656, 0xd656, 0xd656, 0xd657, 0xd656, 0xd656, 0xd656, 0xd656, 0xd656, 0xd656,
  0xd656, 0xd656, 0xd656, 0xd656, 0xd656, 0xd656, 0xd656, 0xd656, 0xd656, 0xd656, 0xd656, 0xd656, 0xd656, 0xd656, 0xd656, 0xd656, 0xd656, 0xd656, 0xd656, 0xd656,
  0xd656, 0xd656, 0xd656, 0xd656, 0xd656, 0xd656, 0xd656, 0xd656, 0xd656, 0xd656, 0xd656, 0xd656, 0xd656, 0xd656, 0xd656, 0xd656, 0xd656, 0xd656, 0xd656, 0xd656,
  0xd656, 0xd656, 0xd656, 0xd656, 0xd656, 0xd656, 0xd656, 0xd656, 0xd656, 0xd656, 0xd656, 0xd656, 0xd656, 0xd656, 0xd656, 0xd656, 0xe6d8, 0x840e, 0x630b, 0xf75a,
  0xe6b8, 0xe6d8, 0xe6d8, 0xef19, 0x83ce, 0x31a6, 0x39e7, 0x5269, 0xdeb8, 0xf75a, 0x738c, 0x2944, 0xce15, 0x738c, 0x4207, 0xf75b, 0xe6d8, 0xf77b, 0x41e6, 0x62ca,
  0xf75a, 0xe6b8, 0xe6d8, 0xe6b8, 0xf77a, 0x7bce, 0x738d, 0xe6d8, 0xe6d8, 0x83cd, 0x83ee, 0xf75a, 0xe6b8, 0xe6d8, 0xe6d8, 0xe6d8, 0xe6d8, 0xf75a, 0x4a48, 0x7bce,
  0xffdc, 0x83cd, 0x2944, 0xde97, 0x18e3, 0x9c90, 0xff9c, 0xbd94, 0x2944, 0x7b8d, 0xeef8, 0xe6b8, 0xe6d8, 0xe6d8, 0xe6d8, 0xdeb8, 0xf75a, 0x7bad, 0x738c, 0xe6d8,
  0xe6d8, 0x7bad, 0x736c, 0xf77a, 0xe6b8, 0xe6d8, 0xe6d8, 0xe6d8, 0xeef9, 0xdeb8, 0x5aca, 0x4207, 0x3165, 0x6b2b, 0xef1a, 0xad33, 0x31a6, 0x4a48, 0x2124, 0xc5d4,
  0xad12, 0x1081, 0xd657, 0xeef9, 0xe6d8, 0xe6d8, 0xe6d8, 0xe6b8, 0xf75a, 0x9470, 0x6b2b, 0xe6d8, 0xe6d8, 0x7bad, 0x7bad, 0xf77a, 0xe6b8, 0xeef9, 0x630b, 0x2124,
  0x39c6, 0x52a9, 0xef1a, 0x39c6, 0x738c, 0xeef9, 0x18c2, 0xb573, 0x7b8d, 0x4207, 0xffdc, 0x52a9, 0x62ca, 0xf73a, 0xef1a, 0xad53, 0x20e3, 0x83ce, 0xef19, 0xe6b8,
  0xf77a, 0x6b4b, 0x83ee, 0xe6d8, 0xd656, 0xd656, 0xd656, 0xd656, 0xd656, 0xd656, 0xd656, 0xd656, 0xd656, 0xd656, 0xd656, 0xd656, 0xd656, 0xd656, 0xd656, 0xd656,
  0xd656, 0xd656, 0xd676, 0xd656, 0xd676, 0xd656, 0xd656, 0xd656, 0xd656, 0xd656, 0xd656, 0xd656, 0xd656, 0xd656, 0xd656, 0xd656, 0xd656, 0xd656, 0xd656, 0xd656,
  0xd656, 0xd656, 0xd656, 0xd656, 0xd656, 0xd656, 0xd656, 0xd656, 0xd656, 0xd656, 0xd656, 0xd656, 0xd656, 0xd656, 0xd656, 0xd656, 0xd656, 0xd656, 0xd656, 0xd656,
  0xd656, 0xd656, 0xd656, 0xd656, 0xd656, 0xd656, 0xd656, 0xd656, 0xd656, 0xd656, 0xd656, 0xd656, 0xd656, 0xd656, 0xd656, 0xd656, 0xd656, 0xd656, 0xd656, 0xd656,
  0xd656, 0xd656, 0xd656, 0xd656, 0xd656, 0xd656, 0xd656, 0xd656, 0xd656, 0xd656, 0xd656, 0xd656, 0xd656, 0xd656, 0xd656, 0xd657, 0xd657, 0xd677, 0xd677, 0xd677,
  0xd677, 0xd677, 0xd677, 0xd677, 0xd677, 0xd656, 0xd656, 0xd656, 0xd656, 0xd656, 0xd656, 0xd656, 0xd656, 0xd657, 0xd657, 0xd657, 0xd656, 0xd656, 0xd656, 0xd656,
  0xd657, 0xd657, 0xd657, 0xd657, 0xd657, 0xd657, 0xd677, 0xd677, 0xd656, 0xd656, 0xd656, 0xd656, 0xd656, 0xd656, 0xd656, 0xd677, 0xd657, 0xd657, 0xd656, 0xd656,
  0xd677, 0xd677, 0xd656, 0xd656, 0xd656, 0xd657, 0xd656, 0xd656, 0xd657, 0xd656, 0xd656, 0xd656, 0xd656, 0xd656, 0xd656, 0xd656, 0xe6d8, 0x840e, 0x630b, 0xf75a,
  0xe6b8, 0xe6d8, 0xe6d8, 0xeed8, 0xe6d8, 0xb593, 0xb593, 0xe6f8, 0xef19, 0xe6d8, 0xde97, 0xb553, 0xd676, 0xd677, 0xce36, 0xe6d8, 0xe6d8, 0xeef9, 0xce36, 0xce36,
  0xe6f8, 0xe6d8, 0xe6d8, 0xe6b8, 0xf77a, 0x7bcd, 0x7b8c, 0xe6d8, 0xe6d8, 0x83cd, 0x83ee, 0xf75a, 0xe6b8, 0xe6d8, 0xe6d8, 0xe6d8, 0xe6d8, 0xeed8, 0xce16, 0xd656,
  0xeed8, 0xd656, 0xc5f5, 0xe6b7, 0xc5f5, 0xde77, 0xeed9, 0xef19, 0xc5d5, 0xbdb4, 0xe6d8, 0xe6b8, 0xe6d8, 0xe6d8, 0xe6d8, 0xdeb8, 0xf75a, 0x7bad, 0x736c, 0xe6d8,
  0xe6b8, 0x7bad, 0x736c, 0xf77a, 0xe6b8, 0xe6d8, 0xe6d8, 0xe6d8, 0xe6d8, 0xef19, 0xd677, 0xad33, 0xb553, 0xdeb8, 0xeef8, 0xef19, 0xce16, 0xb573, 0xce16, 0xf719,
  0xde97, 0xc616, 0xe6d8, 0xe6d8, 0xe6d8, 0xe6d8, 0xe6d8, 0xe6b8, 0xf75a, 0x9470, 0x6b2b, 0xe6d8, 0xe6d8, 0x7bad, 0x738d, 0xf77a, 0xe6b8, 0xe6f8, 0xe6d8, 0xb594,
  0xbd94, 0xe6b8, 0xf73a, 0xce16, 0xd656, 0xe6b8, 0xc5d5, 0xe6d8, 0xd677, 0xce36, 0xeef8, 0xce15, 0xce36, 0xeef9, 0xe6f9, 0xef19, 0xbdb4, 0xc5d5, 0xe6f9, 0xe6b8,
  0xf77a, 0x6b4b, 0x83ee, 0xe6d8, 0xd656, 0xd656, 0xd656, 0xd656, 0xd656, 0xd656, 0xd656, 0xd656, 0xd656, 0xd656, 0xd656, 0xd656, 0xd656, 0xd657, 0xd677, 0xd677,
  0xd677, 0xd677, 0xd677, 0xd677, 0xd677, 0xd677, 0xd677, 0xd677, 0xd677, 0xd677, 0xd677, 0xd657, 0xd656, 0xd656, 0xd656, 0xd656, 0xd656, 0xd656, 0xd656, 0xd656,
  0xd656, 0xd656, 0xd656, 0xd656, 0xd656, 0xd656, 0xd656, 0xd677, 0xd656, 0xd657, 0xd656, 0xd656, 0xd656, 0xd677, 0xd657, 0xd656, 0xd656, 0xd656, 0xd656, 0xd656,
  0xd677, 0xd656, 0xd656, 0xd656, 0xd656, 0xd657, 0xd677, 0xd677, 0xd677, 0xd677, 0xd657, 0xd656, 0xd656, 0xd656, 0xd656, 0xd656, 0xd656, 0xd656, 0xd656, 0xd656,
  0xd656, 0xd656, 0xd656, 0xd656, 0xd656, 0xd656, 0xd656, 0xd656, 0xd656, 0xd656, 0xd656, 0xd656, 0xd656, 0xd677, 0xd677, 0xd677, 0xd677, 0xd677, 0xd677, 0xd677,
  0xd677, 0xd677, 0xd677, 0xd656, 0xd656, 0xd656, 0xd656, 0xd656, 0xd656, 0xd656, 0xd656, 0xd656, 0xd656, 0xd656, 0xd656, 0xd656, 0xd656, 0xd656, 0xd656, 0xd656,
  0xd656, 0xd656, 0xd656, 0xd656, 0xd656, 0xd656, 0xd677, 0xd677, 0xd656, 0xd656, 0xd656, 0xd656, 0xd656, 0xd656, 0xd656, 0xd656, 0xd677, 0xd677, 0xd677, 0xd677,
  0xd656, 0xd656, 0xd656, 0xd656, 0xd656, 0xd656, 0xd656, 0xd656, 0xd677, 0xd656, 0xd656, 0xd656, 0xd656, 0xd656, 0xd656, 0xd656, 0xe6d8, 0x8c0e, 0x630b, 0xf75a,
  0xe6b8, 0xe6d8, 0xe6d8, 0xe6d8, 0xe6d8, 0xef19, 0xef39, 0xe6f8, 0xe6d8, 0xe6d8, 0xe6d8, 0xef19, 0xe6d8, 0xeef9, 0xeef9, 0xe6b8, 0xe6d8, 0xe6d8, 0xeef9, 0xeef9,
  0xe6d8, 0xe6d8, 0xe6d8, 0xe6b8, 0xf77a, 0x7bcd, 0x738c, 0xe6d8, 0xe6d8, 0x83cd, 0x83ee, 0xf75a, 0xe6b8, 0xe6d8, 0xe6d8, 0xe6d8, 0xe6d8, 0xe6d8, 0xeef9, 0xe6f9,
  0xe6d8, 0xe6d8, 0xeef9, 0xe6d8, 0xef19, 0xe6f9, 0xe6d8, 0xe6b8, 0xeef9, 0xeef8, 0xe6b8, 0xe6d8, 0xe6d8, 0xe6d8, 0xe6d8, 0xdeb8, 0xf75a, 0x7bad, 0x736c, 0xe6d8,
  0xe6d8, 0x83cd, 0x736c, 0xf77a, 0xe6b8, 0xe6d8, 0xe6d8, 0xe6d8, 0xe6d8, 0xe6d8, 0xe6d8, 0xef19, 0xef19, 0xe6d8, 0xe6d8, 0xe6d8, 0xef19, 0xef19, 0xeef9, 0xe6d8,
  0xeef9, 0xef19, 0xe6d8, 0xe6d8, 0xe6d8, 0xe6d8, 0xe6d8, 0xe6b8, 0xf75a, 0x9470, 0x6b2b, 0xe6d8, 0xe6d8, 0x7bad, 0x738c, 0xf77a, 0xe6b8, 0xe6d8, 0xe6d8, 0xef19,
  0xef39, 0xeef9, 0xe6d8, 0xeef9, 0xe6d8, 0xe6b8, 0xeef9, 0xe6f9, 0xeef9, 0xeef9, 0xe6b8, 0xeef8, 0xeef9, 0xe6d8, 0xe6d8, 0xe6b8, 0xef19, 0xef19, 0xe6d8, 0xe6b8,
  0xf77b, 0x6b4c, 0x83ee, 0xe6d8, 0xd656, 0xd656, 0xd656, 0xd656, 0xd656, 0xd656, 0xd656, 0xd656, 0xd656, 0xd656, 0xd656, 0xd656, 0xd656, 0xd656, 0xd656, 0xd656,
  0xd677, 0xd677, 0xd677, 0xd677, 0xd677, 0xd677, 0xd677, 0xd677, 0xd656, 0xd656, 0xd677, 0xd656, 0xd656, 0xd656, 0xd656, 0xd656, 0xd656, 0xd656, 0xd656, 0xd656,
  0xd656, 0xd656, 0xd656, 0xd656, 0xd656, 0xd656, 0xd656, 0xd656, 0xd677, 0xd677, 0xd656, 0xd656, 0xd656, 0xd677, 0xd677, 0xd656, 0xd656, 0xd656, 0xd656, 0xd656,
  0xd656, 0xd656, 0xd656, 0xd677, 0xd677, 0xd677, 0xd677, 0xd677, 0xd677, 0xd656, 0xd677, 0xd656, 0xd656, 0xd656, 0xd656, 0xd656, 0xd656, 0xd656, 0xd656, 0xd676,
  0xd656, 0xd656, 0xd656, 0xd656, 0xd656, 0xd656, 0xd656, 0xd656, 0xd656, 0xd656, 0xd656, 0xd656, 0xd656, 0xd677, 0xd677, 0xd677, 0xd677, 0xd677, 0xd656, 0xd656,
  0xd677, 0xd656, 0xd656, 0xd656, 0xd656, 0xd656, 0xd656, 0xd656, 0xd656, 0xd656, 0xd656, 0xd656, 0xd656, 0xd656, 0xd656, 0xd656, 0xd656, 0xd656, 0xd656, 0xd656,
  0xd656, 0xd677, 0xd677, 0xd656, 0xd656, 0xd677, 0xd656, 0xd656, 0xd656, 0xd656, 0xd656, 0xd656, 0xd656, 0xd656, 0xd656, 0xd656, 0xd677, 0xd677, 0xd656, 0xd677,
  0xd656, 0xd656, 0xd656, 0xd656, 0xd656, 0xd656, 0xd656, 0xd656, 0xd656, 0xd656, 0xd656, 0xd656, 0xd656, 0xd656, 0xd677, 0xd656, 0xe6d8, 0x8c2e, 0x630b, 0xf75a,
  0xe6b8, 0xe6d8, 0xe6d8, 0xe6d8, 0xe6d8, 0xe6d8, 0xe6d8, 0xe6d8, 0xe6d8, 0xe6d8, 0xe6d8, 0xe6b8, 0xe6b8, 0xe6b8, 0xe6d8, 0xe6d8, 0xe6d8, 0xe6d8, 0xe6d8, 0xe6d8,
  0xe6d8, 0xe6d8, 0xe6d8, 0xe6b8, 0xf77a, 0x7bcd, 0x738c, 0xe6d8, 0xe6d8, 0x83cd, 0x83ee, 0xf75a, 0xe6b8, 0xe6d8, 0xe6d8, 0xe6d8, 0xe6d8, 0xe6d8, 0xe6b8, 0xe6d8,
  0xe6d8, 0xe6d8, 0xe6b8, 0xe6b8, 0xe6b8, 0xe6b8, 0xe6d8, 0xe6d8, 0xe6b8, 0xe6b8, 0xe6d8, 0xe6d8, 0xe6d8, 0xe6d8, 0xe6d8, 0xdeb8, 0xf75a, 0x7bad, 0x736c, 0xe6d8,
  0xe6d8, 0x83cd, 0x736c, 0xf77a, 0xe6b8, 0xe6d8, 0xe6d8, 0xe6d8, 0xe6d8, 0xe6d8, 0xe6d8, 0xe6d8, 0xe6d8, 0xe6d8, 0xe6d8, 0xe6d8, 0xe6b8, 0xe6b8, 0xe6d8, 0xe6d8,
  0xe6d8, 0xe6b8, 0xe6d8, 0xe6d8, 0xe6d8, 0xe6d8, 0xe6d8, 0xe6b8, 0xf75a, 0x8c4f, 0x6b2b, 0xe6d8, 0xe6d8, 0x7bad, 0x738d, 0xf77a, 0xe6b8, 0xe6d8, 0xe6d8, 0xe6d8,
  0xe6d8, 0xe6d8, 0xe6d8, 0xe6d8, 0xe6d8, 0xe6d8, 0xe6b8, 0xe6b8, 0xe6b8, 0xe6b8, 0xe6d8, 0xe6d8, 0xe6d8, 0xe6d8, 0xe6d8, 0xe6d8, 0xe6d8, 0xe6d8, 0xe6d8, 0xe6b8,
  0xf77b, 0x6b4c, 0x840e, 0xe6d8, 0xd656, 0xd656, 0xd656, 0xd656, 0xd656, 0xd656, 0xd656, 0xd656, 0xd656, 0xd656, 0xd656, 0xd656, 0xd656, 0xd677, 0xd656, 0xd656,
  0xd677, 0xd677, 0xd677, 0xd677, 0xd677, 0xd677, 0xd677, 0xd677, 0xd677, 0xd677, 0xd656, 0xd656, 0xd656, 0xd656, 0xd656, 0xd656, 0xd656, 0xd656, 0xd656, 0xd656,
  0xd656, 0xd656, 0xd656, 0xd656, 0xd656, 0xd656, 0xd656, 0xd656, 0xd656, 0xd656, 0xd677, 0xd677, 0xd677, 0xd656, 0xd677, 0xd677, 0xd656, 0xd656, 0xd656, 0xd656,
  0xd656, 0xd677, 0xd677, 0xd677, 0xd677, 0xd677, 0xd677, 0xd677, 0xd677, 0xd677, 0xd677, 0xd656, 0xd656, 0xd677, 0xd656, 0xd656, 0xd656, 0xd656, 0xd656, 0xd676,
  0xd656, 0xd656, 0xd656, 0xd656, 0xd656, 0xd656, 0xd656, 0xd656, 0xd656, 0xd656, 0xd656, 0xd656, 0xd656, 0xd656, 0xd656, 0xd677, 0xd677, 0xd677, 0xd656, 0xd656,
  0xd677, 0xd656, 0xd656, 0xd656, 0xd656, 0xd656, 0xd656, 0xd656, 0xd656, 0xd656, 0xd656, 0xd656, 0xd656, 0xd656, 0xd656, 0xd656, 0xd656, 0xd656, 0xd656, 0xd656,
  0xd656, 0xd677, 0xd677, 0xd656, 0xd656, 0xd677, 0xd656, 0xd656, 0xd656, 0xd656, 0xd656, 0xd656, 0xd656, 0xd656, 0xd656, 0xd656, 0xd677, 0xd677, 0xd656, 0xd656,
  0xd677, 0xd656, 0xd656, 0xd656, 0xd656, 0xd656, 0xd656, 0xd656, 0xd656, 0xd656, 0xd656, 0xd656, 0xd656, 0xd656, 0xd677, 0xd656, 0xe6f8, 0x840e, 0x630b, 0xf75a,
  0xe6b8, 0xe6d8, 0xe6d8, 0xe6d8, 0xe6d8, 0xe6d8, 0xe6d8, 0xe6d8, 0xe6b8, 0xe6b8, 0xef1a, 0xf73a, 0xef3a, 0xef19, 0xe6d8, 0xe6d8, 0xe6d8, 0xe6d8, 0xe6d8, 0xe6d8,
  0xe6d8, 0xe6d8, 0xe6d8, 0xe6b8, 0xf77a, 0x7bcd, 0x738c, 0xe6d8, 0xe6d8, 0x83cd, 0x83ee, 0xf75a, 0xe6b8, 0xe6d8, 0xe6d8, 0xe6d8, 0xe6d8, 0xe6d8, 0xe6d8, 0xe6d8,
  0xe6d8, 0xe6d8, 0xf73a, 0xf73a, 0xef19, 0xeef9, 0xe6b8, 0xe6b8, 0xe6d8, 0xe6d8, 0xe6d8, 0xe6d8, 0xe6d8, 0xe6d8, 0xe6d8, 0xdeb8, 0xf75a, 0x7bad, 0x736c, 0xe6d8,
  0xe6d8, 0x83cd, 0x736c, 0xf77a, 0xe6b8, 0xe6d8, 0xe6d8, 0xe6d8, 0xe6d8, 0xe6d8, 0xe6d8, 0xe6d8, 0xe6d8, 0xe6d8, 0xef19, 0xef3a, 0xf73a, 0xef39, 0xe6d8, 0xe6d8,
  0xe6d8, 0xe6d8, 0xe6d8, 0xe6d8, 0xe6d8, 0xe6d8, 0xe6d8, 0xe6b8, 0xf75a, 0x8c4f, 0x6b2b, 0xe6d8, 0xe6d8, 0x7bad, 0x738d, 0xf77a, 0xe6b8, 0xe6d8, 0xe6d8, 0xe6d8,
  0xe6d8, 0xe6d8, 0xe6d8, 0xe6d8, 0xe6d8, 0xe6d8, 0xef3a, 0xef3a, 0xef19, 0xeef8, 0xe6d8, 0xe6d9, 0xe6d8, 0xe6d8, 0xe6d8, 0xe6d8, 0xe6d8, 0xe6d8, 0xe6d8, 0xe6b8,
  0xf77b, 0x6b4c, 0x840e, 0xe6d8, 0xd656, 0xd656, 0xd656, 0xd656, 0xd656, 0xd656, 0xd656, 0xd656, 0xd656, 0xd656, 0xd656, 0xd656, 0xd656, 0xd677, 0xd656, 0xd656,
  0xd677, 0xd677, 0xd677, 0xd656, 0xd656, 0xd677, 0xd677, 0xd677, 0xd677, 0xd677, 0xd656, 0xd656, 0xd656, 0xd656, 0xd656, 0xd656, 0xd656, 0xd656, 0xd656, 0xd656,
  0xd677, 0xd656, 0xd656, 0xd677, 0xd677, 0xd677, 0xd677, 0xd677, 0xd656, 0xd656, 0xd677, 0xd677, 0xd677, 0xd656, 0xd677, 0xd677, 0xd656, 0xd656, 0xd656, 0xd656,
  0xd656, 0xd677, 0xd677, 0xd677, 0xd656, 0xd677, 0xd677, 0xd677, 0xd677, 0xd677, 0xd677, 0xd677, 0xd677, 0xd677, 0xd656, 0xd656, 0xd656, 0xd656, 0xd656, 0xd676,
  0xd656, 0xd656, 0xd656, 0xd656, 0xd656, 0xd656, 0xd656, 0xd656, 0xd656, 0xd656, 0xd656, 0xd656, 0xd677, 0xd677, 0xd677, 0xd656, 0xd656, 0xd677, 0xd677, 0xd677,
  0xd677, 0xd656, 0xd656, 0xd656, 0xd656, 0xd656, 0xd656, 0xd656, 0xd656, 0xd656, 0xd656, 0xd656, 0xd656, 0xd656, 0xd656, 0xd656, 0xd656, 0xd656, 0xd656, 0xd656,
  0xd656, 0xd677, 0xd677, 0xd677, 0xd677, 0xd656, 0xd656, 0xd656, 0xd656, 0xd656, 0xd656, 0xd656, 0xd656, 0xd656, 0xd656, 0xd656, 0xd656, 0xd656, 0xd677, 0xd677,
  0xd656, 0xd656, 0xd656, 0xd656, 0xd656, 0xd656, 0xd656, 0xd656, 0xd656, 0xd656, 0xd656, 0xd656, 0xd656, 0xd656, 0xd677, 0xd656, 0xe6d8, 0x840e, 0x6b0b, 0xf75a,
  0xe6b8, 0xe6d8, 0xe6d8, 0xe6d8, 0xe6d8, 0xe6d8, 0xe6d8, 0xe6d8, 0xe6d8, 0xef19, 0x6b4b, 0x4a48, 0x5248, 0x5a89, 0xdeb7, 0xe6f8, 0xe6d8, 0xe6d8, 0xe6d8, 0xe6d8,
  0xe6d8, 0xe6d8, 0xe6d8, 0xe6b8, 0xf77a, 0x7bcd, 0x738c, 0xe6d8, 0xe6d8, 0x83cd, 0x83ee, 0xf75a, 0xe6b8, 0xe6d8, 0xe6d8, 0xe6d8, 0xe6d8, 0xe6d8, 0xe6d8, 0xe6d8,
  0xeef8, 0xeef9, 0x62ea, 0x5268, 0x5248, 0x5aa9, 0xe6d8, 0xeef8, 0xe6b8, 0xe6d8, 0xe6d8, 0xe6d8, 0xe6d8, 0xe6d8, 0xe6d8, 0xdeb8, 0xf75a, 0x7bad, 0x736c, 0xe6b8,
  0xe6b8, 0x7bcd, 0x736c, 0xf77a, 0xe6b8, 0xe6d8, 0xe6d8, 0xe6d8, 0xe6d8, 0xe6d8, 0xe6d8, 0xe6d8, 0xe6f8, 0xef19, 0x62ea, 0x4227, 0x4a28, 0x6b2b, 0xef19, 0xeef8,
  0xe6d8, 0xe6d8, 0xe6d8, 0xe6d8, 0xe6d8, 0xe6d8, 0xe6d8, 0xe6b8, 0xf75a, 0x944f, 0x6b4b, 0xe6f8, 0xe6d8, 0x7bad, 0x7b8d, 0xf77a, 0xe6b8, 0xe6d8, 0xe6d8, 0xe6d8,
  0xe6d8, 0xe6d8, 0xe6d8, 0xe6d8, 0xeef9, 0xe6d9, 0x5aca, 0x5269, 0x4a07, 0x62ea, 0xef1a, 0xeef9, 0xe6d8, 0xe6d8, 0xe6d8, 0xe6d8, 0xe6d8, 0xe6d8, 0xe6d8, 0xe6b8,
  0xff7b, 0x6b4c, 0x83ee, 0xe6d8, 0xd636, 0xd656, 0xd656, 0xd656, 0xd656, 0xd656, 0xd656, 0xd656, 0xd656, 0xd656, 0xd656, 0xd677, 0xd677, 0xd677, 0xd677, 0xd677,
  0xd677, 0xd677, 0xd677, 0xd677, 0xd677, 0xd677, 0xd677, 0xd677, 0xd677, 0xd677, 0xd677, 0xd677, 0xd677, 0xd656, 0xd656, 0xd656, 0xd656, 0xd656, 0xd656, 0xd656,
  0xd677, 0xd677, 0xd677, 0xd677, 0xd677, 0xd677, 0xd677, 0xd677, 0xd677, 0xd677, 0xd656, 0xd656, 0xd656, 0xd677, 0xd677, 0xd677, 0xd677, 0xd677, 0xd656, 0xd656,
  0xd656, 0xd656, 0xd656, 0xd677, 0xd677, 0xd677, 0xd677, 0xd677, 0xd677, 0xd677, 0xd677, 0xd677, 0xd677, 0xd677, 0xd656, 0xd656, 0xd656, 0xd656, 0xd656, 0xd656,
  0xd656, 0xd656, 0xd656, 0xd656, 0xd656, 0xd656, 0xd656, 0xd656, 0xd656, 0xd656, 0xd656, 0xd656, 0xd677, 0xd677, 0xd677, 0xd656, 0xd656, 0xd677, 0xd677, 0xd677,
  0xd677, 0xd656, 0xd656, 0xd656, 0xd656, 0xd656, 0xd656, 0xd656, 0xd656, 0xd656, 0xd656, 0xd656, 0xd656, 0xd656, 0xd656, 0xd656, 0xd656, 0xd656, 0xd656, 0xd677,
  0xd656, 0xd677, 0xd677, 0xd677, 0xd677, 0xd656, 0xd656, 0xd656, 0xd656, 0xd656, 0xd656, 0xd656, 0xd656, 0xd656, 0xd656, 0xd656, 0xd656, 0xd656, 0xd677, 0xd677,
  0xd656, 0xd656, 0xd656, 0xd656, 0xd656, 0xd656, 0xd656, 0xd656, 0xd656, 0xd656, 0xd656, 0xd656, 0xd656, 0xd656, 0xd656, 0xd656, 0xe6d8, 0x840e, 0x6b2b, 0xf75a,
  0xe6b8, 0xe6d8, 0xe6d8, 0xe6d8, 0xe6d8, 0xe6d8, 0xe6d8, 0xe6f9, 0xdeb8, 0x62ca, 0x9cd1, 0xc5d5, 0xbdb4, 0xa4d1, 0x5a89, 0xde97, 0xeef9, 0xe6d8, 0xe6d8, 0xe6d8,
  0xe6d8, 0xe6d8, 0xe6d8, 0xe6b8, 0xf77a, 0x7bcd, 0x738c, 0xe6d8, 0xe6d8, 0x83cd, 0x83ee, 0xf75a, 0xe6b8, 0xe6d8, 0xe6d8, 0xe6d8, 0xe6d8, 0xe6d8, 0xe6d8, 0xeef9,
  0xd657, 0x4a48, 0x10a2, 0x18c3, 0x18c3, 0x18c2, 0x4a48, 0xd657, 0xef19, 0xe6d8, 0xe6d8, 0xe6d8, 0xe6d8, 0xe6d8, 0xe6d8, 0xdeb8, 0xf75a, 0x7bad, 0x736c, 0xe6b8,
  0xe6b8, 0x7bcd, 0x736d, 0xf77a, 0xe6b8, 0xe6d8, 0xe6d8, 0xe6d8, 0xe6d8, 0xe6d8, 0xe6d8, 0xeef9, 0xde97, 0x5a89, 0x9cb1, 0xbd93, 0xbd94, 0x9c90, 0x630a, 0xe6d9,
  0xe6d8, 0xe6d8, 0xe6d8, 0xe6d8, 0xe6d8, 0xe6d8, 0xe6d8, 0xe6b8, 0xf75a, 0x944f, 0x6b4b, 0xe6f8, 0xe6f8, 0x7bcd, 0x7b8d, 0xf77a, 0xe6b8, 0xe6d8, 0xe6d8, 0xe6d8,
  0xe6d8, 0xe6d8, 0xe6d8, 0xeef8, 0xd677, 0x5289, 0x10a2, 0x10a3, 0x10a2, 0x10a3, 0x5aa9, 0xde97, 0xe6f9, 0xe6d8, 0xe6d8, 0xe6d8, 0xe6d8, 0xe6d8, 0xe6d8, 0xe6b8,
  0xff7b, 0x6b4c, 0x83ee, 0xe6d8, 0xd656, 0xd656, 0xd656, 0xd656, 0xd656, 0xd656, 0xd656, 0xd656, 0xd656, 0xd656, 0xd656, 0xd677, 0xd677, 0xd677, 0xd677, 0xd677,
  0xd677, 0xd677, 0xd677, 0xd677, 0xd677, 0xd677, 0xd677, 0xd677, 0xd677, 0xd677, 0xd677, 0xd677, 0xd677, 0xd656, 0xd656, 0xd656, 0xd656, 0xd656, 0xd656, 0xd656,
  0xd677, 0xd677, 0xd677, 0xd677, 0xd677, 0xd677, 0xd677, 0xd677, 0xd677, 0xd677, 0xd656, 0xd656, 0xd656, 0xd677, 0xd677, 0xd677, 0xd677, 0xd677, 0xd656, 0xd656,
  0xd656, 0xd656, 0xd656, 0xd677, 0xd677, 0xd677, 0xd677, 0xd677, 0xd677, 0xd677, 0xd677, 0xd677, 0xd677, 0xd677, 0xd656, 0xd656, 0xd656, 0xd656, 0xd656, 0xd656,
  0xd656, 0xd656, 0xd656, 0xd656, 0xd656, 0xd656, 0xd656, 0xd677, 0xd677, 0xd677, 0xd677, 0xd677, 0xd656, 0xd677, 0xd677, 0xd677, 0xd677, 0xd656, 0xd656, 0xd656,
  0xd656, 0xd656, 0xd656, 0xd656, 0xd656, 0xd656, 0xd656, 0xd656, 0xd656, 0xd656, 0xd656, 0xd656, 0xd656, 0xd656, 0xd656, 0xd656, 0xd656, 0xd656, 0xd656, 0xd677,
  0xd677, 0xd677, 0xd677, 0xd677, 0xd656, 0xd656, 0xd656, 0xd656, 0xd677, 0xd677, 0xd656, 0xd656, 0xd656, 0xd656, 0xd656, 0xd677, 0xd677, 0xd677, 0xd677, 0xd677,
  0xd656, 0xd677, 0xd677, 0xd656, 0xd656, 0xd656, 0xd656, 0xd656, 0xd656, 0xd656, 0xd656, 0xd656, 0xd656, 0xd656, 0xd677, 0xd656, 0xe6d8, 0x8c0e, 0x6b2b, 0xf75a,
  0xe6b8, 0xe6d8, 0xe6d8, 0xe6d8, 0xe6d8, 0xe6d8, 0xe6b8, 0xe6d8, 0x736c, 0x8c4f, 0xf73a, 0xef39, 0xef39, 0xf759, 0xad32, 0x734c, 0xe6d8, 0xe6d8, 0xe6d8, 0xe6d8,
  0xe6d8, 0xe6d8, 0xe6d8, 0xe6b8, 0xf77a, 0x7bcd, 0x736c, 0xe6d8, 0xe6d8, 0x83cd, 0x83ee, 0xf77a, 0xe6b8, 0xe6d8, 0xe6d8, 0xe6d8, 0xe6d8, 0xe6d8, 0xe6d8, 0xe6d8,
  0x5289, 0x0020, 0x2124, 0x2124, 0x2124, 0x2945, 0x0861, 0x5289, 0xe6f9, 0xe6d8, 0xe6d8, 0xe6d8, 0xe6d8, 0xe6d8, 0xe6d8, 0xdeb8, 0xf75a, 0x7bad, 0x736c, 0xe6b8,
  0xe6b7, 0x83cd, 0x738d, 0xf77a, 0xe6b8, 0xe6d8, 0xe6d8, 0xe6d8, 0xe6d8, 0xe6d8, 0xe6d8, 0xe6d8, 0x6b4b, 0xa512, 0xf73a, 0xef19, 0xef19, 0xf75a, 0x9470, 0x734c,
  0xe6f8, 0xe6b8, 0xe6d8, 0xe6d8, 0xe6d8, 0xe6d8, 0xe6d8, 0xe6b8, 0xf75a, 0x944f, 0x6b2b, 0xe6d8, 0xe6f8, 0x7bcd, 0x7b8d, 0xf77a, 0xe6b8, 0xe6d8, 0xe6d8, 0xe6d8,
  0xe6d8, 0xe6d8, 0xe6b8, 0xeef9, 0x5aea, 0x0861, 0x2945, 0x2124, 0x2124, 0x2945, 0x0862, 0x632b, 0xe6f8, 0xe6b8, 0xe6d8, 0xe6d8, 0xe6d8, 0xe6d8, 0xe6d9, 0xe6b8,
  0xff7b, 0x6b4c, 0x83ee, 0xe6d8, 0xd656, 0xd656, 0xd656, 0xd656, 0xd656, 0xd656, 0xd656, 0xd656, 0xd677, 0xd677, 0xd677, 0xd677, 0xd677, 0xd677, 0xd656, 0xd677,
  0xd677, 0xd677, 0xd677, 0xd677, 0xd677, 0xd677, 0xd656, 0xd677, 0xd677, 0xd677, 0xd677, 0xd677, 0xd677, 0xd677, 0xd677, 0xd677, 0xd677, 0xd677, 0xd677, 0xd677,
  0xd677, 0xd677, 0xd677, 0xd677, 0xd677, 0xd677, 0xd677, 0xd677, 0xd677, 0xd677, 0xd677, 0xd677, 0xd677, 0xd677, 0xd677, 0xd677, 0xd677, 0xd677, 0xd677, 0xd677,
  0xd677, 0xd677, 0xd677, 0xd677, 0xd677, 0xd677, 0xd677, 0xd677, 0xd677, 0xd677, 0xd677, 0xd677, 0xd677, 0xd677, 0xd656, 0xd656, 0xd656, 0xd656, 0xd656, 0xd656,
  0xd656, 0xd656, 0xd656, 0xd656, 0xd656, 0xd656, 0xd656, 0xd677, 0xd677, 0xd677, 0xd677, 0xd677, 0xd677, 0xd677, 0xd677, 0xd656, 0xd656, 0xd677, 0xd656, 0xd656,
  0xd656, 0xd656, 0xd656, 0xd677, 0xd677, 0xd656, 0xd656, 0xd656, 0xd656, 0xd656, 0xd656, 0xd656, 0xd656, 0xd656, 0xd656, 0xd656, 0xd656, 0xd656, 0xd656, 0xd656,
  0xd677, 0xd677, 0xd677, 0xd677, 0xd677, 0xd656, 0xd656, 0xd656, 0xd656, 0xd656, 0xd656, 0xd656, 0xd656, 0xd656, 0xd656, 0xd677, 0xd677, 0xd677, 0xd656, 0xd656,
  0xd677, 0xd656, 0xd656, 0xd656, 0xd656, 0xd656, 0xd656, 0xd656, 0xd656, 0xd656, 0xd656, 0xd656, 0xd656, 0xd656, 0xd677, 0xd656, 0xe6d8, 0x8c2e, 0x6b2b, 0xf75a,
  0xe6b8, 0xe6d8, 0xe6d8, 0xe6d8, 0xe6d8, 0xe6b8, 0xf75a, 0x6b2b, 0x944f, 0xf75a, 0xe6b8, 0xe6d8, 0xe6d9, 0xe6f9, 0xf77b, 0x9cb0, 0x6b4b, 0xf75a, 0xe6b8, 0xe6d8,
  0xe6d8, 0xe6d8, 0xe6f8, 0xe6b8, 0xf77a, 0x7bcd, 0x736c, 0xe6d8, 0xe6d8, 0x83cd, 0x83ee, 0xf77a, 0xe6b8, 0xe6d8, 0xe6d8, 0xe6d8, 0xe6d8, 0xe6b8, 0xf73a, 0x6b2b,
  0x0882, 0x2924, 0x2124, 0x2124, 0x2124, 0x2124, 0x2945, 0x1082, 0x6b4b, 0xef39, 0xe6b8, 0xe6d8, 0xe6d8, 0xe6d8, 0xe6d8, 0xdeb8, 0xf75a, 0x7bad, 0x736c, 0xe6d8,
  0xe6d8, 0x83cd, 0x738d, 0xf77a, 0xe6b8, 0xe6d8, 0xe6d8, 0xe6d8, 0xe6d8, 0xe6d8, 0xf73a, 0x630a, 0x9cb1, 0xf77a, 0xe6d8, 0xe6b8, 0xe6d8, 0xe6d8, 0xf75a, 0x8c0e,
  0x7b8c, 0xf75a, 0xe6b8, 0xe6d8, 0xe6d8, 0xe6d8, 0xe6d8, 0xe6b8, 0xf75a, 0x944f, 0x6b2b, 0xe6d8, 0xe6d8, 0x7bcd, 0x7b8d, 0xf75a, 0xe6b8, 0xe6d8, 0xe6d8, 0xe6d8,
  0xe6d8, 0xe6b8, 0xf739, 0x736c, 0x10a3, 0x2925, 0x2104, 0x2104, 0x2104, 0x2124, 0x2125, 0x0861, 0x83ee, 0xf73a, 0xe6b8, 0xe6d8, 0xe6d8, 0xe6d8, 0xe6d8, 0xe6b8,
  0xff7b, 0x6b4b, 0x83ee, 0xe6d8, 0xd636, 0xd656, 0xd656, 0xd656, 0xd656, 0xd656, 0xd656, 0xd656, 0xd677, 0xd677, 0xd677, 0xd677, 0xd677, 0xd677, 0xd677, 0xd677,
  0xd677, 0xd677, 0xd656, 0xd677, 0xd677, 0xd656, 0xd677, 0xd677, 0xd677, 0xd677, 0xd677, 0xd677, 0xd677, 0xd656, 0xd677, 0xd677, 0xd677, 0xd677, 0xd677, 0xd677,
  0xd677, 0xd677, 0xd677, 0xd677, 0xd677, 0xde77, 0xd677, 0xd677, 0xd677, 0xd677, 0xd656, 0xd677, 0xd677, 0xd677, 0xd677, 0xd677, 0xd677, 0xd677, 0xd677, 0xd677,
  0xd677, 0xd677, 0xd677, 0xd677, 0xd677, 0xd677, 0xd677, 0xd677, 0xd677, 0xd677, 0xd656, 0xd677, 0xd677, 0xd677, 0xd677, 0xd677, 0xd656, 0xd656, 0xd656, 0xd656,
  0xd656, 0xd656, 0xd656, 0xd656, 0xd656, 0xd656, 0xd656, 0xd677, 0xd677, 0xd677, 0xd677, 0xd677, 0xd677, 0xd677, 0xd677, 0xd656, 0xd656, 0xd677, 0xd656, 0xd656,
  0xd656, 0xd656, 0xd656, 0xd677, 0xd677, 0xd656, 0xd656, 0xd656, 0xd656, 0xd656, 0xd656, 0xd656, 0xd656, 0xd656, 0xd656, 0xd656, 0xd656, 0xd656, 0xd656, 0xd656,
  0xd677, 0xd677, 0xd677, 0xd677, 0xd677, 0xd656, 0xd656, 0xd656, 0xd656, 0xd656, 0xd656, 0xd656, 0xd656, 0xd656, 0xd656, 0xd677, 0xd677, 0xd677, 0xd677, 0xd677,
  0xd677, 0xd656, 0xd656, 0xd656, 0xd656, 0xd656, 0xd656, 0xd656, 0xd656, 0xd656, 0xd656, 0xd656, 0xd656, 0xd656, 0xd656, 0xd656, 0xe6d8, 0x8c2e, 0x6b2b, 0xf75a,
  0xe6b8, 0xe6d8, 0xe6d8, 0xe6d8, 0xe6d8, 0xe6d8, 0xff9b, 0x62eb, 0x9cb1, 0xf75a, 0xe6d8, 0xe6d8, 0xe6d9, 0xe6d8, 0xf77a, 0xa512, 0x630a, 0xf77a, 0xe6b8, 0xe6d8,
  0xe6d8, 0xe6d8, 0xe6f8, 0xe6b8, 0xf77a, 0x7bcd, 0x736c, 0xe6d8, 0xe6b8, 0x83cd, 0x83ee, 0xf77a, 0xe6b8, 0xe6d8, 0xe6d8, 0xe6d8, 0xe6d8, 0xe6b8, 0xf75a, 0x630b,
  0x10c3, 0x2944, 0x2124, 0x2124, 0x2124, 0x2124, 0x2945, 0x10a2, 0x62ea, 0xf73a, 0xe6b8, 0xe6d8, 0xe6d8, 0xe6d8, 0xe6d8, 0xe6b8, 0xf75a, 0x7bcd, 0x738c, 0xe6d8,
  0xe6d8, 0x83cd, 0x736d, 0xf77a, 0xe6b8, 0xe6d8, 0xe6d8, 0xe6d8, 0xe6d8, 0xe6b8, 0xf75a, 0x5289, 0xad12, 0xef19, 0xe6b7, 0xe6d8, 0xe6d8, 0xe6b8, 0xf75a, 0x9490,
  0x734c, 0xff7b, 0xe6b8, 0xe6d8, 0xe6d8, 0xe6d8, 0xe6d8, 0xe6b8, 0xf75a, 0x944f, 0x6b2b, 0xe6d8, 0xe6d8, 0x7bcd, 0x738d, 0xf75a, 0xe6b8, 0xe6d8, 0xe6d8, 0xe6d8,
  0xe6d8, 0xe6b8, 0xf75a, 0x6b4b, 0x10c3, 0x2924, 0x2124, 0x2124, 0x2104, 0x2104, 0x2944, 0x1082, 0x73ad, 0xf75a, 0xe6d8, 0xe6d8, 0xe6d8, 0xe6d8, 0xe6d8, 0xe6b8,
  0xff7b, 0x6b4c, 0x83ee, 0xe6d8, 0xd636, 0xd656, 0xd656, 0xd656, 0xd656, 0xd656, 0xd656, 0xd656, 0xd677, 0xd677, 0xd677, 0xd677, 0xd677, 0xd677, 0xd677, 0xd677,
  0xd677, 0xd677, 0xd656, 0xd677, 0xd677, 0xd656, 0xd677, 0xd677, 0xd677, 0xd677, 0xd656, 0xd677, 0xd677, 0xd677, 0xd656, 0xd677, 0xd677, 0xd677, 0xd677, 0xd677,
  0xd677, 0xd677, 0xd677, 0xd677, 0xd677, 0xde77, 0xd677, 0xd677, 0xd677, 0xd677, 0xd656, 0xd677, 0xd677, 0xd677, 0xd677, 0xd677, 0xd677, 0xd677, 0xd677, 0xd677,
  0xd677, 0xd677, 0xd677, 0xd677, 0xd677, 0xd677, 0xd677, 0xd677, 0xd677, 0xd677, 0xd656, 0xd677, 0xd677, 0xd677, 0xd677, 0xd677, 0xd656, 0xd656, 0xd656, 0xd656,
  0xd656, 0xd656, 0xd656, 0xd656, 0xd656, 0xd656, 0xd656, 0xd677, 0xd677, 0xd677, 0xd677, 0xd677, 0xd677, 0xd677, 0xd677, 0xd656, 0xd656, 0xd656, 0xd656, 0xd656,
  0xd677, 0xd656, 0xd656, 0xd656, 0xd656, 0xd656, 0xd656, 0xd656, 0xd656, 0xd656, 0xd656, 0xd656, 0xd656, 0xd656, 0xd656, 0xd656, 0xd656, 0xd656, 0xd656, 0xd656,
  0xd677, 0xd677, 0xd677, 0xd656, 0xd656, 0xd656, 0xd656, 0xd656, 0xd656, 0xd656, 0xd656, 0xd656, 0xd656, 0xd656, 0xd656, 0xd677, 0xd677, 0xd677, 0xd677, 0xd677,
  0xd677, 0xd656, 0xd656, 0xd677, 0xd656, 0xd656, 0xd656, 0xd656, 0xd656, 0xd656, 0xd656, 0xd656, 0xd656, 0xd656, 0xd677, 0xd656, 0xe6d8, 0x8c2e, 0x6b2b, 0xf75a,
  0xe6b8, 0xe6d8, 0xe6d8, 0xe6d8, 0xe6d8, 0xe6d8, 0xff9b, 0x62eb, 0x9c91, 0xf75a, 0xe6b8, 0xe6d8, 0xe6d8, 0xe6d8, 0xf75a, 0xa4f1, 0x62ca, 0xf77a, 0xe6d8, 0xe6d8,
  0xe6d8, 0xe6d8, 0xe6d8, 0xe6d8, 0xff7a, 0x7bcd, 0x736c, 0xe6d8, 0xe6d8, 0x83cd, 0x7bee, 0xf77a, 0xe6b8, 0xe6d8, 0xe6d8, 0xe6d8, 0xe6d8, 0xe6b8, 0xf75a, 0x5aea,
  0x10a3, 0x2924, 0x2104, 0x2104, 0x2104, 0x2104, 0x2945, 0x10a2, 0x62ea, 0xf73a, 0xe6b8, 0xe6d8, 0xe6d8, 0xe6d8, 0xe6d8, 0xdeb8, 0xf75a, 0x7bcd, 0x738c, 0xe6d8,
  0xe6d8, 0x83ce, 0x736c, 0xf77a, 0xe6b8, 0xe6d8, 0xe6d8, 0xe6d8, 0xe6d8, 0xe6b8, 0xf75a, 0x5289, 0xad32, 0xf73a, 0xe6b8, 0xe6d8, 0xe6d8, 0xe6b8, 0xf75a, 0x9490,
  0x6b4c, 0xff7b, 0xe6b8, 0xe6d8, 0xe6d8, 0xe6d8, 0xe6d8, 0xe6b8, 0xf75a, 0x944f, 0x6b2b, 0xe6d8, 0xe6d8, 0x7bad, 0x738d, 0xf75a, 0xe6b8, 0xe6d8, 0xe6d8, 0xe6d8,
  0xe6d8, 0xe6b8, 0xf73a, 0x6b4b, 0x10c3, 0x2924, 0x2124, 0x2124, 0x2124, 0x2124, 0x2945, 0x10a3, 0x73ad, 0xf75a, 0xdeb8, 0xe6d8, 0xe6d8, 0xe6d8, 0xe6d8, 0xe6b8,
  0xff7b, 0x734c, 0x840e, 0xe6d8, 0xd636, 0xd656, 0xd656, 0xd656, 0xd656, 0xd656, 0xd656, 0xd656, 0xd677, 0xd656, 0xd656, 0xd677, 0xd677, 0xd677, 0xd656, 0xd656,
  0xd656, 0xd656, 0xd656, 0xd656, 0xd656, 0xd656, 0xd656, 0xd656, 0xd656, 0xd656, 0xd677, 0xd656, 0xd656, 0xd677, 0xd677, 0xd677, 0xd677, 0xd677, 0xd677, 0xde77,
  0xde77, 0xde77, 0xde77, 0xde77, 0xde77, 0xde77, 0xd677, 0xd677, 0xd677, 0xd677, 0xd677, 0xd677, 0xd677, 0xd677, 0xd677, 0xd677, 0xd677, 0xd677, 0xd656, 0xd656,
  0xd656, 0xd677, 0xd677, 0xd677, 0xd677, 0xd677, 0xd656, 0xd677, 0xd677, 0xd677, 0xd677, 0xd677, 0xd677, 0xd677, 0xd677, 0xd677, 0xd677, 0xd677, 0xd677, 0xd677,
  0xd656, 0xd656, 0xd656, 0xd656, 0xd656, 0xd656, 0xd656, 0xd677, 0xd677, 0xd677, 0xd677, 0xd677, 0xd677, 0xd677, 0xd656, 0xd656, 0xd656, 0xd656, 0xd656, 0xd656,
  0xd677, 0xd656, 0xd656, 0xd656, 0xd656, 0xd656, 0xd656, 0xd656, 0xd656, 0xd656, 0xd656, 0xd656, 0xd656, 0xd656, 0xd656, 0xd656, 0xd656, 0xd656, 0xd656, 0xd656,
  0xd677, 0xd677, 0xd677, 0xd656, 0xd656, 0xd656, 0xd656, 0xd656, 0xd656, 0xd656, 0xd656, 0xd656, 0xd656, 0xd656, 0xd656, 0xd677, 0xd677, 0xd677, 0xd677, 0xd677,
  0xd677, 0xd656, 0xd656, 0xd677, 0xd656, 0xd656, 0xd656, 0xd656, 0xd656, 0xd656, 0xd656, 0xd656, 0xd656, 0xd656, 0xd677, 0xd656, 0xe6d8, 0x8c0e, 0x6b2b, 0xf75a,
  0xe6b8, 0xe6d8, 0xe6d8, 0xe6d8, 0xe6d8, 0xe6d8, 0xf75a, 0x734b, 0x840e, 0xef3a, 0xe6d8, 0xe6d8, 0xe6d8, 0xe6d8, 0xf77a, 0x8c2f, 0x6b2b, 0xf75a, 0xe6d8, 0xe6d8,
  0xe6d8, 0xe6d8, 0xe6d8, 0xe6d8, 0xff7a, 0x7bcd, 0x738c, 0xe6d8, 0xe6d8, 0x83cd, 0x83ee, 0xf77a, 0xe6b8, 0xe6d8, 0xe6d8, 0xe6d8, 0xe6d8, 0xe6d8, 0xf73a, 0x6b0b,
  0x1082, 0x2124, 0x2104, 0x2104, 0x2104, 0x2104, 0x2945, 0x10a2, 0x734c, 0xf73a, 0xe6b8, 0xe6d8, 0xe6d8, 0xe6d8, 0xe6d8, 0xe6b8, 0xf75a, 0x7bcd, 0x736c, 0xe6d8,
  0xe6d8, 0x83ce, 0x736c, 0xf77a, 0xe6b8, 0xe6d8, 0xe6d8, 0xe6d8, 0xe6d8, 0xe6d8, 0xf73a, 0x6b0b, 0xa4d2, 0xf75a, 0xe6d9, 0xe6b8, 0xe6b8, 0xe6d8, 0xf75a, 0x83ee,
  0x7bad, 0xf75a, 0xe6b8, 0xe6d8, 0xe6d8, 0xe6d8, 0xe6d8, 0xe6b8, 0xf75a, 0x944f, 0x6b2b, 0xe6d8, 0xe6d8, 0x7bad, 0x738d, 0xf77a, 0xe6b8, 0xe6d8, 0xe6d8, 0xe6d8,
  0xe6d8, 0xe6b8, 0xf73a, 0x7b8c, 0x10a2, 0x2124, 0x2124, 0x2124, 0x2124, 0x2124, 0x2144, 0x1082, 0x83ce, 0xf73a, 0xe6b8, 0xe6d8, 0xe6d8, 0xe6d8, 0xe6d8, 0xe6b8,
  0xf77a, 0x6b4c, 0x8c0e, 0xe6d8, 0xd656, 0xd656, 0xd656, 0xd656, 0xd656, 0xd656, 0xd656, 0xd656, 0xd677, 0xd656, 0xd656, 0xd677, 0xd677, 0xd677, 0xd677, 0xd677,
  0xd656, 0xd656, 0xd677, 0xd656, 0xd656, 0xd656, 0xd656, 0xd656, 0xd656, 0xd656, 0xd677, 0xd677, 0xd677, 0xd656, 0xd656, 0xd677, 0xd677, 0xd677, 0xd677, 0xde77,
  0xde77, 0xde77, 0xde77, 0xde77, 0xde77, 0xde77, 0xd677, 0xd677, 0xd677, 0xd677, 0xd677, 0xd677, 0xd677, 0xd677, 0xd677, 0xd677, 0xd677, 0xd677, 0xd677, 0xd677,
  0xd656, 0xd677, 0xd677, 0xd677, 0xd677, 0xd677, 0xd677, 0xd677, 0xd677, 0xd677, 0xd677, 0xd656, 0xd677, 0xd677, 0xd677, 0xd677, 0xd677, 0xd677, 0xd677, 0xd677,
  0xd656, 0xd656, 0xd656, 0xd656, 0xd656, 0xd656, 0xd656, 0xd656, 0xd677, 0xd677, 0xd677, 0xd677, 0xd677, 0xd656, 0xd656, 0xd656, 0xd656, 0xd656, 0xd677, 0xd677,
  0xd677, 0xd656, 0xd656, 0xd656, 0xd656, 0xd656, 0xd656, 0xd656, 0xd656, 0xd656, 0xd656, 0xd656, 0xd656, 0xd656, 0xd656, 0xd656, 0xd656, 0xd656, 0xd677, 0xd677,
  0xd677, 0xd677, 0xd677, 0xd677, 0xd677, 0xd656, 0xd656, 0xd656, 0xd656, 0xd656, 0xd656, 0xd656, 0xd656, 0xd677, 0xd677, 0xd677, 0xd677, 0xd677, 0xd677, 0xd677,
  0xd677, 0xd677, 0xd677, 0xd677, 0xd656, 0xd656, 0xd656, 0xd656, 0xd656, 0xd656, 0xd656, 0xd656, 0xd656, 0xd656, 0xd656, 0xd656, 0xe6d8, 0x8c0e, 0x6b2b, 0xff5a,
  0xe6b8, 0xe6d8, 0xe6d8, 0xe6d8, 0xe6d8, 0xe6d8, 0xe6b8, 0xeef9, 0x738c, 0x8c4f, 0xf75a, 0xf75a, 0xf75a, 0xf75a, 0xa4d1, 0x738c, 0xe6d9, 0xe6d8, 0xe6d8, 0xe6d8,
  0xe6d8, 0xe6d8, 0xe6d8, 0xe6b8, 0xf77a, 0x7bce, 0x738c, 0xe6d8, 0xe6d8, 0x83cd, 0x83ee, 0xff7a, 0xe6b8, 0xe6d8, 0xe6d8, 0xe6d8, 0xe6d8, 0xe6d8, 0xe6b8, 0xe6d8,
  0x5aca, 0x1082, 0x2945, 0x2945, 0x2144, 0x2124, 0x0841, 0x62ea, 0xe6f9, 0xe6d8, 0xe6d8, 0xe6d8, 0xe6d8, 0xe6d8, 0xe6d8, 0xe6b8, 0xf75a, 0x7bcd, 0x736c, 0xe6d8,
  0xe6d8, 0x83cd, 0x736c, 0xf77a, 0xe6b8, 0xe6d8, 0xe6d8, 0xe6d8, 0xe6d8, 0xe6d8, 0xe6d8, 0xef19, 0x6b2b, 0xa4d1, 0xf77b, 0xef39, 0xf739, 0xef39, 0x8c4f, 0x738c,
  0xeef9, 0xe6b8, 0xe6d8, 0xe6d8, 0xe6d8, 0xe6d8, 0xe6d8, 0xe6b8, 0xf75a, 0x9470, 0x6b2b, 0xe6d8, 0xe6d8, 0x7bad, 0x7b8d, 0xf77a, 0xe6b8, 0xe6d8, 0xe6d8, 0xe6d8,
  0xe6d8, 0xe6d8, 0xe6d8, 0xe6f9, 0x4a28, 0x0881, 0x2945, 0x2125, 0x2145, 0x2125, 0x0841, 0x6b2b, 0xe6f9, 0xe6d8, 0xe6d8, 0xe6d8, 0xe6d8, 0xe6d8, 0xe6d8, 0xe6b8,
  0xf77a, 0x6b4b, 0x8c0e, 0xe6d8, 0xd656, 0xd656, 0xd656, 0xd656, 0xd656, 0xd656, 0xd656, 0xd656, 0xd656, 0xd656, 0xd656, 0xd677, 0xd677, 0xd677, 0xd677, 0xd677,
  0xd677, 0xd677, 0xd656, 0xd677, 0xd677, 0xd656, 0xd656, 0xd656, 0xd677, 0xd677, 0xd656, 0xd677, 0xd677, 0xd677, 0xd677, 0xd677, 0xd677, 0xd677, 0xd677, 0xd677,
  0xd677, 0xd677, 0xd677, 0xde77, 0xde77, 0xd677, 0xd677, 0xd677, 0xd677, 0xd677, 0xd677, 0xd677, 0xd677, 0xd677, 0xd677, 0xd677, 0xd677, 0xd656, 0xd677, 0xd677,
  0xd677, 0xd677, 0xd677, 0xd677, 0xd677, 0xd677, 0xd677, 0xd677, 0xd677, 0xd677, 0xd677, 0xd677, 0xd677, 0xd677, 0xd677, 0xd677, 0xd677, 0xd677, 0xd677, 0xd677,
  0xd656, 0xd656, 0xd656, 0xd656, 0xd656, 0xd656, 0xd656, 0xd656, 0xd656, 0xd656, 0xd656, 0xd656, 0xd656, 0xd656, 0xd656, 0xd656, 0xd656, 0xd677, 0xd677, 0xd677,
  0xd656, 0xd656, 0xd656, 0xd656, 0xd656, 0xd656, 0xd656, 0xd656, 0xd656, 0xd656, 0xd656, 0xd656, 0xd656, 0xd656, 0xd656, 0xd656, 0xd656, 0xd656, 0xd677, 0xd677,
  0xd656, 0xd677, 0xd677, 0xd677, 0xd677, 0xd677, 0xd656, 0xd656, 0xd656, 0xd656, 0xd656, 0xd677, 0xd677, 0xd677, 0xd677, 0xd677, 0xd677, 0xd677, 0xd677, 0xd677,
  0xd677, 0xd677, 0xd656, 0xd677, 0xd677, 0xd677, 0xd656, 0xd656, 0xd656, 0xd656, 0xd656, 0xd656, 0xd656, 0xd656, 0xd656, 0xd656, 0xe6d8, 0x8c0e, 0x6b2b, 0xff7a,
  0xe6b8, 0xe6d8, 0xe6d8, 0xe6d8, 0xe6d8, 0xe6d8, 0xe6d8, 0xe6f8, 0xef19, 0x7b8c, 0x840e, 0xb573, 0xad32, 0x9c90, 0x62ca, 0xded8, 0xeef8, 0xe6d8, 0xe6d8, 0xe6d8,
  0xe6d8, 0xe6d8, 0xe6d8, 0xe6d8, 0xff7b, 0x7bcd, 0x736c, 0xe6f8, 0xe6d8, 0x83ce, 0x83ee, 0xff7a, 0xe6b8, 0xe6d8, 0xe6d8, 0xe6d8, 0xe6d8, 0xe6d8, 0xe6d8, 0xeef8,
  0xde98, 0x5aa9, 0x1082, 0x1082, 0x1082, 0x1082, 0x5aca, 0xde98, 0xe6d8, 0xe6d8, 0xe6d8, 0xe6d8, 0xe6d8, 0xe6d8, 0xe6d8, 0xe6b8, 0xf75a, 0x7bcd, 0x736c, 0xe6d8,
  0xe6d8, 0x83cd, 0x736c, 0xf77a, 0xe6b8, 0xe6d8, 0xe6d8, 0xe6d8, 0xe6d8, 0xe6d8, 0xe6d8, 0xe6d8, 0xdeb8, 0x734c, 0x944f, 0xad32, 0xad53, 0x8c2f, 0x6b4c, 0xef19,
  0xe6d8, 0xe6d8, 0xe6d8, 0xe6d8, 0xe6d8, 0xe6d8, 0xe6d8, 0xe6b8, 0xf75a, 0x9470, 0x6b2b, 0xe6d8, 0xe6d8, 0x7bad, 0x7bad, 0xf77a, 0xe6b8, 0xe6d8, 0xe6d8, 0xe6d8,
  0xe6d8, 0xe6d8, 0xe6d8, 0xef19, 0xce56, 0x5268, 0x0882, 0x10a2, 0x1082, 0x1082, 0x62eb, 0xe6d8, 0xe6d8, 0xe6d8, 0xe6d8, 0xe6d8, 0xe6d8, 0xe6d8, 0xe6d8, 0xe6b8,
  0xf77a, 0x6b4b, 0x8c0e, 0xe6d8, 0xd656, 0xd656, 0xd656, 0xd656, 0xd656, 0xd656, 0xd656, 0xd656, 0xd677, 0xd656, 0xd656, 0xd677, 0xd677, 0xd677, 0xd677, 0xd677,
  0xd677, 0xd677, 0xd677, 0xd677, 0xd677, 0xd677, 0xd677, 0xd677, 0xd677, 0xd677, 0xd656, 0xd656, 0xd656, 0xd677, 0xd677, 0xd677, 0xd677, 0xd677, 0xd677, 0xd677,
  0xd677, 0xd677, 0xd677, 0xd677, 0xd677, 0xd677, 0xd677, 0xd677, 0xd677, 0xd677, 0xd677, 0xd677, 0xd677, 0xd677, 0xd677, 0xd677, 0xd677, 0xd677, 0xd677, 0xd677,
  0xd677, 0xd677, 0xd677, 0xd677, 0xd677, 0xd677, 0xd677, 0xd677, 0xd677, 0xd677, 0xd677, 0xd677, 0xd677, 0xd656, 0xd677, 0xd677, 0xd656, 0xd656, 0xd656, 0xd676,
  0xd656, 0xd656, 0xd656, 0xd656, 0xd656, 0xd656, 0xd656, 0xd656, 0xd656, 0xd656, 0xd656, 0xd656, 0xd656, 0xd656, 0xd656, 0xd656, 0xd656, 0xd677, 0xd677, 0xd677,
  0xd656, 0xd656, 0xd656, 0xd656, 0xd656, 0xd656, 0xd656, 0xd656, 0xd656, 0xd656, 0xd656, 0xd656, 0xd656, 0xd656, 0xd656, 0xd656, 0xd656, 0xd656, 0xd677, 0xd677,
  0xd677, 0xd677, 0xd677, 0xd677, 0xd677, 0xd677, 0xd656, 0xd656, 0xd656, 0xd656, 0xd656, 0xd677, 0xd677, 0xd677, 0xd677, 0xd677, 0xd677, 0xd677, 0xd677, 0xd677,
  0xd677, 0xd677, 0xd656, 0xd677, 0xd677, 0xd677, 0xd656, 0xd656, 0xd656, 0xd656, 0xd677, 0xd656, 0xd656, 0xd656, 0xd656, 0xd656, 0xe6d8, 0x8c2e, 0x6b4b, 0xff7a,
  0xe6b8, 0xe6d8, 0xe6d8, 0xe6d8, 0xe6d8, 0xe6d8, 0xe6d8, 0xe6d8, 0xe6d8, 0xeef9, 0x7b8c, 0x5aaa, 0x5aca, 0x6b2b, 0xe6f8, 0xe6d8, 0xe6d8, 0xe6d8, 0xe6d8, 0xe6d8,
  0xe6d8, 0xe6d8, 0xe6d8, 0xe6d8, 0xf77a, 0x7bcd, 0x738c, 0xe6f8, 0xe6d8, 0x83ce, 0x83ce, 0xff7a, 0xe6d8, 0xe6d8, 0xe6d8, 0xe6d8, 0xe6d8, 0xe6d8, 0xe6d8, 0xe6d8,
  0xeef8, 0xe6d9, 0x6b2b, 0x62ca, 0x62ca, 0x738c, 0xef19, 0xe6d8, 0xe6b8, 0xe6d8, 0xe6d8, 0xe6d8, 0xe6d8, 0xe6d8, 0xe6d8, 0xe6b8, 0xf75a, 0x7bcd, 0x7b8c, 0xe6d8,
  0xe6d7, 0x83cd, 0x738d, 0xf77a, 0xe6b8, 0xe6d8, 0xe6d8, 0xe6d8, 0xe6d8, 0xe6d8, 0xe6d8, 0xe6b8, 0xe6d8, 0xe6f8, 0x62ea, 0x5289, 0x5aa9, 0x7bad, 0xef19, 0xe6d8,
  0xe6d8, 0xe6d8, 0xe6d8, 0xe6d8, 0xe6d8, 0xe6d8, 0xe6d8, 0xe6d8, 0xf75a, 0x944f, 0x6b2b, 0xe6d8, 0xe6d8, 0x83ce, 0x7bad, 0xf77a, 0xe6b8, 0xe6d8, 0xe6d8, 0xe6d8,
  0xe6d8, 0xe6d8, 0xe6d9, 0xe6b8, 0xef19, 0xe6d9, 0x6b2b, 0x62eb, 0x5aca, 0x738c, 0xef1a, 0xe6d8, 0xe6d8, 0xe6d9, 0xe6d8, 0xe6d8, 0xe6d8, 0xe6d8, 0xe6d8, 0xe6b8,
  0xf77a, 0x6b6c, 0x8c2e, 0xe6d8, 0xd656, 0xd656, 0xd656, 0xd656, 0xd656, 0xd656, 0xd656, 0xd656, 0xd677, 0xd677, 0xd677, 0xd677, 0xd677, 0xd677, 0xd677, 0xd677,
  0xd677, 0xd677, 0xd677, 0xd677, 0xd677, 0xd677, 0xd677, 0xd677, 0xd677, 0xd677, 0xd656, 0xd677, 0xd677, 0xd677, 0xd677, 0xd677, 0xd677, 0xd677, 0xd677, 0xd677,
  0xd677, 0xd677, 0xd677, 0xd677, 0xd677, 0xd677, 0xd656, 0xd656, 0xd677, 0xd677, 0xd677, 0xd677, 0xd677, 0xd677, 0xd677, 0xd677, 0xd677, 0xd677, 0xd677, 0xd677,
  0xd677, 0xd677, 0xd677, 0xd677, 0xd677, 0xd677, 0xd677, 0xd677, 0xd677, 0xd677, 0xd677, 0xd677, 0xd677, 0xd677, 0xd677, 0xd677, 0xd656, 0xd656, 0xd656, 0xd676,
  0xd656, 0xd656, 0xd656, 0xd656, 0xd656, 0xd656, 0xd656, 0xd656, 0xd656, 0xd656, 0xd656, 0xd656, 0xd656, 0xd656, 0xd656, 0xd656, 0xd656, 0xd656, 0xd656, 0xd656,
  0xd656, 0xd656, 0xd656, 0xd656, 0xd656, 0xd656, 0xd656, 0xd656, 0xd677, 0xd677, 0xd656, 0xd656, 0xd656, 0xd656, 0xd656, 0xd656, 0xd656, 0xd656, 0xd677, 0xd677,
  0xd677, 0xd677, 0xd677, 0xd677, 0xd677, 0xd677, 0xd677, 0xd677, 0xd656, 0xd656, 0xd656, 0xd656, 0xd656, 0xd656, 0xd677, 0xd677, 0xd677, 0xd677, 0xd677, 0xd677,
  0xd677, 0xd677, 0xd677, 0xd677, 0xd677, 0xd677, 0xd656, 0xd656, 0xd656, 0xd677, 0xd677, 0xd656, 0xd656, 0xd656, 0xd656, 0xd656, 0xe6d8, 0x8c2e, 0x734c, 0xff7a,
  0xe6b8, 0xe6d8, 0xe6d8, 0xe6d8, 0xe6d8, 0xe6d8, 0xe6d8, 0xe6d8, 0xe6d8, 0xe6d8, 0xf73a, 0xf75a, 0xff7b, 0xf75a, 0xe6d8, 0xe6d8, 0xe6d8, 0xe6d8, 0xe6d8, 0xe6d8,
  0xe6d8, 0xe6d8, 0xe6d8, 0xe6d8, 0xf75a, 0x7bad, 0x738c, 0xe6f8, 0xe6d8, 0x83ed, 0x83ce, 0xf759, 0xe6d8, 0xe6d8, 0xe6d8, 0xe6d8, 0xe6d8, 0xe6d8, 0xe6d8, 0xe6d8,
  0xe6d8, 0xe6b8, 0xf75a, 0xf75a, 0xf75a, 0xf73a, 0xe6d8, 0xe6d8, 0xe6d8, 0xe6d8, 0xe6d8, 0xe6d8, 0xe6d8, 0xe6d8, 0xe6d8, 0xe6b8, 0xf75a, 0x7bad, 0x7b8d, 0xe6d8,
  0xe6d8, 0x7bee, 0x738d, 0xf75a, 0xe6b7, 0xe6d8, 0xe6d8, 0xe6d8, 0xe6d8, 0xe6d8, 0xe6d8, 0xe6d8, 0xe6d8, 0xe6d8, 0xef19, 0xf75a, 0xf77a, 0xf73a, 0xe6b8, 0xe6d8,
  0xe6d8, 0xe6d8, 0xe6d8, 0xe6d8, 0xe6d8, 0xe6d8, 0xe6d8, 0xe6d8, 0xf75a, 0x946f, 0x736c, 0xe6d9, 0xe6d8, 0x7bcd, 0x7b8d, 0xf759, 0xe6b7, 0xe6d8, 0xe6d8, 0xe6d8,
  0xe6d8, 0xe6d8, 0xe6d8, 0xe6d8, 0xe6b8, 0xe6d9, 0xf75b, 0xf75b, 0xf75a, 0xf73a, 0xe6d8, 0xe6d8, 0xe6d8, 0xe6d8, 0xe6d8, 0xe6d8, 0xe6d8, 0xe6d8, 0xe6d8, 0xe6b7,
  0xff5a, 0x734b, 0x8c2e, 0xe6f8, 0xd656, 0xd656, 0xd656, 0xd656, 0xd677, 0xd677, 0xd656, 0xd656, 0xd656, 0xd677, 0xd677, 0xd677, 0xd677, 0xd677, 0xd677, 0xd677,
  0xd677, 0xd677, 0xd677, 0xd677, 0xd677, 0xd677, 0xd677, 0xd677, 0xd677, 0xd677, 0xd677, 0xd677, 0xd677, 0xd677, 0xd677, 0xd677, 0xd677, 0xd677, 0xd677, 0xd677,
  0xd677, 0xde77, 0xd677, 0xd677, 0xd677, 0xd677, 0xd677, 0xd677, 0xd677, 0xd677, 0xd677, 0xd677, 0xd677, 0xd677, 0xd677, 0xd677, 0xd677, 0xd656, 0xd677, 0xd677,
  0xd677, 0xd677, 0xd677, 0xd677, 0xd677, 0xd677, 0xd677, 0xd677, 0xd677, 0xd677, 0xd677, 0xd677, 0xd677, 0xd677, 0xd677, 0xd677, 0xd656, 0xd656, 0xd656, 0xd656,
  0xd656, 0xd656, 0xd656, 0xd656, 0xd656, 0xd656, 0xd656, 0xd656, 0xd656, 0xd656, 0xd656, 0xd656, 0xd656, 0xd656, 0xd656, 0xd656, 0xd656, 0xd656, 0xd656, 0xd656,
  0xd656, 0xd656, 0xd656, 0xd656, 0xd656, 0xd656, 0xd677, 0xd677, 0xd677, 0xd677, 0xd656, 0xd656, 0xd656, 0xd656, 0xd656, 0xd656, 0xd656, 0xd677, 0xd677, 0xd677,
  0xd677, 0xd677, 0xd677, 0xd677, 0xd677, 0xd677, 0xd677, 0xd677, 0xd677, 0xd677, 0xd656, 0xd656, 0xd656, 0xd677, 0xd677, 0xd677, 0xd677, 0xd677, 0xd677, 0xd677,
  0xd677, 0xd677, 0xd677, 0xd677, 0xd677, 0xd677, 0xd677, 0xd677, 0xd677, 0xd677, 0xd656, 0xd656, 0xd656, 0xd656, 0xd656, 0xd656, 0xe6f8, 0x8c0e, 0x6b4b, 0xff9b,
  0xe6b8, 0xe6d8, 0xe6d8, 0xe6d8, 0xe6d8, 0xe6d8, 0xe6d8, 0xe6d8, 0xe6d8, 0xe6d8, 0xe6b8, 0xe6b8, 0xe6d8, 0xe6d8, 0xe6d8, 0xe6d8, 0xe6d8, 0xe6d8, 0xe6d8, 0xe6d8,
  0xe6d8, 0xe6d8, 0xe6f8, 0xe6d8, 0xff9b, 0x83cd, 0x734b, 0xe6d8, 0xe6d7, 0x7bad, 0x83ee, 0xff9b, 0xe6b8, 0xe6d8, 0xe6d8, 0xe6d8, 0xe6d8, 0xe6d8, 0xe6d8, 0xe6d8,
  0xe6d8, 0xe6f9, 0xe6d8, 0xe6d8, 0xe6b8, 0xe6b8, 0xe6d8, 0xe6d8, 0xe6d8, 0xe6d8, 0xe6d8, 0xe6d8, 0xe6d8, 0xe6d8, 0xe6d8, 0xe6b8, 0xff7b, 0x738d, 0x736c, 0xe6d8,
  0xe6f8, 0x7bad, 0x738c, 0xff7b, 0xe6b8, 0xe6d8, 0xe6d8, 0xe6d8, 0xe6d8, 0xe6d8, 0xe6d8, 0xe6d8, 0xe6d8, 0xe6d8, 0xe6b8, 0xe6b8, 0xe6b8, 0xe6d8, 0xe6d8, 0xe6d8,
  0xe6d8, 0xe6d8, 0xe6d8, 0xe6d8, 0xe6d8, 0xe6d8, 0xe6d8, 0xe6b8, 0xff7a, 0x944f, 0x6b2b, 0xe6d8, 0xe6d8, 0x738c, 0x738d, 0xff9b, 0xe6b8, 0xe6d8, 0xe6d8, 0xe6d8,
  0xe6d8, 0xe6d8, 0xe6d8, 0xe6d8, 0xe6d8, 0xe6d8, 0xe6b8, 0xe6b8, 0xe6d8, 0xe6d8, 0xe6d8, 0xe6d8, 0xe6d8, 0xe6d8, 0xe6d8, 0xe6d8, 0xe6d8, 0xe6d8, 0xe6d8, 0xe6b8,
  0xff9b, 0x6b2b, 0x8c0e, 0xe6d8, 0xd656, 0xd656, 0xd656, 0xd656, 0xd677, 0xd677, 0xd677, 0xd677, 0xd677, 0xd677, 0xd677, 0xd677, 0xd677, 0xd677, 0xd677, 0xd656,
  0xd656, 0xd656, 0xd677, 0xd677, 0xd677, 0xd677, 0xd677, 0xd677, 0xd677, 0xd677, 0xd677, 0xd677, 0xd677, 0xd677, 0xd677, 0xd677, 0xd677, 0xd677, 0xd677, 0xd677,
  0xd677, 0xd677, 0xd656, 0xd677, 0xd677, 0xd677, 0xd677, 0xd677, 0xd677, 0xd677, 0xd656, 0xd677, 0xd677, 0xd656, 0xd656, 0xd677, 0xd677, 0xd677, 0xd677, 0xd677,
  0xd677, 0xd677, 0xd677, 0xd677, 0xd677, 0xd677, 0xd677, 0xd677, 0xd677, 0xd677, 0xd677, 0xd677, 0xd656, 0xd677, 0xd656, 0xd656, 0xd656, 0xd656, 0xd656, 0xd656,
  0xd656, 0xd656, 0xd656, 0xd656, 0xd656, 0xd656, 0xd656, 0xd656, 0xd656, 0xd656, 0xd656, 0xd656, 0xd656, 0xd656, 0xd656, 0xd656, 0xd656, 0xd656, 0xd656, 0xd656,
  0xd656, 0xd656, 0xd656, 0xd656, 0xd656, 0xd656, 0xd677, 0xd677, 0xd677, 0xd677, 0xd656, 0xd656, 0xd656, 0xd656, 0xd656, 0xd656, 0xd656, 0xd677, 0xd677, 0xd677,
  0xd677, 0xd677, 0xd677, 0xd677, 0xd677, 0xd677, 0xd677, 0xd677, 0xd677, 0xd677, 0xd656, 0xd656, 0xd656, 0xd677, 0xd677, 0xd677, 0xd677, 0xd677, 0xd677, 0xd677,
  0xd677, 0xd677, 0xd677, 0xd677, 0xd656, 0xd656, 0xd677, 0xd677, 0xd677, 0xd656, 0xd656, 0xd656, 0xd656, 0xd656, 0xd656, 0xd656, 0xde77, 0xd656, 0x630a, 0x8c0e,
  0xf75b, 0xe6d9, 0xe6f9, 0xe6d8, 0xe6d9, 0xe6d9, 0xe6f9, 0xe6f9, 0xe6f9, 0xe6f9, 0xe6d9, 0xe6d8, 0xe6d8, 0xeef9, 0xeef9, 0xeef9, 0xe6d9, 0xe6d9, 0xe6f9, 0xe6f9,
  0xe6f9, 0xe6d8, 0xe6b8, 0xf73a, 0xad12, 0x5aa9, 0xce15, 0xd656, 0xd656, 0xce35, 0x630a, 0x9c91, 0xf77b, 0xe6b8, 0xe6d9, 0xe6f9, 0xe6d9, 0xe6d9, 0xe6f9, 0xeef9,
  0xeef9, 0xeef9, 0xeef9, 0xe6f9, 0xe6f9, 0xeef9, 0xe6f9, 0xe6f9, 0xe6d9, 0xe6d9, 0xe6f9, 0xe6f9, 0xe6d9, 0xe6d9, 0xe6d8, 0xf75a, 0xa4f1, 0x5aca, 0xcdf5, 0xde76,
  0xd676, 0xce35, 0x62ea, 0x9c90, 0xf75a, 0xe6d8, 0xe6d8, 0xe6d8, 0xe6d9, 0xe6f9, 0xe6d9, 0xe6d8, 0xe6d8, 0xe6f9, 0xe6f9, 0xe6d9, 0xe6d9, 0xe6d9, 0xeef9, 0xeef9,
  0xe6f9, 0xe6d9, 0xe6d9, 0xe6d9, 0xe6f9, 0xeef9, 0xe6d9, 0xf75a, 0xad12, 0x5289, 0xc5d4, 0xd656, 0xd656, 0xce15, 0x5aca, 0xa4d1, 0xf75a, 0xe6b8, 0xe6d8, 0xe6d8,
  0xe6d8, 0xe6d8, 0xe6d9, 0xe6f9, 0xe6f9, 0xe6d8, 0xe6d8, 0xe6d8, 0xe6f9, 0xe6f9, 0xe6f9, 0xe6f9, 0xe6f9, 0xe6f9, 0xe6f9, 0xe6f9, 0xe6f9, 0xe6f9, 0xe6d8, 0xf75a,
  0x9470, 0x6b2b, 0xd656, 0xde77, 0xd676, 0xd656, 0xd656, 0xd656, 0xd677, 0xd656, 0xd677, 0xd677, 0xd677, 0xd677, 0xd677, 0xd677, 0xd656, 0xd677, 0xd677, 0xd677,
  0xd677, 0xd677, 0xd656, 0xd677, 0xd677, 0xd677, 0xd677, 0xd677, 0xd677, 0xd677, 0xd677, 0xd677, 0xd677, 0xd677, 0xd677, 0xd677, 0xd677, 0xd677, 0xd677, 0xd677,
  0xd677, 0xd677, 0xd677, 0xd677, 0xd677, 0xd677, 0xd677, 0xd677, 0xd677, 0xd677, 0xd656, 0xd656, 0xd656, 0xd656, 0xd656, 0xd677, 0xd677, 0xd677, 0xd677, 0xd677,
  0xd677, 0xd677, 0xd677, 0xd677, 0xd677, 0xd677, 0xd656, 0xd656, 0xd677, 0xd677, 0xd677, 0xd677, 0xd656, 0xd677, 0xd656, 0xd656, 0xd656, 0xd656, 0xd656, 0xd656,
  0xd656, 0xd656, 0xd656, 0xd656, 0xd656, 0xd656, 0xd656, 0xd656, 0xd656, 0xd656, 0xd656, 0xd656, 0xd656, 0xd656, 0xd677, 0xd656, 0xd656, 0xd677, 0xd656, 0xd656,
  0xd677, 0xd677, 0xd677, 0xd677, 0xd677, 0xd677, 0xd677, 0xd677, 0xd677, 0xd677, 0xd656, 0xd656, 0xd656, 0xd656, 0xd656, 0xd656, 0xd677, 0xd677, 0xd677, 0xd677,
  0xd656, 0xd677, 0xd677, 0xd677, 0xd677, 0xd677, 0xd677, 0xd677, 0xd677, 0xd677, 0xd656, 0xd677, 0xd677, 0xd677, 0xd677, 0xd656, 0xd677, 0xd677, 0xd677, 0xd677,
  0xd656, 0xd677, 0xd677, 0xd677, 0xd677, 0xd677, 0xd677, 0xd677, 0xd677, 0xd677, 0xd677, 0xd656, 0xd656, 0xd656, 0xd656, 0xd656, 0xd657, 0xde97, 0xce36, 0x736c,
  0x4207, 0x4a27, 0x4207, 0x4207, 0x4207, 0x4207, 0x41e7, 0x41e7, 0x4207, 0x4207, 0x4207, 0x4207, 0x41e6, 0x41e6, 0x4206, 0x4207, 0x4207, 0x4207, 0x4207, 0x4a07,
  0x4a27, 0x4207, 0x4207, 0x41e7, 0x5aca, 0xcdf5, 0xde97, 0xd656, 0xd656, 0xde97, 0xce15, 0x6b4c, 0x4207, 0x4207, 0x4207, 0x4207, 0x4207, 0x4207, 0x4207, 0x4207,
  0x4207, 0x4207, 0x4207, 0x4207, 0x4a27, 0x4a27, 0x4227, 0x4207, 0x4207, 0x4207, 0x4207, 0x4207, 0x4207, 0x4207, 0x4207, 0x4207, 0x630b, 0xce16, 0xde97, 0xd656,
  0xd656, 0xde97, 0xce16, 0x6b4c, 0x39e7, 0x4207, 0x4207, 0x4207, 0x4207, 0x4207, 0x4207, 0x4207, 0x4207, 0x4207, 0x4207, 0x4207, 0x4207, 0x4207, 0x4207, 0x41e7,
  0x41e7, 0x41e7, 0x41e7, 0x4207, 0x4207, 0x4207, 0x4a27, 0x4207, 0x62c9, 0xc5b4, 0xde77, 0xd656, 0xd656, 0xde97, 0xcdf5, 0x6b2b, 0x41e7, 0x4207, 0x4207, 0x4207,
  0x41e6, 0x41e6, 0x4207, 0x4a27, 0x4a27, 0x4207, 0x4207, 0x41e6, 0x41e6, 0x4206, 0x4207, 0x4207, 0x4207, 0x4207, 0x4207, 0x4207, 0x4207, 0x4207, 0x4227, 0x41e7,
  0x6aeb, 0xce16, 0xde97, 0xd656, 0xd677, 0xd677, 0xd677, 0xd677, 0xd656, 0xd656, 0xd677, 0xd677, 0xd677, 0xd677, 0xd677, 0xd677, 0xd677, 0xd677, 0xd677, 0xd677,
  0xd677, 0xd656, 0xd677, 0xd677, 0xd677, 0xd677, 0xd677, 0xd677, 0xd677, 0xd677, 0xd677, 0xd677, 0xd677, 0xd677, 0xd677, 0xd677, 0xd677, 0xd677, 0xd677, 0xd677,
  0xd677, 0xd677, 0xd677, 0xd677, 0xd677, 0xd677, 0xd677, 0xd677, 0xd656, 0xd656, 0xd656, 0xd656, 0xd656, 0xd656, 0xd656, 0xd677, 0xd677, 0xd677, 0xd677, 0xd677,
  0xd677, 0xd677, 0xd677, 0xd677, 0xd677, 0xd677, 0xd677, 0xd677, 0xd677, 0xd677, 0xd677, 0xd656, 0xd677, 0xd677, 0xd656, 0xd656, 0xd656, 0xd656, 0xd656, 0xd656,
  0xd656, 0xd656, 0xd656, 0xd656, 0xd656, 0xd656, 0xd656, 0xd656, 0xd656, 0xd656, 0xd656, 0xd656, 0xd656, 0xd677, 0xd656, 0xd677, 0xd677, 0xd677, 0xd677, 0xd677,
  0xd677, 0xd677, 0xd677, 0xd677, 0xd677, 0xd677, 0xd677, 0xd677, 0xd677, 0xd677, 0xd656, 0xd656, 0xd656, 0xd656, 0xd656, 0xd656, 0xd656, 0xd677, 0xd677, 0xd677,
  0xd656, 0xd677, 0xd677, 0xd677, 0xd677, 0xd677, 0xd677, 0xd677, 0xd677, 0xd677, 0xd677, 0xd677, 0xd677, 0xd677, 0xd677, 0xd677, 0xd677, 0xd677, 0xd677, 0xd677,
  0xd656, 0xd677, 0xd677, 0xd677, 0xd677, 0xd677, 0xd677, 0xd677, 0xd677, 0xd677, 0xd677, 0xd656, 0xd656, 0xd656, 0xd656, 0xd656, 0xd656, 0xd656, 0xde97, 0xd656,
  0xbd93, 0xbdb4, 0xbdb4, 0xbdb4, 0xbdb4, 0xbdb4, 0xbd94, 0xbd94, 0xbd93, 0xbd93, 0xbdb4, 0xbdb4, 0xbdb4, 0xbd93, 0xbd93, 0xbd93, 0xbdb4, 0xbdb4, 0xbdb4, 0xbd94,
  0xbdb4, 0xbdb4, 0xbdb4, 0xbd94, 0xce15, 0xde97, 0xd656, 0xd677, 0xd677, 0xd656, 0xde97, 0xce36, 0xbd94, 0xbdb4, 0xbdb4, 0xbdb4, 0xbdb4, 0xbdb4, 0xbdb4, 0xbdb4,
  0xbd94, 0xbdb4, 0xbdb4, 0xbdb4, 0xbdb4, 0xbdb4, 0xbdb4, 0xbdb4, 0xbd94, 0xbd93, 0xbd93, 0xbd94, 0xbd94, 0xbdb4, 0xbdb4, 0xbd94, 0xce16, 0xde97, 0xd656, 0xd656,
  0xd656, 0xd656, 0xdeb7, 0xce36, 0xbd94, 0xbdb4, 0xbdb4, 0xbdb4, 0xbdb4, 0xbdb4, 0xbdb4, 0xbdb4, 0xbdb4, 0xbdb4, 0xbd94, 0xbdb4, 0xbdb4, 0xbdb4, 0xbdb4, 0xbd94,
  0xbd94, 0xbdb4, 0xbd94, 0xbdb4, 0xbdb4, 0xbdb4, 0xbdb4, 0xbd93, 0xce15, 0xde97, 0xd656, 0xd656, 0xd656, 0xd656, 0xde97, 0xce15, 0xbd93, 0xbdb4, 0xbdb4, 0xbd94,
  0xbd93, 0xbd93, 0xbd94, 0xbd94, 0xbd94, 0xbdb4, 0xbdb4, 0xbdb4, 0xbd93, 0xbd93, 0xbd93, 0xbdb3, 0xbdb4, 0xbdb4, 0xbd94, 0xbdb4, 0xbd94, 0xbd94, 0xbdb3, 0xbd94,
  0xce15, 0xde97, 0xd656, 0xd677, 0xd677, 0xd677, 0xd677, 0xd677, 0xd677, 0xd677, 0xd677, 0xd677, 0xd677, 0xd677, 0xd677, 0xd677, 0xd677, 0xd677, 0xd677, 0xd677,
  0xd656, 0xd677, 0xd677, 0xd677, 0xd677, 0xd677, 0xd677, 0xd677, 0xd677, 0xd677, 0xd677, 0xd677, 0xd677, 0xd677, 0xd677, 0xd677, 0xd677, 0xd677, 0xd677, 0xd677,
  0xd677, 0xd677, 0xd677, 0xd677, 0xd677, 0xd677, 0xd677, 0xd677, 0xd656, 0xd656, 0xd656, 0xd656, 0xd656, 0xd656, 0xd656, 0xd677, 0xd677, 0xd677, 0xd677, 0xd677,
  0xd677, 0xd677, 0xd677, 0xd677, 0xd677, 0xd677, 0xd677, 0xd677, 0xd677, 0xd677, 0xd677, 0xd677, 0xd677, 0xd677, 0xd656, 0xd656, 0xd656, 0xd656, 0xd656, 0xd656,
  0xd656, 0xd656, 0xd656, 0xd656, 0xd656, 0xd656, 0xd656, 0xd656, 0xd656, 0xd656, 0xd656, 0xd656, 0xd656, 0xd656, 0xd656, 0xd656, 0xd656, 0xd656, 0xd677, 0xd677,
  0xd656, 0xd656, 0xd656, 0xd656, 0xd656, 0xd656, 0xd656, 0xd656, 0xd656, 0xd656, 0xd656, 0xd656, 0xd656, 0xd656, 0xd656, 0xd656, 0xd656, 0xd656, 0xd656, 0xd656,
  0xd656, 0xd677, 0xd677, 0xd656, 0xd676, 0xd677, 0xd677, 0xd677, 0xd677, 0xd677, 0xd656, 0xd656, 0xd656, 0xd656, 0xd656, 0xd656, 0xd656, 0xd656, 0xd656, 0xd656,
  0xd656, 0xd656, 0xd656, 0xd656, 0xd677, 0xd677, 0xd656, 0xd656, 0xd656, 0xd656, 0xd656, 0xd656, 0xd656, 0xd656, 0xd656, 0xd656, 0xd656, 0xd656, 0xd656, 0xde77,
  0xde97, 0xde97, 0xde97, 0xde97, 0xde97, 0xde97, 0xde97, 0xde97, 0xde77, 0xde77, 0xde77, 0xde97, 0xde97, 0xde77, 0xde77, 0xde77, 0xde97, 0xde97, 0xde97, 0xde77,
  0xde77, 0xde77, 0xde97, 0xde97, 0xde77, 0xd656, 0xd656, 0xd656, 0xd656, 0xd677, 0xd656, 0xde76, 0xde97, 0xde97, 0xde97, 0xde97, 0xde97, 0xde97, 0xde97, 0xde77,
  0xde77, 0xde97, 0xde97, 0xde97, 0xde97, 0xde97, 0xde97, 0xde97, 0xde97, 0xde97, 0xde97, 0xde97, 0xde77, 0xde77, 0xde97, 0xde97, 0xde76, 0xd656, 0xd676, 0xd656,
  0xd656, 0xd656, 0xd656, 0xde76, 0xde97, 0xde97, 0xde97, 0xde97, 0xde97, 0xde97, 0xde97, 0xde97, 0xde97, 0xde97, 0xde97, 0xde97, 0xde97, 0xde97, 0xde97, 0xde97,
  0xde97, 0xde97, 0xde97, 0xde97, 0xde97, 0xde97, 0xde97, 0xde97, 0xde77, 0xd656, 0xd656, 0xd656, 0xd656, 0xd656, 0xd656, 0xd676, 0xde97, 0xde97, 0xde97, 0xde77,
  0xde97, 0xde97, 0xde97, 0xde77, 0xde77, 0xde97, 0xde97, 0xde97, 0xde97, 0xde77, 0xde77, 0xde77, 0xde77, 0xde77, 0xde77, 0xde77, 0xde77, 0xde77, 0xde77, 0xde77,
  0xde76, 0xd656, 0xd656, 0xd677, 0xd656, 0xd656, 0xd656, 0xd656, 0xd656, 0xd656, 0xd656, 0xd656, 0xd656, 0xd656, 0xd656, 0xd656, 0xd656, 0xd656, 0xd656, 0xd656,
  0xd656, 0xd656, 0xd656, 0xd656, 0xd656, 0xd656, 0xd656, 0xd656, 0xd656, 0xd656, 0xd656, 0xd656, 0xd656, 0xd656, 0xd656, 0xd656, 0xd677, 0xd677, 0xd677, 0xd677,
  0xd656, 0xd677, 0xd656, 0xd656, 0xd656, 0xd656, 0xd656, 0xd656, 0xd656, 0xd656, 0xd656, 0xd656, 0xd656, 0xd656, 0xd656, 0xd656, 0xd656, 0xd656, 0xd656, 0xd656,
  0xd656, 0xd656, 0xd656, 0xd656, 0xd656, 0xd656, 0xd656, 0xd656, 0xd677, 0xd677, 0xd677, 0xd677, 0xd677, 0xd656, 0xd656, 0xd656, 0xd656, 0xd656, 0xd656, 0xd656,
  0xd656, 0xd656, 0xd656, 0xd656, 0xd656, 0xd656, 0xd656, 0xd656, 0xd656, 0xd677, 0xd656, 0xd676, 0xdeb8, 0xdeb8, 0xe6b7, 0xdeb7, 0xdeb7, 0xdeb7, 0xe6b7, 0xdeb7,
  0xdeb7, 0xdeb7, 0xde97, 0xdeb7, 0xdeb7, 0xdeb7, 0xdeb7, 0xde97, 0xde97, 0xde97, 0xde97, 0xdeb7, 0xde97, 0xde97, 0xde97, 0xde97, 0xde97, 0xde97, 0xde97, 0xde97,
  0xde97, 0xdeb7, 0xdeb7, 0xdeb8, 0xdeb8, 0xdeb8, 0xdeb7, 0xdeb7, 0xdeb7, 0xde97, 0xde97, 0xde97, 0xde97, 0xde97, 0xde97, 0xde97, 0xde97, 0xde97, 0xde97, 0xde97,
  0xde97, 0xdeb7, 0xdeb7, 0xdeb7, 0xdeb7, 0xdeb7, 0xdeb7, 0xdeb7, 0xde97, 0xde97, 0xde97, 0xde97, 0xdeb7, 0xdeb7, 0xdeb7, 0xdeb7, 0xde97, 0xde97, 0xde97, 0xde97,
  0xde97, 0xde97, 0xdeb7, 0xdeb7, 0xdeb7, 0xdeb7, 0xdeb7, 0xdeb7, 0xdeb7, 0xdeb7, 0xde97, 0xde77, 0xde97, 0xd657, 0xd656, 0xd656, 0xd656, 0xd656, 0xd676, 0xd656,
  0xd656, 0xd656, 0xd656, 0xd676, 0xd676, 0xd676, 0xd656, 0xd656, 0xd656, 0xd677, 0xd677, 0xd656, 0xd656, 0xd656, 0xd656, 0xd656, 0xd676, 0xd676, 0xd676, 0xd656,
  0xd656, 0xd656, 0xd656, 0xd656, 0xd656, 0xd656, 0xd676, 0xd656, 0xd656, 0xd656, 0xd656, 0xd656, 0xd656, 0xd656, 0xd656, 0xd656, 0xd656, 0xd657, 0xd656, 0xd656,
  0xd656, 0xd656, 0xd656, 0xd656, 0xd657, 0xd656, 0xd656, 0xd656, 0xd656, 0xd656, 0xd656, 0xd656, 0xd656, 0xd676, 0xd676, 0xd656, 0xd656, 0xd676, 0xd676, 0xd676,
  0xd656, 0xd656, 0xd676, 0xd676, 0xd676, 0xd656, 0xd657, 0xd656, 0xd656, 0xd656, 0xd656, 0xd656, 0xd656, 0xd656, 0xd656, 0xd656, 0xd656, 0xd656, 0xd656, 0xd656,
  0xd656, 0xd656, 0xd676, 0xd656, 0xd656, 0xd656, 0xdeb7, 0xe6d8, 0xe6b8, 0xdeb7, 0xdeb7, 0xdeb7, 0xdeb7, 0xdeb7, 0xdeb7, 0xdeb7, 0xdeb7, 0xdeb7, 0xdeb7, 0xdeb7,
  0xdeb7, 0xdeb7, 0xdeb7, 0xe6b8, 0xe6b8, 0xe6b8, 0xe6b8, 0xe6b8, 0xe6b8, 0xe6b8, 0xe6b8, 0xe6b8, 0xe6b8, 0xe6b8, 0xe6b8, 0xe6b7, 0xe6b8, 0xe6b8, 0xe6b8, 0xe6b8,
  0xe6b8, 0xe6b8, 0xe6b8, 0xe6b8, 0xe6b8, 0xe6b8, 0xe6b8, 0xe6b8, 0xe6b8, 0xe6b8, 0xe6b8, 0xe6b8, 0xe6b8, 0xe6b8, 0xe6b8, 0xe6b8, 0xe6b8, 0xe6b8, 0xe6b8, 0xe6b8,
  0xe6b8, 0xe6b8, 0xe6b8, 0xe6d8, 0xe6b8, 0xe6b8, 0xe6b8, 0xe6b8, 0xe6b8, 0xe6b8, 0xe6b8, 0xe6b8, 0xe6b8, 0xe6b8, 0xe6b8, 0xe6b8, 0xe6b8, 0xe6b8, 0xe6b8, 0xe6b8,
  0xe6b8, 0xe6b8, 0xe6b8, 0xe6b8, 0xe6b8, 0xe6b8, 0xe6d8, 0xde77, 0xd656, 0xd677, 0xd676, 0xd656, 0xd656, 0xd656, 0xd656, 0xd656, 0xd656, 0xd656, 0xd656, 0xd656,
  0xd656, 0xd656, 0xd656, 0xd656, 0xd656, 0xd656, 0xd656, 0xd656, 0xd656, 0xd656, 0xe6d7, 0xbdb4, 0x3185, 0x39c6, 0x39c6, 0x39e6, 0x39e6, 0x39e7, 0x39c7, 0x39c6,
  0x39c6, 0x39c6, 0x39c6, 0x39c6, 0x39c6, 0x39c6, 0x39c6, 0x39c6, 0x39c6, 0x39c6, 0x39c6, 0x39c6, 0x39c6, 0x39c6, 0x39c6, 0x39c6, 0x39c6, 0x39c6, 0x39c6, 0x39c6,
  0x39c6, 0x39c6, 0x39c6, 0x39c6, 0x39a6, 0x31a6, 0x31a6, 0x31a6, 0x31a6, 0x31a6, 0x31a6, 0x31a6, 0x31a6, 0x31a6, 0x31a6, 0x31a6, 0x31a6, 0x31a6, 0x31a6, 0x31a6,
  0x39c6, 0x39c6, 0x39c6, 0x39c6, 0x39c6, 0x39c6, 0x39c6, 0x39c6, 0x39c6, 0x39a6, 0x39a6, 0x39c6, 0x39c6, 0x39c6, 0x39c6, 0x39c6, 0x39a6, 0x31a6, 0x31a6, 0x31a6,
  0x31a6, 0x31a6, 0x3186, 0x31a6, 0x39a6, 0x39a6, 0x31a6, 0x31a6, 0x31a6, 0x31a6, 0x31a5, 0x3185, 0x41e6, 0xd657, 0xde97, 0xd656, 0xd656, 0xd656, 0xd657, 0xd656,
  0xd656, 0xd677, 0xd656, 0xd656, 0xd657, 0xd657, 0xd656, 0xd656, 0xd656, 0xd677, 0xd677, 0xd677, 0xd656, 0xd656, 0xd656, 0xd656, 0xd677, 0xd656, 0xd656, 0xd677,
  0xd677, 0xd656, 0xd656, 0xd656, 0xd656, 0xd656, 0xd677, 0xd656, 0xd656, 0xd656, 0xd656, 0xd656, 0xd656, 0xd656, 0xd656, 0xd656, 0xd656, 0xd656, 0xd656, 0xd656,
  0xd656, 0xd656, 0xd656, 0xd656, 0xd656, 0xd656, 0xd656, 0xd677, 0xd677, 0xd677, 0xd677, 0xd677, 0xd677, 0xd677, 0xd677, 0xd656, 0xd656, 0xd677, 0xd677, 0xd677,
  0xd656, 0xd677, 0xd677, 0xd677, 0xd677, 0xd677, 0xd677, 0xd677, 0xd656, 0xd656, 0xd656, 0xd656, 0xd656, 0xd656, 0xd656, 0xd656, 0xd656, 0xd656, 0xd656, 0xd656,
  0xd677, 0xd676, 0xd676, 0xd676, 0xd656, 0xe6d8, 0x736c, 0x41e7, 0x4a48, 0x4a28, 0x4208, 0x41e7, 0x41e7, 0x41e7, 0x4207, 0x4207, 0x4207, 0x4207, 0x4207, 0x4207,
  0x4207, 0x41e7, 0x41e7, 0x4207, 0x4207, 0x4207, 0x4207, 0x4207, 0x4207, 0x4207, 0x4207, 0x41e7, 0x41e7, 0x4207, 0x4207, 0x41e7, 0x41e7, 0x41e7, 0x41e7, 0x41e7,
  0x4207, 0x4207, 0x4207, 0x4207, 0x4207, 0x4208, 0x4208, 0x4208, 0x4207, 0x4207, 0x4207, 0x4208, 0x4208, 0x4207, 0x41e7, 0x41e7, 0x41e7, 0x4207, 0x4207, 0x4207,
  0x4207, 0x41e7, 0x4207, 0x4208, 0x4228, 0x4228, 0x4208, 0x4207, 0x4207, 0x4207, 0x4207, 0x4207, 0x4207, 0x4207, 0x4207, 0x41e7, 0x41e7, 0x41e7, 0x41e7, 0x41e7,
  0x41e7, 0x4207, 0x4207, 0x4207, 0x4207, 0x4208, 0x39c6, 0xa4b1, 0xe6d8, 0xd656, 0xd676, 0xd656, 0xd656, 0xd656, 0xd656, 0xd656, 0xd656, 0xd656, 0xd656, 0xd656,
  0xd656, 0xd656, 0xd656, 0xd656, 0xd656, 0xd656, 0xd656, 0xd656, 0xd656, 0xde97, 0xc5d4, 0x7b8d, 0x4a68, 0x5289, 0x5269, 0x5289, 0x5289, 0x5289, 0x5289, 0x5289,
  0x5289, 0x5289, 0x5289, 0x5289, 0x5289, 0x5289, 0x5289, 0x5289, 0x5289, 0x5289, 0x5289, 0x5289, 0x5289, 0x5289, 0x5289, 0x5289, 0x52a9, 0x5aa9, 0x5aa9, 0x5aa9,
  0x5289, 0x5289, 0x5289, 0x5289, 0x5269, 0x5289, 0x5289, 0x5289, 0x5269, 0x5269, 0x5289, 0x5289, 0x5289, 0x5269, 0x5269, 0x5269, 0x5269, 0x5269, 0x5269, 0x5289,
  0x5289, 0x5289, 0x5289, 0x5289, 0x5289, 0x5289, 0x5289, 0x5269, 0x5289, 0x5289, 0x5289, 0x5269, 0x5269, 0x5269, 0x5269, 0x5269, 0x5269, 0x5269, 0x5269, 0x5269,
  0x4a68, 0x4a48, 0x4a48, 0x4a68, 0x5268, 0x4a68, 0x4a68, 0x5268, 0x5268, 0x4a68, 0x4a48, 0x5268, 0x4207, 0x7bad, 0xde97, 0xd656, 0xd656, 0xd656, 0xd656, 0xd656,
  0xd656, 0xd656, 0xd656, 0xd656, 0xd656, 0xd656, 0xd656, 0xd656, 0xd656, 0xd656, 0xd656, 0xd656, 0xd656, 0xd656, 0xd656, 0xd656, 0xd677, 0xd677, 0xd677, 0xd677,
  0xd677, 0xd656, 0xd677, 0xd677, 0xd656, 0xd656, 0xd656, 0xd656, 0xd656, 0xd656, 0xd656, 0xd656, 0xd656, 0xd656, 0xd656, 0xd656, 0xd656, 0xd656, 0xd656, 0xd656,
  0xd656, 0xd656, 0xd656, 0xd656, 0xd656, 0xd657, 0xd656, 0xd677, 0xd677, 0xd677, 0xd677, 0xd677, 0xd656, 0xd656, 0xd656, 0xd656, 0xd656, 0xd677, 0xd677, 0xd656,
  0xd656, 0xd656, 0xd677, 0xd677, 0xd677, 0xd656, 0xd656, 0xd656, 0xd656, 0xd656, 0xd656, 0xd656, 0xd656, 0xd656, 0xd656, 0xd656, 0xd656, 0xd656, 0xd656, 0xd656,
  0xd656, 0xd656, 0xd656, 0xd656, 0xde97, 0xa4f2, 0x5269, 0x41e7, 0x4248, 0x4a48, 0x4228, 0x4227, 0x4227, 0x4227, 0x4227, 0x4227, 0x4207, 0x4207, 0x4227, 0x4227,
  0x4227, 0x4227, 0x4227, 0x4227, 0x4207, 0x4227, 0x4207, 0x4227, 0x4207, 0x4207, 0x4207, 0x4227, 0x4227, 0x4227, 0x4227, 0x4228, 0x4228, 0x4228, 0x4227, 0x4227,
  0x4227, 0x4227, 0x4227, 0x4227, 0x4228, 0x4a28, 0x4a28, 0x4228, 0x4228, 0x4228, 0x4228, 0x4228, 0x4228, 0x4228, 0x4227, 0x4207, 0x4207, 0x4227, 0x4228, 0x4228,
  0x4228, 0x4228, 0x4227, 0x4227, 0x4227, 0x4228, 0x4228, 0x4227, 0x4227, 0x4207, 0x4227, 0x4228, 0x4228, 0x4228, 0x4207, 0x4207, 0x4207, 0x4207, 0x4207, 0x4207,
  0x4207, 0x4207, 0x4207, 0x4207, 0x4207, 0x4a48, 0x39c6, 0x4a48, 0xd656, 0xde77, 0xd656, 0xd677, 0xd656, 0xd656, 0xd656, 0xd656, 0xd656, 0xd656, 0xd656, 0xd656,
  0xd656, 0xd656, 0xd656, 0xd656, 0xd656, 0xd656, 0xd656, 0xd656, 0xd676, 0xde77, 0x41e7, 0x5aea, 0xffbc, 0xf75a, 0xf75a, 0xf77a, 0xf77b, 0xf77b, 0xff7b, 0xff7b,
  0xf77b, 0xf77b, 0xf77a, 0xf77b, 0xff7b, 0xf77b, 0xf77b, 0xf77b, 0xf77b, 0xf77b, 0xf77a, 0xf77a, 0xf77a, 0xf77a, 0xf77a, 0xf77a, 0xf75a, 0xf75b, 0xf77b, 0xf77b,
  0xf75a, 0xf77a, 0xf75a, 0xf75a, 0xf75a, 0xf75a, 0xf75a, 0xf77a, 0xf75a, 0xf75a, 0xf77b, 0xf77b, 0xf77b, 0xf77a, 0xf77a, 0xf77a, 0xf77a, 0xf77b, 0xf77b, 0xf75a,
  0xf75a, 0xf75a, 0xf75a, 0xf77b, 0xf77b, 0xf77b, 0xf77a, 0xf77a, 0xf77a, 0xf77a, 0xf75b, 0xf75a, 0xf75a, 0xf75b, 0xf75a, 0xf75a, 0xf75a, 0xf77b, 0xf77b, 0xf75b,
  0xf75a, 0xf75a, 0xf75a, 0xf75a, 0xf75a, 0xf77a, 0xf77a, 0xf77a, 0xf77a, 0xf75a, 0xf75a, 0xff9b, 0xd657, 0x18c2, 0x6b4c, 0xde97, 0xd656, 0xd677, 0xd656, 0xd656,
  0xd656, 0xd656, 0xd656, 0xd656, 0xd656, 0xd656, 0xd656, 0xd656, 0xd656, 0xd656, 0xd656, 0xd656, 0xd656, 0xd656, 0xd656, 0xd656, 0xd677, 0xd677, 0xd677, 0xd677,
  0xd677, 0xd656, 0xd677, 0xd677, 0xd656, 0xd656, 0xd656, 0xd656, 0xd656, 0xd656, 0xd656, 0xd656, 0xd656, 0xd656, 0xd656, 0xd656, 0xd656, 0xd656, 0xd656, 0xd656,
  0xd656, 0xd656, 0xd656, 0xd656, 0xd656, 0xd656, 0xd656, 0xd677, 0xd676, 0xd677, 0xd677, 0xd677, 0xd656, 0xd656, 0xd656, 0xd656, 0xd656, 0xd677, 0xd677, 0xd656,
  0xd656, 0xd656, 0xd677, 0xd677, 0xd656, 0xd656, 0xd656, 0xd656, 0xd656, 0xd656, 0xd656, 0xd656, 0xd656, 0xd656, 0xd656, 0xd656, 0xd656, 0xd656, 0xd656, 0xd656,
  0xd656, 0xd657, 0xd656, 0xe6d8, 0xb553, 0x18c3, 0xb593, 0xff9a, 0xf75a, 0xf75a, 0xf75a, 0xf75a, 0xf75a, 0xf75a, 0xf75a, 0xf75a, 0xf75a, 0xf75a, 0xf75a, 0xf75a,
  0xf75a, 0xf75a, 0xf75a, 0xf75a, 0xf75a, 0xf75a, 0xf75a, 0xf75a, 0xf75a, 0xf75a, 0xf75a, 0xf75a, 0xf75a, 0xf75a, 0xf75a, 0xf75a, 0xf75a, 0xf75a, 0xf75a, 0xf75a,
  0xf75a, 0xf75a, 0xf75a, 0xf73a, 0xf75a, 0xf75a, 0xf75a, 0xf75a, 0xf75a, 0xf75a, 0xf75a, 0xf75a, 0xf75a, 0xf75a, 0xf75a, 0xf75a, 0xf75a, 0xf75a, 0xf75a, 0xf75a,
  0xf75a, 0xf75a, 0xf75a, 0xf75a, 0xf75a, 0xf75a, 0xf75a, 0xf75a, 0xf75a, 0xf75a, 0xf75a, 0xf75a, 0xf75a, 0xf75a, 0xf75a, 0xf75a, 0xf75a, 0xf75a, 0xf75a, 0xf75a,
  0xf75a, 0xf75a, 0xf75a, 0xf75a, 0xf75b, 0xff9b, 0xef1a, 0x31a5, 0x4a48, 0xd656, 0xd676, 0xd656, 0xd656, 0xd656, 0xd656, 0xd656, 0xd656, 0xd656, 0xd656, 0xd656,
  0xd656, 0xd656, 0xd656, 0xd656, 0xd656, 0xd656, 0xd656, 0xd677, 0xd656, 0x3185, 0x5289, 0xf73a, 0xeef9, 0xde97, 0xd656, 0xde77, 0xde77, 0xde77, 0xde77, 0xde77,
  0xde77, 0xde77, 0xde77, 0xde77, 0xde77, 0xde77, 0xde77, 0xde77, 0xde77, 0xde77, 0xde77, 0xde77, 0xde77, 0xde77, 0xde77, 0xde77, 0xde77, 0xde77, 0xde77, 0xde77,
  0xde77, 0xde77, 0xde77, 0xde77, 0xde77, 0xde77, 0xd677, 0xd677, 0xde77, 0xd677, 0xd677, 0xde77, 0xd677, 0xd677, 0xd677, 0xd677, 0xde77, 0xde77, 0xde77, 0xde77,
  0xde77, 0xde77, 0xde77, 0xde77, 0xde77, 0xde77, 0xd677, 0xd677, 0xd677, 0xd677, 0xde77, 0xd677, 0xd677, 0xde77, 0xde77, 0xde77, 0xd677, 0xd677, 0xd677, 0xd657,
  0xd677, 0xde77, 0xde77, 0xde77, 0xde77, 0xde77, 0xd677, 0xd677, 0xd657, 0xd677, 0xde77, 0xd656, 0xd657, 0xbdd4, 0x0000, 0x7bad, 0xef19, 0xd656, 0xd656, 0xd656,
  0xd656, 0xd656, 0xd656, 0xd656, 0xd656, 0xd656, 0xd656, 0xd656, 0xd656, 0xd656, 0xd656, 0xd656, 0xd656, 0xd656, 0xd656, 0xd656, 0xd656, 0xd677, 0xd677, 0xd677,
  0xd677, 0xd677, 0xd656, 0xd656, 0xd677, 0xd677, 0xd656, 0xd677, 0xd677, 0xd656, 0xd656, 0xd656, 0xd656, 0xd656, 0xd656, 0xd656, 0xd656, 0xd656, 0xd656, 0xd656,
  0xd656, 0xd656, 0xd656, 0xd656, 0xd656, 0xd656, 0xd656, 0xd676, 0xd676, 0xd677, 0xd656, 0xd656, 0xd656, 0xd656, 0xd677, 0xd656, 0xd656, 0xd656, 0xd656, 0xd656,
  0xd656, 0xd656, 0xd656, 0xd656, 0xd656, 0xd656, 0xd656, 0xd656, 0xd656, 0xd656, 0xd656, 0xd656, 0xd656, 0xd656, 0xd656, 0xd656, 0xd656, 0xd656, 0xd656, 0xd677,
  0xd677, 0xd656, 0xde97, 0x9c90, 0x31a6, 0xb594, 0xf77b, 0xe6f8, 0xde97, 0xde97, 0xde97, 0xde97, 0xde77, 0xde77, 0xde77, 0xde77, 0xde77, 0xde77, 0xde77, 0xde77,
  0xde77, 0xde77, 0xde77, 0xde77, 0xde77, 0xde77, 0xde77, 0xde97, 0xde97, 0xde77, 0xde77, 0xde77, 0xde97, 0xde97, 0xde97, 0xde77, 0xde77, 0xde77, 0xde77, 0xd677,
  0xde97, 0xde97, 0xde77, 0xde77, 0xde77, 0xde97, 0xde97, 0xde97, 0xde97, 0xde97, 0xde97, 0xde77, 0xde77, 0xde77, 0xde77, 0xde77, 0xde77, 0xde77, 0xde77, 0xde77,
  0xde77, 0xde77, 0xde77, 0xde97, 0xde97, 0xde77, 0xde77, 0xde97, 0xde77, 0xde77, 0xde77, 0xde97, 0xde97, 0xde97, 0xde97, 0xde77, 0xde77, 0xde77, 0xde77, 0xde77,
  0xde77, 0xde77, 0xde77, 0xde97, 0xde98, 0xde77, 0xde76, 0xe6f8, 0x2924, 0x5268, 0xef3a, 0xde77, 0xd656, 0xd656, 0xd656, 0xd656, 0xd656, 0xd656, 0xd656, 0xd656,
  0xd656, 0xd656, 0xd656, 0xd656, 0xd656, 0xd656, 0xd656, 0xde77, 0xce16, 0x10a2, 0x83ee, 0xf75a, 0xde77, 0xd656, 0xd636, 0xd636, 0xd636, 0xd636, 0xd636, 0xd636,
  0xd636, 0xd636, 0xd636, 0xd636, 0xd636, 0xd636, 0xd636, 0xd656, 0xd636, 0xd636, 0xd636, 0xd636, 0xd636, 0xd636, 0xd636, 0xd636, 0xd636, 0xd636, 0xd636, 0xd636,
  0xd636, 0xd636, 0xd636, 0xd636, 0xd636, 0xd636, 0xd636, 0xd636, 0xd636, 0xd636, 0xce15, 0xd636, 0xd636, 0xce36, 0xce36, 0xce36, 0xd636, 0xd636, 0xd636, 0xd636,
  0xd636, 0xd636, 0xd636, 0xd636, 0xd636, 0xd636, 0xce36, 0xce36, 0xce36, 0xce15, 0xce16, 0xce16, 0xce15, 0xce15, 0xce16, 0xce16, 0xce36, 0xce16, 0xce15, 0xce15,
  0xce16, 0xce16, 0xce16, 0xce16, 0xce15, 0xce16, 0xce15, 0xcdf5, 0xcdf5, 0xcdf5, 0xce15, 0xc5d5, 0xcdf5, 0xbdb4, 0x6b4c, 0x10a2, 0x8c2f, 0xde97, 0xd656, 0xd656,
  0xd656, 0xd656, 0xd656, 0xd656, 0xd656, 0xd656, 0xd656, 0xd656, 0xd656, 0xd656, 0xd656, 0xd656, 0xd656, 0xd656, 0xd656, 0xd656, 0xd656, 0xd656, 0xd656, 0xd656,
  0xd656, 0xd656, 0xd656, 0xd656, 0xd656, 0xd656, 0xd656, 0xd656, 0xd656, 0xd656, 0xd656, 0xd656, 0xd656, 0xd656, 0xd656, 0xd656, 0xd656, 0xd656, 0xd656, 0xd656,
  0xd656, 0xd656, 0xd656, 0xd656, 0xd656, 0xd656, 0xd656, 0xd656, 0xd656, 0xd656, 0xd656, 0xd656, 0xd656, 0xd656, 0xd656, 0xd656, 0xd656, 0xd656, 0xd656, 0xd656,
  0xd656, 0xd656, 0xd656, 0xd656, 0xd656, 0xd656, 0xd656, 0xd656, 0xd656, 0xd656, 0xd656, 0xd656, 0xd656, 0xd656, 0xd656, 0xd656, 0xd656, 0xd656, 0xd656, 0xd656,
  0xd677, 0xd656, 0xe6d8, 0x5269, 0x2944, 0xf77b, 0xef19, 0xdeb8, 0xce36, 0xd636, 0xd636, 0xd636, 0xd636, 0xd636, 0xd636, 0xce36, 0xce15, 0xce15, 0xce36, 0xce36,
  0xce15, 0xce15, 0xce16, 0xce16, 0xce15, 0xce15, 0xce15, 0xce15, 0xce15, 0xce15, 0xce15, 0xce15, 0xce36, 0xce36, 0xce35, 0xce15, 0xce15, 0xce15, 0xce35, 0xce15,
  0xce15, 0xce36, 0xd636, 0xd636, 0xd636, 0xce36, 0xce36, 0xce36, 0xce36, 0xce36, 0xce36, 0xce36, 0xce36, 0xce36, 0xce36, 0xce36, 0xd636, 0xd636, 0xd636, 0xd636,
  0xce36, 0xce36, 0xce36, 0xd636, 0xd636, 0xd636, 0xd636, 0xce36, 0xce36, 0xce36, 0xd636, 0xce36, 0xd636, 0xd636, 0xd636, 0xd636, 0xd636, 0xd636, 0xce36, 0xce16,
  0xce36, 0xce16, 0xce36, 0xce16, 0xce15, 0xce15, 0xcdf5, 0xc5f5, 0x8c2e, 0x2944, 0x630b, 0xd656, 0xd677, 0xd656, 0xd656, 0xd656, 0xd656, 0xd656, 0xd656, 0xd656,
  0xd656, 0xd656, 0xd656, 0xd656, 0xd656, 0xd656, 0xd656, 0xde77, 0xce35, 0x18c3, 0x7bcd, 0xf75a, 0xce36, 0xd656, 0xd656, 0xd656, 0xd656, 0xd656, 0xd656, 0xd656,
  0xd656, 0xd656, 0xde77, 0xde97, 0xdeb8, 0xe6b8, 0xde97, 0xd636, 0xd656, 0xd656, 0xd656, 0xd656, 0xd656, 0xd656, 0xd656, 0xd656, 0xd656, 0xd656, 0xd656, 0xd656,
  0xd656, 0xd656, 0xd656, 0xd656, 0xd636, 0xd636, 0xd636, 0xd636, 0xd636, 0xd656, 0xde77, 0xd656, 0xd656, 0xd656, 0xd656, 0xd656, 0xd636, 0xd636, 0xd656, 0xd656,
  0xd656, 0xd656, 0xd656, 0xd656, 0xd656, 0xd636, 0xd636, 0xd636, 0xd636, 0xce36, 0xce36, 0xce16, 0xce16, 0xce15, 0xce15, 0xce16, 0xce16, 0xce15, 0xce15, 0xce15,
  0xce15, 0xce15, 0xce16, 0xce15, 0xce15, 0xce15, 0xcdf5, 0xcdf5, 0xc5f5, 0xc5d5, 0xcdf5, 0xc5b4, 0xbdb4, 0xa4f2, 0x9490, 0x0000, 0x5269, 0xe6d8, 0xd636, 0xd656,
  0xd656, 0xd656, 0xd656, 0xd656, 0xd656, 0xd656, 0xd656, 0xd656, 0xd656, 0xd656, 0xd656, 0xd656, 0xd656, 0xd656, 0xd656, 0xd656, 0xd656, 0xd656, 0xd656, 0xd656,
  0xd656, 0xd656, 0xd656, 0xd656, 0xd677, 0xe6d8, 0xe6d8, 0xe6d8, 0xe6d8, 0xe6b8, 0xe6b8, 0xe6d8, 0xe6d8, 0xe6d8, 0xe6d8, 0xe6d8, 0xe6d8, 0xe6d8, 0xe6d8, 0xe6d8,
  0xe6b8, 0xe6b7, 0xe6b7, 0xe6b7, 0xe6b7, 0xe6b8, 0xe6d8, 0xe6d8, 0xe6d8, 0xe6b8, 0xe6d8, 0xe6d8, 0xe6d8, 0xe6d8, 0xe6d8, 0xde77, 0xd656, 0xd656, 0xd656, 0xd656,
  0xd656, 0xd656, 0xd656, 0xd656, 0xd656, 0xd656, 0xd656, 0xd656, 0xd656, 0xd656, 0xd656, 0xd656, 0xd656, 0xd656, 0xd656, 0xd656, 0xd656, 0xd656, 0xd656, 0xd656,
  0xd677, 0xd656, 0xe6d8, 0x62ea, 0x2944, 0xef19, 0xde97, 0xc615, 0xd656, 0xd636, 0xd636, 0xd636, 0xd636, 0xd636, 0xd636, 0xd656, 0xde77, 0xde98, 0xd656, 0xce36,
  0xd656, 0xd677, 0xd636, 0xd636, 0xde77, 0xde97, 0xce36, 0xd656, 0xde77, 0xde97, 0xe6b8, 0xdeb8, 0xd656, 0xd656, 0xde98, 0xde77, 0xce15, 0xce15, 0xce35, 0xd677,
  0xd677, 0xd636, 0xd636, 0xd636, 0xd636, 0xd636, 0xd636, 0xd656, 0xd636, 0xd636, 0xd636, 0xd636, 0xd636, 0xd636, 0xd636, 0xd636, 0xd636, 0xd656, 0xd636, 0xd656,
  0xd636, 0xd636, 0xd636, 0xd656, 0xd656, 0xd656, 0xd656, 0xd636, 0xd636, 0xd636, 0xd636, 0xd636, 0xd636, 0xd636, 0xd636, 0xd656, 0xd656, 0xd656, 0xd636, 0xd636,
  0xd636, 0xd636, 0xce16, 0xce15, 0xcdf5, 0xcdf5, 0xcdf5, 0xb553, 0x9cb0, 0x31a6, 0x0841, 0xd656, 0xde77, 0xd656, 0xd656, 0xd656, 0xd656, 0xd656, 0xd656, 0xd656,
  0xd656, 0xd656, 0xd656, 0xd656, 0xd656, 0xd656, 0xd656, 0xde77, 0xce36, 0x18c3, 0x7bce, 0xf75a, 0xce36, 0xd636, 0xd656, 0xd636, 0xd636, 0xd656, 0xd656, 0xd656,
  0xd656, 0xde97, 0x7bcd, 0x5268, 0x4a68, 0x4a48, 0x7bad, 0xe6d7, 0xd656, 0xd656, 0xd656, 0xce56, 0xd636, 0xd636, 0xd656, 0xd656, 0xce35, 0xd636, 0xd636, 0xd636,
  0xd636, 0xd656, 0xd656, 0xd656, 0xd636, 0xce36, 0xce36, 0xce16, 0xd676, 0xa4f1, 0x39a6, 0x9cb0, 0xde77, 0xce35, 0xce35, 0xce36, 0xce36, 0xd656, 0xd656, 0xd656,
  0xd656, 0xd656, 0xd656, 0xd656, 0xd656, 0xd636, 0xd636, 0xd636, 0xd636, 0xd636, 0xd636, 0xce16, 0xce15, 0xce15, 0xcdf5, 0xcdf5, 0xcdf5, 0xcdf5, 0xcdf5, 0xcdf5,
  0xcdf5, 0xc5f5, 0xc5f5, 0xcdf5, 0xcdf5, 0xcdf5, 0xc5f5, 0xc5f5, 0xc5f5, 0xc5d5, 0xc5d5, 0xc5d4, 0xbdb4, 0xa4d1, 0x83ee, 0x0020, 0x3165, 0xce15, 0xdeb7, 0xd656,
  0xd656, 0xd656, 0xd656, 0xd656, 0xd656, 0xd656, 0xd656, 0xd656, 0xd656, 0xd677, 0xd677, 0xd656, 0xd656, 0xd656, 0xd656, 0xd656, 0xd677, 0xd677, 0xd677, 0xd656,
  0xd656, 0xd656, 0xd656, 0xde76, 0xce36, 0x73ad, 0x738c, 0x736c, 0x736c, 0x738c, 0x738c, 0x738c, 0x736c, 0x736c, 0x738c, 0x738c, 0x736c, 0x736c, 0x736c, 0x736c,
  0x736c, 0x736c, 0x736c, 0x736c, 0x736c, 0x736c, 0x736c, 0x736c, 0x736c, 0x736c, 0x736c, 0x736c, 0x736c, 0x738d, 0x738c, 0xc5d4, 0xde97, 0xd657, 0xd676, 0xd656,
  0xd656, 0xd656, 0xd656, 0xd656, 0xd656, 0xd656, 0xd656, 0xd656, 0xd656, 0xd656, 0xd656, 0xd656, 0xd656, 0xd656, 0xd656, 0xd656, 0xd656, 0xd656, 0xd656, 0xd656,
  0xd656, 0xd656, 0xe6d8, 0x62ea, 0x2945, 0xef19, 0xd677, 0xc5d4, 0xd656, 0xd636, 0xd636, 0xd636, 0xd636, 0xd636, 0xd636, 0xde77, 0x83ee, 0x5aca, 0xcdf5, 0xd656,
  0x7bad, 0x5aa9, 0xc5d4, 0xde97, 0x9470, 0x5aa9, 0xc5d4, 0x6b4b, 0x4a48, 0x5268, 0x4a68, 0x5ac9, 0xce16, 0xd677, 0x6b2b, 0x630b, 0xd636, 0xd636, 0xce15, 0x5289,
  0x738c, 0xd636, 0xce16, 0xd636, 0xd636, 0xd636, 0xd636, 0xd636, 0xd636, 0xd636, 0xce36, 0xce16, 0xce36, 0xd636, 0xce16, 0xce16, 0xce16, 0xce36, 0xd636, 0xce36,
  0xd636, 0xce36, 0xce36, 0xce16, 0xce16, 0xce16, 0xce15, 0xce16, 0xce15, 0xce15, 0xce15, 0xce15, 0xce15, 0xce16, 0xce15, 0xce15, 0xce16, 0xce36, 0xce36, 0xce16,
  0xce16, 0xcdf5, 0xcdf5, 0xcdf5, 0xc5f5, 0xce15, 0xce15, 0xb553, 0x8c4f, 0x2965, 0x0020, 0x8c4f, 0xe6b8, 0xd656, 0xd656, 0xd656, 0xd656, 0xd656, 0xd656, 0xd656,
  0xd656, 0xd656, 0xd656, 0xd656, 0xd656, 0xd656, 0xd656, 0xde77, 0xce36, 0x18c3, 0x7bcd, 0xf75a, 0xce36, 0xd636, 0xd677, 0xd677, 0xd677, 0xd677, 0xd677, 0xd677,
  0xd677, 0xd677, 0xd677, 0xd677, 0xd677, 0xd677, 0xd677, 0xd677, 0xd677, 0xd677, 0xd677, 0xd677, 0xd677, 0xd677, 0xd677, 0xd677, 0xd677, 0xd677, 0xd677, 0xd677,
  0xd677, 0xd677, 0xd677, 0xd677, 0xd677, 0xd677, 0xd677, 0xd677, 0xd677, 0xd677, 0xd677, 0xd677, 0xd677, 0xd677, 0xd677, 0xd677, 0xd677, 0xd677, 0xd677, 0xd677,
  0xd677, 0xd677, 0xd677, 0xd677, 0xd677, 0xd677, 0xd677, 0xd677, 0xd677, 0xd677, 0xd677, 0xd677, 0xd677, 0xd677, 0xd677, 0xd677, 0xd677, 0xd677, 0xd677, 0xd677,
  0xd677, 0xd677, 0xd677, 0xd677, 0xd677, 0xd677, 0xd677, 0xd677, 0xd677, 0xd677, 0xc5f5, 0xc5d4, 0xbdd4, 0x9cb1, 0x83ce, 0x0020, 0x4207, 0x9cb1, 0xbdb4, 0xde77,
  0xd656, 0xd656, 0xd656, 0xd656, 0xd656, 0xd656, 0xd656, 0xd656, 0xd656, 0xd677, 0xd677, 0xd656, 0xd656, 0xd656, 0xd656, 0xd656, 0xd677, 0xd677, 0xd677, 0xd656,
  0xd656, 0xd656, 0xd656, 0xde97, 0xbdb4, 0x10a2, 0x0882, 0x1082, 0x10a3, 0x18c3, 0x18c3, 0x10a2, 0x10a2, 0x10c3, 0x18c3, 0x18c3, 0x18c3, 0x10c3, 0x10a2, 0x10a2,
  0x10a2, 0x18a3, 0x18c3, 0x18c3, 0x18c3, 0x18c3, 0x18c3, 0x18c3, 0x18c3, 0x10a3, 0x10a3, 0x10a2, 0x1082, 0x10a2, 0x0862, 0xa4f2, 0xdeb8, 0xd656, 0xd656, 0xd656,
  0xd656, 0xd656, 0xd656, 0xd656, 0xd656, 0xd656, 0xd656, 0xd656, 0xd656, 0xd656, 0xd656, 0xd656, 0xd656, 0xd656, 0xd656, 0xd656, 0xd656, 0xd656, 0xd656, 0xd656,
  0xd656, 0xd656, 0xe6d8, 0x5aca, 0x2924, 0xef19, 0xd677, 0xc5d5, 0xd636, 0xd636, 0xd636, 0xd636, 0xd636, 0xd636, 0xce15, 0xd676, 0x5268, 0x18c3, 0xbdb4, 0xd677,
  0x4a28, 0x1081, 0xb573, 0xde77, 0x62ea, 0x0841, 0xbd93, 0x39c6, 0x1082, 0x632b, 0x630b, 0x1081, 0x4a48, 0xce36, 0x31a6, 0x18c3, 0x840e, 0xd657, 0x6b0b, 0x0841,
  0x4207, 0xd656, 0xce15, 0xd636, 0xd636, 0xd636, 0xd636, 0xce16, 0xce16, 0xce16, 0xce15, 0xce15, 0xce15, 0xce15, 0xce16, 0xce16, 0xce15, 0xce15, 0xcdf5, 0xce15,
  0xce15, 0xce15, 0xce16, 0xce16, 0xcdf5, 0xce15, 0xcdf5, 0xc5f5, 0xc5f5, 0xc5f5, 0xcdf5, 0xc5f5, 0xcdf5, 0xcdf5, 0xcdf5, 0xcdf5, 0xcdf5, 0xce15, 0xcdf5, 0xcdf5,
  0xcdf5, 0xc5f5, 0xc5d5, 0xc5f5, 0xc5f5, 0xc5f5, 0xc615, 0xad32, 0x8c2f, 0x2965, 0x0862, 0x8c2f, 0xad32, 0xde77, 0xd656, 0xd656, 0xd656, 0xd656, 0xd656, 0xd656,
  0xd656, 0xd656, 0xd656, 0xd656, 0xd677, 0xd656, 0xd656, 0xde77, 0xce36, 0x18c3, 0x7bad, 0xf75a, 0xce36, 0xd636, 0xd677, 0xd677, 0xd677, 0xd677, 0xd677, 0xd677,
  0xd677, 0xd677, 0xd677, 0xd677, 0xd677, 0xd677, 0xd677, 0xd677, 0xd677, 0xd677, 0xd677, 0xd677, 0xd677, 0xd677, 0xd677, 0xd677, 0xd677, 0xd677, 0xd677, 0xd677,
  0xd677, 0xd677, 0xd677, 0xd677, 0xd677, 0xd677, 0xd677, 0xd677, 0xd677, 0xd677, 0xd677, 0xd677, 0xd677, 0xd677, 0xd677, 0xd677, 0xd677, 0xd677, 0xd677, 0xd677,
  0xd677, 0xd677, 0xd677, 0xd677, 0xd677, 0xd677, 0xd677, 0xd677, 0xd677, 0xd677, 0xd677, 0xd677, 0xd677, 0xd677, 0xd677, 0xd677, 0xd677, 0xd677, 0xd677, 0xd677,
  0xd677, 0xd677, 0xd677, 0xd677, 0xd677, 0xd677, 0xd677, 0xd677, 0xd677, 0xd677, 0xc5f5, 0xc5d5, 0xbdd4, 0xa4d1, 0x83ee, 0x0861, 0x3185, 0xa4d1, 0x83cd, 0xce15,
  0xde77, 0xd656, 0xd656, 0xd656, 0xd656, 0xd656, 0xd656, 0xd656, 0xd656, 0xd677, 0xd677, 0xd677, 0xd677, 0xd656, 0xd677, 0xd677, 0xd677, 0xd677, 0xd677, 0xd677,
  0xd656, 0xd656, 0xeef9, 0x83ce, 0x3185, 0xbd94, 0xce15, 0xce15, 0xce36, 0xce36, 0xce36, 0xce36, 0xce36, 0xce16, 0xce16, 0xce36, 0xce36, 0xce36, 0xce36, 0xce16,
  0xce36, 0xce36, 0xce36, 0xce36, 0xce36, 0xce36, 0xce36, 0xce36, 0xce36, 0xce16, 0xce16, 0xce15, 0xc5f5, 0xd657, 0x9cb1, 0x20e3, 0x7bcd, 0xef19, 0xd676, 0xd657,
  0xd656, 0xd656, 0xd656, 0xd656, 0xd656, 0xd656, 0xd656, 0xd656, 0xd656, 0xd656, 0xd656, 0xd656, 0xd677, 0xd677, 0xd656, 0xd656, 0xd656, 0xd656, 0xd656, 0xd656,
  0xd656, 0xd656, 0xe6d8, 0x5aca, 0x2104, 0xef19, 0xde98, 0xc5f5, 0xd636, 0xd636, 0xd636, 0xd636, 0xd636, 0xd636, 0xce15, 0xd677, 0x5289, 0x2104, 0xce16, 0xa4f1,
  0x2925, 0x2104, 0x5268, 0xd656, 0x630b, 0x1082, 0xbdb4, 0x4a28, 0x2944, 0xce15, 0xd656, 0x3186, 0x2124, 0xc5d5, 0x39e7, 0x18c3, 0x2124, 0x9450, 0x2103, 0x10a3,
  0x4a48, 0xd657, 0xce16, 0xce16, 0xce16, 0xce36, 0xce36, 0xce15, 0xce15, 0xce15, 0xce15, 0xcdf5, 0xcdf5, 0xcdf5, 0xce15, 0xce16, 0xce15, 0xcdf5, 0xcdf5, 0xcdf5,
  0xcdf5, 0xcdf5, 0xcdf5, 0xcdf5, 0xcdf5, 0xcdf5, 0xce15, 0xcdf5, 0xc5f5, 0xc5f5, 0xcdf5, 0xcdf5, 0xcdf5, 0xcdf5, 0xcdf5, 0xcdf5, 0xcdf5, 0xcdf5, 0xc5f5, 0xc5d5,
  0xc5f5, 0xcdf5, 0xcdf5, 0xc5f5, 0xc5f5, 0xc5f5, 0xc5f5, 0xb532, 0x8c4f, 0x3185, 0x0841, 0x83ee, 0x83ee, 0xad12, 0xdeb8, 0xd656, 0xd677, 0xd677, 0xd676, 0xd656,
  0xd656, 0xd656, 0xd656, 0xd656, 0xd656, 0xd656, 0xd656, 0xde77, 0xce36, 0x18c3, 0x7bad, 0xf77b, 0xce36, 0xd636, 0xd677, 0xd677, 0xd677, 0xd677, 0xd677, 0xd677,
  0xd677, 0xd677, 0xd677, 0xd677, 0xd677, 0xd677, 0xd677, 0xd677, 0xd677, 0xd677, 0xd677, 0xd677, 0xd677, 0xd677, 0xd677, 0xd677, 0xd677, 0xd677, 0xd677, 0xd677,
  0xd677, 0xd677, 0xd677, 0xd677, 0xd677, 0xd677, 0xd677, 0xd677, 0xd677, 0xd677, 0xd677, 0xd677, 0xd677, 0xd677, 0xd677, 0xd677, 0xd677, 0xd677, 0xd677, 0xd677,
  0xd677, 0xd677, 0xd677, 0xd677, 0xd677, 0xd677, 0xd677, 0xd677, 0xd677, 0xd677, 0xd677, 0xd677, 0xd677, 0xd677, 0xd677, 0xd677, 0xd677, 0xd677, 0xd677, 0xd677,
  0xd677, 0xd677, 0xd677, 0xd677, 0xd677, 0xd677, 0xd677, 0xd677, 0xd677, 0xd677, 0xc5d4, 0xc5d4, 0xc5d4, 0xa4d1, 0x83ee, 0x0020, 0x4a48, 0x946f, 0x9cd1, 0xd656,
  0xd656, 0xd656, 0xd656, 0xd656, 0xd656, 0xd656, 0xd656, 0xd656, 0xd656, 0xd656, 0xd656, 0xd656, 0xd677, 0xd677, 0xd656, 0xd677, 0xd677, 0xd677, 0xde77, 0xd676,
  0xde76, 0xce36, 0x7bad, 0x4207, 0xb553, 0xf75a, 0xe6f9, 0xe6f9, 0xe6d8, 0xe6b8, 0xe6b8, 0xe6b8, 0xe6b8, 0xdeb8, 0xdeb8, 0xdeb8, 0xdeb8, 0xe6b8, 0xe6b8, 0xe6b8,
  0xe6d8, 0xe6b8, 0xe6b8, 0xe6b8, 0xe6b8, 0xe6b8, 0xdeb8, 0xdeb8, 0xdeb8, 0xe6b7, 0xdeb7, 0xe6b8, 0xe6d8, 0xe6f9, 0xe6f9, 0x840e, 0x2944, 0x6b4b, 0xce15, 0xde77,
  0xd656, 0xd656, 0xd656, 0xd656, 0xd656, 0xd656, 0xd656, 0xd656, 0xd656, 0xd656, 0xd656, 0xd656, 0xd677, 0xd677, 0xd677, 0xd677, 0xd677, 0xd677, 0xd677, 0xd677,
  0xd677, 0xd656, 0xe6d8, 0x5aca, 0x2104, 0xef19, 0xde97, 0xc5f5, 0xce36, 0xce36, 0xce36, 0xce36, 0xce36, 0xce36, 0xce15, 0xde77, 0x736c, 0x2104, 0xb573, 0x9c90,
  0x18c3, 0x18e3, 0x4a28, 0xce36, 0x5289, 0x3185, 0xc5f5, 0x41e7, 0x2124, 0xc615, 0xd676, 0x3186, 0x2104, 0xbdb4, 0x3186, 0x10a3, 0x18c3, 0x18e3, 0x1903, 0x10c3,
  0x4207, 0xd636, 0xce36, 0xce36, 0xce16, 0xce16, 0xce36, 0xce16, 0xce15, 0xce16, 0xce16, 0xce15, 0xce15, 0xce16, 0xce15, 0xce15, 0xce15, 0xce15, 0xce15, 0xce15,
  0xcdf5, 0xcdf5, 0xcdf5, 0xc5f5, 0xc5f5, 0xcdf5, 0xcdf5, 0xcdf5, 0xcdf5, 0xcdf5, 0xc5f5, 0xc5d5, 0xc5d5, 0xc5f5, 0xcdf5, 0xc5f5, 0xcdf5, 0xcdf5, 0xc5f5, 0xc5d5,
  0xc5f5, 0xc5d5, 0xc5f5, 0xc5d5, 0xc5d5, 0xc5f5, 0xc5f5, 0xad32, 0x944f, 0x31a6, 0x1082, 0x9470, 0x7bcd, 0xc615, 0xde97, 0xd656, 0xd677, 0xd676, 0xd676, 0xd656,
  0xd656, 0xd656, 0xd656, 0xd656, 0xd656, 0xd656, 0xd656, 0xde77, 0xce36, 0x18c3, 0x7bcd, 0xf77b, 0xce36, 0xd636, 0xd677, 0xd677, 0xd677, 0xd677, 0xd677, 0x18e3,
  0x18e3, 0x18e3, 0x18e3, 0x18e3, 0x18e3, 0xd677, 0xd677, 0x18e3, 0x18e3, 0xd677, 0xd677, 0x18e3, 0x18e3, 0xd677, 0xd677, 0xd677, 0xd677, 0xd677, 0xd677, 0xd677,
  0xd677, 0x18e3, 0x18e3, 0xd677, 0xd677, 0xd677, 0xd677, 0x18e3, 0x18e3, 0xd677, 0xd677, 0xd677, 0xd677, 0xd677, 0xd677, 0x18e3, 0x18e3, 0xd677, 0xd677, 0xd677,
  0xd677, 0xd677, 0xd677, 0xd677, 0xd677, 0xd677, 0xd677, 0xd677, 0xd677, 0xd677, 0xd677, 0xd677, 0xd677, 0xd677, 0xd677, 0xd677, 0xd677, 0xd677, 0xd677, 0xd677,
  0xd677, 0xd677, 0xd677, 0xd677, 0xd677, 0xd677, 0xd677, 0xd677, 0xd677, 0xd677, 0xc5d5, 0xc5d4, 0xc5f5, 0xa4d1, 0x83ce, 0x0020, 0x2945, 0x9cd1, 0x83ee, 0xce15,
  0xde76, 0xd656, 0xd656, 0xd656, 0xd656, 0xd656, 0xd656, 0xd656, 0xd656, 0xd656, 0xd656, 0xd656, 0xd677, 0xd677, 0xd677, 0xd677, 0xd677, 0xd656, 0xd656, 0xd656,
  0xdeb7, 0xad32, 0x0020, 0x840e, 0xff9b, 0xde97, 0xce36, 0xd657, 0xce15, 0xbd94, 0xc5b4, 0xc5b4, 0xc5d4, 0xc5d4, 0xc5d4, 0xc5d4, 0xc5d4, 0xc5b4, 0xbdb4, 0xbdb4,
  0xbdb4, 0xbdb4, 0xbdb4, 0xbdb4, 0xbdb4, 0xbdb4, 0xbd94, 0xbd94, 0xbd93, 0xbd73, 0xbd73, 0xce16, 0xd677, 0xce15, 0xc5d4, 0xc5d4, 0x5289, 0x0000, 0xa4f1, 0xe6b8,
  0xd656, 0xd656, 0xd656, 0xd656, 0xd656, 0xd656, 0xd656, 0xd656, 0xd656, 0xd656, 0xd656, 0xd656, 0xd677, 0xd677, 0xd677, 0xd677, 0xd677, 0xd677, 0xd677, 0xd677,
  0xd677, 0xd656, 0xe6d8, 0x5aaa, 0x2103, 0xef19, 0xdeb7, 0xc5f5, 0xce16, 0xce16, 0xce16, 0xce16, 0xce15, 0xce36, 0xce36, 0xd636, 0xce36, 0x2965, 0x632b, 0x5aca,
  0x3165, 0x5aaa, 0x20e3, 0x946f, 0x2124, 0x9cd1, 0xde97, 0x39a6, 0x18c3, 0x5289, 0x5269, 0x0861, 0x62ea, 0xc5f5, 0x2965, 0x2124, 0x5aca, 0x2104, 0x5aca, 0x18e3,
  0x4207, 0xd636, 0xce16, 0xce16, 0xce16, 0xce15, 0xce16, 0xce15, 0xce16, 0xce16, 0xce15, 0xce15, 0xcdf5, 0xce15, 0xce15, 0xce15, 0xce15, 0xce15, 0xce15, 0xcdf5,
  0xcdf5, 0xcdf5, 0xcdf5, 0xcdf5, 0xcdf5, 0xc5d5, 0xc5f5, 0xce15, 0xc5f5, 0xc5f5, 0xcdf5, 0xc5d5, 0xc5d5, 0xc5f5, 0xcdf5, 0xc5f5, 0xcdf5, 0xcdf5, 0xc5f5, 0xc5d5,
  0xc5d5, 0xc5d4, 0xc5d5, 0xc5d5, 0xc5d5, 0xc5f5, 0xc5f5, 0xad52, 0x946f, 0x31a6, 0x0841, 0x7bcd, 0x83ad, 0xa4f1, 0xe6b8, 0xd656, 0xd677, 0xd676, 0xd676, 0xd676,
  0xd656, 0xd656, 0xd656, 0xd656, 0xd656, 0xd656, 0xd656, 0xde77, 0xce36, 0x18c3, 0x7bcd, 0xf77b, 0xd656, 0xd656, 0xd677, 0xd677, 0xd677, 0xd677, 0xd677, 0x18e3,
  0x18e3, 0x18e3, 0x18e3, 0x18e3, 0x18e3, 0xd677, 0xd677, 0x18e3, 0x18e3, 0xd677, 0xd677, 0x18e3, 0x18e3, 0xd677, 0xd677, 0xd677, 0xd677, 0xd677, 0xd677, 0xd677,
  0xd677, 0x18e3, 0x18e3, 0xd677, 0xd677, 0xd677, 0xd677, 0x18e3, 0x18e3, 0xd677, 0xd677, 0xd677, 0xd677, 0xd677, 0xd677, 0x18e3, 0x18e3, 0xd677, 0xd677, 0xd677,
  0xd677, 0xd677, 0xd677, 0xd677, 0xd677, 0xd677, 0xd677, 0xd677, 0xd677, 0xd677, 0xd677, 0xd677, 0xd677, 0xd677, 0xd677, 0xd677, 0xd677, 0xd677, 0xd677, 0xd677,
  0xd677, 0xd677, 0xd677, 0xd677, 0xd677, 0xd677, 0xd677, 0xd677, 0xd677, 0xd677, 0xc5f5, 0xc5f5, 0xc5f5, 0xa4f1, 0x83cd, 0x0000, 0x4207, 0x9cb0, 0xa4d1, 0xd656,
  0xd656, 0xd656, 0xd656, 0xd656, 0xd656, 0xd656, 0xd656, 0xd656, 0xd656, 0xd677, 0xd677, 0xd656, 0xd677, 0xd677, 0xd677, 0xd677, 0xd656, 0xd656, 0xd656, 0xd657,
  0xdeb8, 0xb553, 0x1082, 0x840e, 0xf75a, 0xce36, 0xce16, 0xad12, 0x9cb1, 0x8c4f, 0x9470, 0x9490, 0x946f, 0x946f, 0x946f, 0x9490, 0x9490, 0x9490, 0x946f, 0x946f,
  0x9470, 0x946f, 0x946f, 0x944f, 0x8c4f, 0x8c4f, 0x8c4f, 0x8c4f, 0x8c4f, 0x8c4f, 0x946f, 0x9cd1, 0xa4f2, 0xce15, 0xbd93, 0xad32, 0x52a9, 0x0000, 0xad12, 0xe6b8,
  0xd656, 0xd656, 0xd656, 0xd656, 0xd656, 0xd656, 0xd656, 0xd677, 0xd677, 0xd677, 0xd677, 0xd677, 0xd677, 0xd677, 0xd656, 0xd677, 0xd677, 0xd677, 0xd677, 0xd677,
  0xd677, 0xd656, 0xe6d8, 0x5aaa, 0x2103, 0xef19, 0xdeb8, 0xc5f5, 0xce36, 0xce16, 0xce16, 0xce16, 0xce15, 0xce36, 0xce36, 0xce35, 0xcdf5, 0x2944, 0x4248, 0x31a6,
  0x6b2b, 0xad32, 0x18c3, 0x6b2c, 0x2124, 0x9cb0, 0xd676, 0x39a6, 0x10a3, 0x5aa9, 0x5aa9, 0x736c, 0xd656, 0xce36, 0x3186, 0x39c6, 0xad12, 0x3164, 0xb574, 0x2145,
  0x4a48, 0xd656, 0xce15, 0xce15, 0xce15, 0xce16, 0xce36, 0xce15, 0xce16, 0xce16, 0xce15, 0xce15, 0xcdf5, 0xcdf5, 0xce15, 0xce15, 0xcdf5, 0xcdf5, 0xce15, 0xcdf5,
  0xcdf5, 0xcdf5, 0xce15, 0xcdf5, 0xc5f5, 0xcdf5, 0xcdf5, 0xce15, 0xcdf5, 0xcdf5, 0xcdf5, 0xc5d5, 0xc5d5, 0xcdf5, 0xcdf5, 0xcdf5, 0xcdf5, 0xcdf5, 0xcdf5, 0xcdf5,
  0xc5d5, 0xc5f5, 0xcdf5, 0xcdf5, 0xc5f5, 0xc5f5, 0xc5f5, 0xb552, 0x9470, 0x31a6, 0x1062, 0x83ed, 0x8c2e, 0xc5b4, 0xde97, 0xd656, 0xd677, 0xd676, 0xd676, 0xd676,
  0xd656, 0xd656, 0xd656, 0xd656, 0xd656, 0xd656, 0xd656, 0xde77, 0xce36, 0x18c3, 0x7bcd, 0xf77b, 0xd636, 0xd656, 0xd677, 0xd677, 0xd677, 0xd677, 0xd677, 0x18e3,
  0x18e3, 0xd677, 0xd677, 0xd677, 0xd677, 0xd677, 0xd677, 0x18e3, 0x18e3, 0xd677, 0xd677, 0x18e3, 0x18e3, 0xd677, 0xd677, 0xd677, 0xd677, 0xd677, 0xd677, 0x18e3,
  0x18e3, 0xd677, 0xd677, 0x18e3, 0x18e3, 0xd677, 0xd677, 0x18e3, 0x18e3, 0xd677, 0xd677, 0xd677, 0xd677, 0xd677, 0xd677, 0x18e3, 0x18e3, 0xd677, 0xd677, 0xd677,
  0xd677, 0xd677, 0xd677, 0xd677, 0xd677, 0xd677, 0xd677, 0xd677, 0xd677, 0xd677, 0xd677, 0xd677, 0xd677, 0xd677, 0xd677, 0xd677, 0xd677, 0xd677, 0xd677, 0xd677,
  0xd677, 0xd677, 0xd677, 0xd677, 0xd677, 0xd677, 0xd677, 0xd677, 0xd677, 0xd677, 0xc5d5, 0xc5f5, 0xc5f5, 0xa4d1, 0x7bcd, 0x0020, 0x3165, 0xa4d1, 0x840e, 0xce15,
  0xde76, 0xd656, 0xd656, 0xd656, 0xd656, 0xd656, 0xd656, 0xd656, 0xd656, 0xd676, 0xd676, 0xd677, 0xd677, 0xd677, 0xd677, 0xd677, 0xd656, 0xd656, 0xd656, 0xd657,
  0xdeb8, 0xad32, 0x0862, 0x840e, 0xf75a, 0xce36, 0xbd94, 0x2103, 0x0861, 0x0841, 0x0861, 0x0841, 0x0041, 0x0041, 0x0041, 0x0841, 0x0841, 0x0841, 0x0041, 0x0041,
  0x0841, 0x0041, 0x0041, 0x0020, 0x0021, 0x0841, 0x0041, 0x0020, 0x0020, 0x0841, 0x1082, 0x10a2, 0x2104, 0xc5d4, 0xc5d4, 0xb553, 0x5aa9, 0x0000, 0xacf2, 0xe6b8,
  0xd656, 0xd656, 0xd656, 0xd656, 0xd656, 0xd656, 0xd656, 0xd676, 0xd677, 0xd677, 0xd676, 0xd676, 0xd677, 0xd677, 0xd677, 0xd677, 0xd677, 0xd677, 0xd677, 0xd656,
  0xd677, 0xd656, 0xe6d8, 0x5aa9, 0x2103, 0xef19, 0xdeb7, 0xc5f5, 0xce16, 0xce36, 0xce16, 0xce16, 0xce15, 0xce36, 0xce15, 0xce35, 0xcdf5, 0x4207, 0x18e3, 0x18c3,
  0x9490, 0xce36, 0x3186, 0x2145, 0x39c6, 0xad12, 0xd636, 0x39c6, 0x20e3, 0xc5f4, 0xde76, 0xd656, 0xd615, 0xd636, 0x39c7, 0x2965, 0xbdb4, 0xbdb4, 0xbd94, 0x2124,
  0x4a68, 0xd636, 0xcdf5, 0xce15, 0xce15, 0xce15, 0xce15, 0xce15, 0xce15, 0xce15, 0xcdf5, 0xcdf5, 0xce15, 0xcdf5, 0xce15, 0xce16, 0xce15, 0xcdf5, 0xcdf5, 0xce15,
  0xcdf5, 0xcdf5, 0xcdf5, 0xcdf5, 0xcdf5, 0xc5f5, 0xcdf5, 0xce15, 0xcdf5, 0xce15, 0xc5f5, 0xc5d5, 0xc5d5, 0xc5d5, 0xc5f5, 0xc5f5, 0xcdf5, 0xc5f5, 0xc5f5, 0xcdf5,
  0xc5f5, 0xc5d5, 0xcdf5, 0xc5f5, 0xc5f5, 0xc5d5, 0xc5f5, 0xb553, 0x944f, 0x3185, 0x0841, 0x83ee, 0x840e, 0xad32, 0xde97, 0xd656, 0xd677, 0xd676, 0xd676, 0xd676,
  0xd656, 0xd656, 0xd656, 0xd656, 0xd656, 0xd656, 0xd656, 0xde77, 0xce36, 0x18c3, 0x7bad, 0xf77b, 0xce16, 0xd636, 0xd677, 0xd677, 0xd677, 0xd677, 0xd677, 0x18e3,
  0x18e3, 0xd677, 0xd677, 0xd677, 0xd677, 0xd677, 0xd677, 0x18e3, 0x18e3, 0xd677, 0xd677, 0x18e3, 0x18e3, 0xd677, 0xd677, 0xd677, 0xd677, 0xd677, 0xd677, 0x18e3,
  0x18e3, 0xd677, 0xd677, 0x18e3, 0x18e3, 0xd677, 0xd677, 0x18e3, 0x18e3, 0xd677, 0xd677, 0xd677, 0xd677, 0xd677, 0xd677, 0x18e3, 0x18e3, 0xd677, 0xd677, 0xd677,
  0xd677, 0xd677, 0xd677, 0xd677, 0xd677, 0xd677, 0xd677, 0xd677, 0xd677, 0xd677, 0xd677, 0xd677, 0xd677, 0xd677, 0xd677, 0xd677, 0xd677, 0xd677, 0xd677, 0xd677,
  0xd677, 0xd677, 0xd677, 0xd677, 0xd677, 0xd677, 0xd677, 0xd677, 0xd677, 0xd677, 0xc5d4, 0xc5d4, 0xc5d4, 0xa4d1, 0x7bcd, 0x0020, 0x4207, 0x9cb1, 0x9490, 0xd656,
  0xd676, 0xd656, 0xd656, 0xd656, 0xd656, 0xd656, 0xd656, 0xd677, 0xd677, 0xd677, 0xd656, 0xd656, 0xd677, 0xde77, 0xd677, 0xd677, 0xd656, 0xd656, 0xd656, 0xd656,
  0xe6b7, 0xad32, 0x0861, 0x840e, 0xf77b, 0xce15, 0xbd73, 0x18e3, 0x2124, 0x62ea, 0x630b, 0x62eb, 0x62ea, 0x62ea, 0x62ea, 0x62ea, 0x62ea, 0x5aca, 0x5aea, 0x62ea,
  0x5aca, 0x5aca, 0x5aca, 0x5aca, 0x5aca, 0x5aea, 0x5aea, 0x5aea, 0x5aca, 0x62ea, 0x632b, 0x2965, 0x2104, 0xce15, 0xce16, 0xb573, 0x5aaa, 0x0000, 0xa512, 0xe6b8,
  0xd656, 0xd656, 0xd656, 0xd656, 0xd656, 0xd656, 0xd676, 0xd676, 0xd656, 0xd656, 0xd676, 0xd676, 0xd677, 0xd677, 0xd677, 0xd677, 0xd677, 0xd677, 0xd677, 0xd677,
  0xd677, 0xd656, 0xe6d8, 0x5aa9, 0x2103, 0xef19, 0xdeb7, 0xc5f5, 0xce36, 0xce36, 0xce15, 0xce15, 0xce15, 0xce15, 0xce36, 0xce15, 0xd656, 0xa4f2, 0x10a2, 0x3186,
  0xbdd4, 0xd656, 0x736c, 0x0021, 0x7bad, 0xde77, 0xce16, 0x39c6, 0x10c2, 0xbd93, 0xcdf5, 0xc5f5, 0xd636, 0xd656, 0x3165, 0x18e3, 0xbdb4, 0xd656, 0xb553, 0x10a2,
  0x4207, 0xd636, 0xcdf5, 0xce16, 0xce16, 0xce16, 0xce16, 0xce15, 0xce16, 0xce15, 0xce15, 0xce15, 0xce15, 0xce15, 0xce15, 0xce16, 0xce15, 0xce15, 0xcdf5, 0xcdf5,
  0xce15, 0xce15, 0xcdf5, 0xcdf5, 0xcdf5, 0xc5d5, 0xc5f5, 0xcdf5, 0xcdf5, 0xcdf5, 0xcdf5, 0xc5f5, 0xc5d4, 0xc5d5, 0xc5f5, 0xc5f5, 0xc5d5, 0xc5d5, 0xc5d5, 0xc5d5,
  0xc5f5, 0xc5f5, 0xc5d5, 0xcdf5, 0xc5f5, 0xc5d5, 0xc5f5, 0xb573, 0x8c4f, 0x2965, 0x0861, 0x8c2f, 0x83ee, 0xbdb4, 0xde97, 0xd656, 0xd656, 0xd656, 0xd656, 0xd656,
  0xd656, 0xd656, 0xd656, 0xd656, 0xd656, 0xd656, 0xd656, 0xde77, 0xce36, 0x18c2, 0x7bad, 0xf75a, 0xce16, 0xd636, 0xd677, 0xd677, 0xd677, 0xd677, 0xd677, 0x18e3,
  0x18e3, 0xd677, 0xd677, 0xd677, 0xd677, 0xd677, 0xd677, 0x18e3, 0x18e3, 0x18e3, 0x18e3, 0x18e3, 0x18e3, 0xd677, 0xd677, 0xd677, 0xd677, 0xd677, 0xd677, 0x18e3,
  0x18e3, 0x18e3, 0x18e3, 0x18e3, 0x18e3, 0xd677, 0xd677, 0x18e3, 0x18e3, 0xd677, 0xd677, 0xd677, 0xd677, 0xd677, 0xd677, 0x18e3, 0x18e3, 0xd677, 0xd677, 0xd677,
  0xd677, 0xd677, 0xd677, 0xd677, 0xd677, 0xd677, 0xd677, 0xd677, 0xd677, 0xd677, 0xd677, 0xd677, 0xd677, 0xd677, 0xd677, 0xd677, 0xd677, 0xd677, 0xd677, 0xd677,
  0xd677, 0xd677, 0xd677, 0xd677, 0xd677, 0xd677, 0xd677, 0xd677, 0xd677, 0xd677, 0xc5f5, 0xc5d5, 0xc5d4, 0xa4d1, 0x83ee, 0x0020, 0x3185, 0x9cb1, 0x8c2f, 0xce15,
  0xd676, 0xd656, 0xd656, 0xd656, 0xd656, 0xd656, 0xd656, 0xd656, 0xd656, 0xd656, 0xe6b8, 0xe6d8, 0xd676, 0xde77, 0xd656, 0xd656, 0xd656, 0xd656, 0xd656, 0xd656,
  0xe6b7, 0xb533, 0x0862, 0x840e, 0xf77a, 0xce36, 0xbd94, 0x10a2, 0x4228, 0xf75a, 0xef19, 0xef19, 0xf739, 0xf73a, 0xf73a, 0xf739, 0xf739, 0xef19, 0xf739, 0xf739,
  0xf739, 0xef19, 0xf739, 0xf739, 0xf739, 0xf73a, 0xef3a, 0xf73a, 0xef39, 0xef19, 0xf75a, 0x4207, 0x18c3, 0xd677, 0xd657, 0xb573, 0x5aaa, 0x0000, 0xa4f1, 0xe6b7,
  0xd656, 0xd656, 0xd656, 0xd656, 0xd656, 0xd677, 0xd677, 0xde77, 0xe6d8, 0xe6d8, 0xd677, 0xd677, 0xd677, 0xd677, 0xd677, 0xd677, 0xd677, 0xd677, 0xd677, 0xd677,
  0xd677, 0xd656, 0xe6d8, 0x5aa9, 0x2103, 0xef19, 0xdeb7, 0xc5f5, 0xd636, 0xd636, 0xd636, 0xd636, 0xd636, 0xd636, 0xd636, 0xce36, 0xd657, 0xb573, 0x41e6, 0x5aca,
  0xce15, 0xd656, 0x8c0e, 0x2945, 0x8c0e, 0xd676, 0xd657, 0x630b, 0x4a48, 0xc5f5, 0xd636, 0xce15, 0xce36, 0xd657, 0x5289, 0x4a28, 0xc5d4, 0xd615, 0xbd93, 0x39c6,
  0x62ea, 0xd636, 0xce15, 0xce16, 0xd636, 0xd636, 0xce36, 0xce36, 0xce36, 0xce36, 0xce16, 0xce15, 0xce16, 0xce15, 0xce15, 0xce16, 0xce16, 0xce16, 0xce15, 0xce15,
  0xce15, 0xce15, 0xcdf5, 0xcdf5, 0xcdf5, 0xc5f5, 0xcdf5, 0xcdf5, 0xcdf5, 0xc5d5, 0xcdf5, 0xcdf5, 0xc5d5, 0xc5f5, 0xcdf5, 0xcdf5, 0xcdf5, 0xcdf5, 0xcdf5, 0xcdf5,
  0xcdf5, 0xcdf5, 0xcdf5, 0xcdf5, 0xce15, 0xce15, 0xce15, 0xb553, 0x8c2f, 0x3165, 0x1082, 0x9490, 0x7bcd, 0xbd94, 0xde97, 0xd656, 0xd677, 0xd676, 0xd656, 0xd656,
  0xd656, 0xd656, 0xd656, 0xd656, 0xd656, 0xd656, 0xd656, 0xde77, 0xce36, 0x18c3, 0x7b8d, 0xf75a, 0xce15, 0xd636, 0xd677, 0xd677, 0xd677, 0xd677, 0xd677, 0x18e3,
  0x18e3, 0xd677, 0xd677, 0xd677, 0xd677, 0xd677, 0xd677, 0x18e3, 0x18e3, 0x18e3, 0x18e3, 0x18e3, 0x18e3, 0xd677, 0xd677, 0xd677, 0xd677, 0xd677, 0xd677, 0x18e3,
  0x18e3, 0x18e3, 0x18e3, 0x18e3, 0x18e3, 0xd677, 0xd677, 0x18e3, 0x18e3, 0xd677, 0xd677, 0xd677, 0xd677, 0xd677, 0xd677, 0x18e3, 0x18e3, 0xd677, 0xd677, 0xd677,
  0xd677, 0xd677, 0xd677, 0xd677, 0xd677, 0xd677, 0xd677, 0xd677, 0xd677, 0xd677, 0xd677, 0xd677, 0xd677, 0xd677, 0xd677, 0xd677, 0xd677, 0xd677, 0xd677, 0xd677,
  0xd677, 0xd677, 0xd677, 0xd677, 0xd677, 0xd677, 0xd677, 0xd677, 0xd677, 0xd677, 0xc5f5, 0xc5f5, 0xc615, 0xa4d1, 0x83ce, 0x0020, 0x39c6, 0x9470, 0x8c4f, 0xd635,
  0xd656, 0xd656, 0xd656, 0xd656, 0xd656, 0xd656, 0xd656, 0xd656, 0xd656, 0xde97, 0x8c2f, 0x83ee, 0xd677, 0xd656, 0xd656, 0xd656, 0xd656, 0xd656, 0xd656, 0xd656,
  0xe6b7, 0xad33, 0x0862, 0x840e, 0xf77a, 0xce16, 0xbd74, 0x18e3, 0x4207, 0xe6d8, 0xdeb7, 0xdeb7, 0xe6b8, 0xdeb8, 0xdeb8, 0xe6b8, 0xe6d8, 0xe6b8, 0xe6b8, 0xdeb8,
  0xdeb7, 0xe6b8, 0xe6d8, 0xe6d8, 0xe6d8, 0xdeb8, 0xdeb8, 0xe6b8, 0xe6d8, 0xe6b8, 0xe6f8, 0x39c7, 0x18e3, 0xd677, 0xd656, 0xb573, 0x5aaa, 0x0000, 0xa4f1, 0xe6b7,
  0xd656, 0xd656, 0xd656, 0xd656, 0xd656, 0xd676, 0xd656, 0xde77, 0x83ce, 0x83ee, 0xde77, 0xde56, 0xd677, 0xd677, 0xd677, 0xd677, 0xd677, 0xd677, 0xd677, 0xd677,
  0xd656, 0xd656, 0xe6d8, 0x5aa9, 0x2104, 0xef3a, 0xdeb8, 0xcdf5, 0xce36, 0xd636, 0xd636, 0xd636, 0xd636, 0xd636, 0xd636, 0xce36, 0xd636, 0xce36, 0xd656, 0xd657,
  0xce35, 0xce16, 0xce15, 0xce56, 0xce36, 0xce36, 0xce36, 0xd657, 0xd656, 0xce35, 0xce16, 0xce36, 0xce16, 0xce15, 0xce36, 0xce36, 0xce15, 0xce15, 0xce16, 0xce16,
  0xce16, 0xce16, 0xce16, 0xce36, 0xce36, 0xce36, 0xce36, 0xd636, 0xd636, 0xd636, 0xce16, 0xce16, 0xce36, 0xce15, 0xce15, 0xce16, 0xce36, 0xce16, 0xce16, 0xce16,
  0xce15, 0xce15, 0xce16, 0xce15, 0xcdf5, 0xcdf5, 0xce15, 0xcdf5, 0xcdf5, 0xcdf5, 0xce16, 0xce15, 0xcdf5, 0xcdf5, 0xcdf5, 0xce15, 0xce15, 0xcdf5, 0xcdf5, 0xcdf5,
  0xcdf5, 0xc5f5, 0xcdf5, 0xc5f5, 0xcdf5, 0xce15, 0xce36, 0xb553, 0x8c2e, 0x3185, 0x0841, 0x736c, 0x9cb1, 0xb593, 0xde97, 0xd656, 0xd677, 0xd676, 0xd656, 0xd656,
  0xd656, 0xd656, 0xd656, 0xd656, 0xd656, 0xd656, 0xd656, 0xde77, 0xce36, 0x18c3, 0x7bad, 0xf75a, 0xce15, 0xd636, 0xd677, 0xd677, 0xd677, 0xd677, 0xd677, 0x18e3,
  0x18e3, 0xd677, 0xd677, 0xd677, 0xd677, 0xd677, 0xd677, 0x18e3, 0x18e3, 0xd677, 0xd677, 0x18e3, 0x18e3, 0xd677, 0xd677, 0xd677, 0xd677, 0xd677, 0xd677, 0x18e3,
  0x18e3, 0xd677, 0xd677, 0x18e3, 0x18e3, 0xd677, 0xd677, 0x18e3, 0x18e3, 0xd677, 0xd677, 0xd677, 0xd677, 0xd677, 0xd677, 0x18e3, 0x18e3, 0xd677, 0xd677, 0xd677,
  0xd677, 0xd677, 0xd677, 0xd677, 0xd677, 0xd677, 0xd677, 0xd677, 0xd677, 0xd677, 0xd677, 0xd677, 0xd677, 0xd677, 0xd677, 0xd677, 0xd677, 0xd677, 0xd677, 0xd677,
  0xd677, 0xd677, 0xd677, 0xd677, 0xd677, 0xd677, 0xd677, 0xd677, 0xd677, 0xd677, 0xce15, 0xc5f5, 0xbdb4, 0x9c90, 0x83ce, 0x0020, 0x41e7, 0x9470, 0x8c4f, 0xd636,
  0xd656, 0xd656, 0xd656, 0xd656, 0xd656, 0xd656, 0xd656, 0xd656, 0xd656, 0xe6b8, 0x2944, 0x1082, 0xe6d8, 0xde97, 0xd656, 0xd656, 0xd656, 0xd677, 0xd677, 0xd656,
  0xdeb7, 0xad33, 0x0862, 0x8c0f, 0xf77a, 0xce36, 0xb594, 0x18c3, 0x4207, 0xeef9, 0xe6d8, 0xe6d8, 0xe6d8, 0xef19, 0xef39, 0xe6d8, 0xe6d8, 0xe6d8, 0xe6d8, 0xef39,
  0xf75a, 0xe6d8, 0xe6d8, 0xe6f9, 0xe6d8, 0xef19, 0xef39, 0xe6d8, 0xe6f9, 0xe6d8, 0xef19, 0x39e7, 0x18e3, 0xd677, 0xce36, 0xb553, 0x5aaa, 0x0000, 0xacf2, 0xdeb7,
  0xd656, 0xd656, 0xd656, 0xd656, 0xd656, 0xd656, 0xde97, 0xe6f8, 0x1082, 0x1081, 0xde77, 0xd656, 0xd656, 0xd656, 0xd656, 0xd656, 0xd656, 0xd677, 0xd677, 0xd656,
  0xd656, 0xd656, 0xe6d8, 0x5aa9, 0x20e3, 0xef1a, 0xe6b8, 0xcdf5, 0xd636, 0xd636, 0xd636, 0xd636, 0xd636, 0xd636, 0xd636, 0xce36, 0xce36, 0xce36, 0xce36, 0xce36,
  0xce36, 0xce36, 0xce36, 0xce36, 0xce36, 0xce36, 0xce16, 0xce15, 0xce15, 0xce16, 0xce16, 0xce16, 0xce15, 0xce15, 0xce15, 0xce15, 0xce15, 0xce16, 0xce16, 0xce15,
  0xce15, 0xce16, 0xce16, 0xce36, 0xce36, 0xd636, 0xd636, 0xd636, 0xd636, 0xd636, 0xd636, 0xd636, 0xce36, 0xce36, 0xce36, 0xce16, 0xd636, 0xce36, 0xce15, 0xce16,
  0xce16, 0xd636, 0xd636, 0xd636, 0xd636, 0xd636, 0xd636, 0xce16, 0xce16, 0xce15, 0xce16, 0xce15, 0xce15, 0xce15, 0xce15, 0xcdf5, 0xce16, 0xcdf5, 0xce15, 0xcdf5,
  0xcdf5, 0xce15, 0xc5f5, 0xce15, 0xce16, 0xce15, 0xc5d5, 0xb533, 0x8c2e, 0x2965, 0x10a2, 0xa4d2, 0x738c, 0xbd93, 0xde97, 0xd656, 0xd656, 0xd656, 0xd676, 0xd656,
  0xd656, 0xd656, 0xd656, 0xd656, 0xd656, 0xd656, 0xd656, 0xde77, 0xce36, 0x18c3, 0x630b, 0xf75a, 0xd636, 0xd636, 0xd677, 0xd677, 0xd677, 0xd677, 0xd677, 0x18e3,
  0x18e3, 0xd677, 0xd677, 0xd677, 0xd677, 0xd677, 0xd677, 0x18e3, 0x18e3, 0xd677, 0xd677, 0x18e3, 0x18e3, 0xd677, 0xd677, 0xd677, 0xd677, 0xd677, 0xd677, 0x18e3,
  0x18e3, 0xd677, 0xd677, 0x18e3, 0x18e3, 0xd677, 0xd677, 0x18e3, 0x18e3, 0xd677, 0xd677, 0xd677, 0xd677, 0xd677, 0xd677, 0x18e3, 0x18e3, 0xd677, 0xd677, 0xd677,
  0xd677, 0xd677, 0xd677, 0xd677, 0xd677, 0xd677, 0xd677, 0xd677, 0xd677, 0xd677, 0xd677, 0xd677, 0xd677, 0xd677, 0xd677, 0xd677, 0xd677, 0xd677, 0xd677, 0xd677,
  0xd677, 0xd677, 0xd677, 0xd677, 0xd677, 0xd677, 0xd677, 0xd677, 0xd677, 0xd677, 0xd656, 0xce36, 0xc5f5, 0x9cb1, 0x7bcd, 0x0841, 0x3185, 0x9cb1, 0x7bac, 0xcdf5,
  0xd676, 0xd656, 0xd656, 0xd656, 0xd656, 0xd656, 0xd656, 0xd656, 0xd656, 0xde77, 0xad12, 0x8c2f, 0x5268, 0x83ee, 0xde97, 0xd656, 0xd656, 0xd677, 0xd677, 0xd656,
  0xdeb7, 0xb533, 0x0862, 0x8c2f, 0xf77a, 0xce36, 0xbd94, 0x18c3, 0x4207, 0xeef9, 0xe6b8, 0xe6d8, 0xef19, 0x83ee, 0x630a, 0xde77, 0xe6d8, 0xe6d8, 0xef3a, 0x9470,
  0x6b2b, 0xd677, 0xe6d8, 0xe6d8, 0xe6f9, 0x736d, 0x6b2b, 0xdeb8, 0xe6f9, 0xe6d8, 0xef19, 0x4207, 0x18e3, 0xd657, 0xce36, 0xb573, 0x5aaa, 0x0000, 0xacf2, 0xe6b8,
  0xd656, 0xd656, 0xd676, 0xd656, 0xd656, 0xde96, 0x83ee, 0x4a48, 0x8c2f, 0xa4f1, 0xd676, 0xd656, 0xd656, 0xd656, 0xd656, 0xd656, 0xd656, 0xd677, 0xd677, 0xd656,
  0xd656, 0xd656, 0xe6d8, 0x5aca, 0x18e3, 0xe6b8, 0xdeb8, 0xd636, 0xd656, 0xd656, 0xd656, 0xd677, 0xd677, 0xd657, 0xd657, 0xd656, 0xd656, 0xd656, 0xd656, 0xd657,
  0xd657, 0xd657, 0xd677, 0xd677, 0xd677, 0xd657, 0xd657, 0xd657, 0xd657, 0xd657, 0xd657, 0xd656, 0xd656, 0xd656, 0xd656, 0xd656, 0xd656, 0xd656, 0xd656, 0xd656,
  0xd656, 0xd636, 0xd656, 0xd656, 0xd656, 0xd656, 0xd656, 0xd656, 0xd656, 0xd657, 0xd656, 0xd656, 0xd656, 0xd656, 0xd656, 0xd656, 0xd656, 0xd656, 0xd656, 0xd636,
  0xd656, 0xd656, 0xd656, 0xd657, 0xd656, 0xd656, 0xd656, 0xd656, 0xd656, 0xd656, 0xd656, 0xd636, 0xd656, 0xd656, 0xd636, 0xd636, 0xd636, 0xd636, 0xd636, 0xd636,
  0xd656, 0xd656, 0xd656, 0xd656, 0xd656, 0xd636, 0xce36, 0xb573, 0x8c4f, 0x31a6, 0x0861, 0x736c, 0x8c4f, 0xbd93, 0xde97, 0xd656, 0xd656, 0xd656, 0xd676, 0xd656,
  0xd656, 0xd656, 0xd656, 0xd656, 0xd656, 0xd656, 0xd656, 0xde77, 0xce36, 0x18c3, 0x738d, 0xf77a, 0xd656, 0xde77, 0xd677, 0xd677, 0xd677, 0xd677, 0xd677, 0x18e3,
  0x18e3, 0x18e3, 0x18e3, 0x18e3, 0x18e3, 0xd677, 0xd677, 0x18e3, 0x18e3, 0xd677, 0xd677, 0x18e3, 0x18e3, 0xd677, 0xd677, 0xd677, 0xd677, 0xd677, 0xd677, 0x18e3,
  0x18e3, 0xd677, 0xd677, 0x18e3, 0x18e3, 0xd677, 0xd677, 0x18e3, 0x18e3, 0x18e3, 0x18e3, 0x18e3, 0x18e3, 0xd677, 0xd677, 0x18e3, 0x18e3, 0x18e3, 0x18e3, 0x18e3,
  0x18e3, 0xd677, 0xd677, 0xd677, 0xd677, 0xd677, 0xd677, 0xd677, 0xd677, 0xd677, 0xd677, 0xd677, 0xd677, 0xd677, 0xd677, 0xd677, 0xd677, 0xd677, 0xd677, 0xd677,
  0xd677, 0xd677, 0xd677, 0xd677, 0xd677, 0xd677, 0xd677, 0xd677, 0xd677, 0xd677, 0xd677, 0xd656, 0xd676, 0xad32, 0x7bcd, 0x0020, 0x41e7, 0x8c2f, 0xa4d1, 0xd656,
  0xd656, 0xd656, 0xd656, 0xd656, 0xd656, 0xd656, 0xd656, 0xd656, 0xd656, 0xd656, 0xe6d8, 0xc5d5, 0x0000, 0x4a48, 0xe6d8, 0xd656, 0xd677, 0xd677, 0xd656, 0xd656,
  0xdeb7, 0xb533, 0x0882, 0x8c2f, 0xf77b, 0xce36, 0xbd94, 0x18c3, 0x4207, 0xeef9, 0xe6b8, 0xe6b8, 0xef19, 0x41e7, 0x18a2, 0xde77, 0xe6d8, 0xe6d8, 0xef5a, 0x5289,
  0x1082, 0xce36, 0xeef9, 0xe6d8, 0xe6f9, 0x2965, 0x18c3, 0xde97, 0xe6f8, 0xe6d8, 0xef19, 0x4207, 0x18e3, 0xd657, 0xd636, 0xb573, 0x5aaa, 0x0000, 0xacf2, 0xe6b8,
  0xd656, 0xd656, 0xd676, 0xd677, 0xd676, 0xeed9, 0x5289, 0x0000, 0xc5d5, 0xe6d8, 0xd656, 0xd656, 0xd677, 0xd677, 0xd656, 0xd656, 0xd656, 0xd656, 0xd656, 0xd656,
  0xd656, 0xd656, 0xe6d8, 0x5aca, 0x2104, 0xe6d9, 0xde97, 0xd656, 0xde97, 0xde97, 0xde97, 0xdeb8, 0xdeb8, 0xde98, 0xde97, 0xde97, 0xde97, 0xde97, 0xde97, 0xde97,
  0xde97, 0xde98, 0xde98, 0xdeb8, 0xdeb8, 0xde98, 0xde98, 0xde98, 0xde98, 0xde98, 0xde98, 0xde97, 0xde97, 0xde97, 0xde97, 0xde97, 0xde97, 0xde97, 0xde77, 0xde77,
  0xde97, 0xde77, 0xde77, 0xde97, 0xde97, 0xde97, 0xde97, 0xde97, 0xde97, 0xde97, 0xde77, 0xde77, 0xde77, 0xde77, 0xde77, 0xde77, 0xde77, 0xde97, 0xde77, 0xde77,
  0xde77, 0xde77, 0xde77, 0xde77, 0xde77, 0xde77, 0xde77, 0xde77, 0xde77, 0xde77, 0xde77, 0xde77, 0xde77, 0xde77, 0xde77, 0xde77, 0xde77, 0xde77, 0xd677, 0xd677,
  0xde77, 0xde97, 0xde97, 0xd677, 0xd677, 0xd677, 0xd677, 0xbd93, 0x8c4f, 0x39c6, 0x10a3, 0x9c90, 0x7bac, 0xbd93, 0xde97, 0xd656, 0xd656, 0xd656, 0xd656, 0xd656,
  0xd656, 0xd656, 0xd656, 0xd656, 0xd656, 0xd656, 0xd656, 0xde77, 0xce36, 0x18c3, 0x7bad, 0xf75a, 0xd656, 0xad12, 0xd677, 0xd677, 0xd677, 0xd677, 0xd677, 0x18e3,
  0x18e3, 0x18e3, 0x18e3, 0x18e3, 0x18e3, 0xd677, 0xd677, 0x18e3, 0x18e3, 0xd677, 0xd677, 0x18e3, 0x18e3, 0xd677, 0xd677, 0xd677, 0xd677, 0xd677, 0xd677, 0x18e3,
  0x18e3, 0xd677, 0xd677, 0x18e3, 0x18e3, 0xd677, 0xd677, 0x18e3, 0x18e3, 0x18e3, 0x18e3, 0x18e3, 0x18e3, 0xd677, 0xd677, 0x18e3, 0x18e3, 0x18e3, 0x18e3, 0x18e3,
  0x18e3, 0xd677, 0xd677, 0xd677, 0xd677, 0xd677, 0xd677, 0xd677, 0xd677, 0xd677, 0xd677, 0xd677, 0xd677, 0xd677, 0xd677, 0xd677, 0xd677, 0xd677, 0xd677, 0xd677,
  0xd677, 0xd677, 0xd677, 0xd677, 0xd677, 0xd677, 0xd677, 0xd677, 0xd677, 0xd677, 0x8c0e, 0xa511, 0xde97, 0xad32, 0x7bad, 0x0021, 0x2924, 0x9470, 0x7bad, 0xce15,
  0xde77, 0xd656, 0xd656, 0xd656, 0xd656, 0xd656, 0xd656, 0xd656, 0xd656, 0xd656, 0xd656, 0xce15, 0xc5d5, 0x944f, 0x2104, 0xa4d1, 0xe6b8, 0xd656, 0xd656, 0xd656,
  0xdeb7, 0xad33, 0x1082, 0x8c2f, 0xf77b, 0xd636, 0xbd94, 0x18c3, 0x4207, 0xeef9, 0xe6d8, 0xe6d8, 0xeef8, 0x4207, 0x2124, 0xdeb8, 0xeef9, 0xe6b8, 0xeef9, 0x5289,
  0x2104, 0xd677, 0xef1a, 0xe6f9, 0xded8, 0x3185, 0x2944, 0xde98, 0xe6f8, 0xe6d8, 0xef19, 0x41e7, 0x18e3, 0xd677, 0xd636, 0xb573, 0x5aa9, 0x0000, 0xad12, 0xe6b8,
  0xd656, 0xd656, 0xd656, 0xe6b8, 0xad12, 0x2924, 0x842e, 0xc5f5, 0xce15, 0xd636, 0xd656, 0xd676, 0xd677, 0xd677, 0xd677, 0xd656, 0xd656, 0xd656, 0xd656, 0xd656,
  0xd656, 0xd656, 0xe6d8, 0x5aca, 0x2104, 0xeef9, 0xe6d8, 0xc5f5, 0x944f, 0x8c2f, 0x8c4f, 0x8c2f, 0x8c2f, 0x8c2f, 0x8c2f, 0x8c2f, 0x8c2f, 0x8c2f, 0x8c2f, 0x8c2f,
  0x8c2f, 0x8c2f, 0x8c2f, 0x8c2f, 0x8c2f, 0x8c2f, 0x8c2f, 0x8c2f, 0x8c2f, 0x8c2f, 0x8c2f, 0x8c2f, 0x8c2e, 0x8c2e, 0x8c2f, 0x8c2f, 0x8c2f, 0x8c4f, 0x8c2f, 0x8c2f,
  0x8c2f, 0x8c2f, 0x8c2f, 0x8c2f, 0x8c2f, 0x8c2f, 0x8c2e, 0x8c2f, 0x8c0e, 0x8c0e, 0x8c0e, 0x8c2f, 0x8c2f, 0x8c2f, 0x8c2f, 0x8c2f, 0x8c2f, 0x8c4f, 0x8c2f, 0x8c2f,
  0x8c2f, 0x8c4f, 0x944f, 0x944f, 0x944f, 0x944f, 0x8c2f, 0x8c2f, 0x8c2f, 0x8c2f, 0x8c2f, 0x8c2f, 0x8c2f, 0x8c2f, 0x8c2f, 0x8c2f, 0x8c2f, 0x8c2f, 0x8c2f, 0x8c2f,
  0x8c4f, 0x944f, 0x8c4f, 0x944f, 0x8c2f, 0x8c2e, 0xce36, 0xbd93, 0x8c4f, 0x39c6, 0x1082, 0x7b8c, 0x946f, 0xb552, 0xde97, 0xd656, 0xd656, 0xd656, 0xd656, 0xd656,
  0xd656, 0xd656, 0xd656, 0xd656, 0xd656, 0xd656, 0xd656, 0xde77, 0xce36, 0x18c3, 0x7bad, 0xf75a, 0xce16, 0xad12, 0xd677, 0xd677, 0xd677, 0xd677, 0xd677, 0xd677,
  0xd677, 0xd677, 0xd677, 0xd677, 0xd677, 0xd677, 0xd677, 0xd677, 0xd677, 0xd677, 0xd677, 0xd677, 0xd677, 0xd677, 0xd677, 0xd677, 0xd677, 0xd677, 0xd677, 0xd677,
  0xd677, 0xd677, 0xd677, 0xd677, 0xd677, 0xd677, 0xd677, 0xd677, 0xd677, 0xd677, 0xd677, 0xd677, 0xd677, 0xd677, 0xd677, 0xd677, 0xd677, 0xd677, 0xd677, 0xd677,
  0xd677, 0xd677, 0xd677, 0xd677, 0xd677, 0xd677, 0xd677, 0xd677, 0xd677, 0xd677, 0xd677, 0xd677, 0xd677, 0xd677, 0xd677, 0xd677, 0xd677, 0xd677, 0xd677, 0xd677,
  0xd677, 0xd677, 0xd677, 0xd677, 0xd677, 0xd677, 0xd677, 0xd677, 0xd677, 0xd677, 0xa4f1, 0xa4d1, 0xde98, 0xad12, 0x738c, 0x0000, 0x4a27, 0x948f, 0x9cb0, 0xd677,
  0xd656, 0xd656, 0xd656, 0xd656, 0xd656, 0xd656, 0xd656, 0xd656, 0xd656, 0xd656, 0xd656, 0xd656, 0xeef8, 0xad32, 0x20e3, 0x9cb1, 0xe6b8, 0xd656, 0xd656, 0xd656,
  0xdeb7, 0xad33, 0x1082, 0x8c2f, 0xf77b, 0xd636, 0xbd94, 0x18c3, 0x4207, 0xeef9, 0xe6d8, 0xe6d8, 0xeef9, 0x4a48, 0x3185, 0xe6b8, 0xeef9, 0xe6b8, 0xeef9, 0x5289,
  0x2104, 0xd677, 0xef19, 0xe6d9, 0xded8, 0x41e6, 0x39c6, 0xe6d9, 0xe6f9, 0xe6d8, 0xef19, 0x41e7, 0x18e3, 0xd677, 0xd656, 0xb573, 0x5aa9, 0x0000, 0xa4f2, 0xe6b8,
  0xd656, 0xd656, 0xd656, 0xe6b8, 0xa4f2, 0x18e3, 0xa4d1, 0xeef8, 0xd656, 0xd656, 0xd656, 0xd656, 0xd677, 0xd677, 0xd677, 0xd656, 0xd656, 0xd656, 0xd656, 0xd656,
  0xd656, 0xd656, 0xe6d8, 0x5aca, 0x2104, 0xef19, 0xe6d8, 0xbdb4, 0x9c90, 0xad12, 0xa4f2, 0xa4f1, 0xa4f1, 0xa4f1, 0xa4f1, 0xa4f1, 0xa4f1, 0xa4f1, 0xa4f1, 0xa4f1,
  0xa4f1, 0xa4f1, 0xa4f1, 0xa4f1, 0xa4f1, 0xa4f1, 0xa4f1, 0xa4f1, 0xa4f2, 0xa4f1, 0xa4f1, 0xa4f1, 0xa4f1, 0xa4f1, 0xa4f1, 0xa4f1, 0xa511, 0xa512, 0xa4f1, 0xa4f1,
  0xa4f1, 0xa4f1, 0xa4f1, 0xa4f1, 0xa4f1, 0xa4f1, 0xa4f1, 0xa4f1, 0xa4f1, 0xa4f1, 0xa4f1, 0xa4f1, 0xa4f1, 0xa4f1, 0xa4f1, 0xa4f1, 0xa4f1, 0xa4f1, 0xa4f1, 0xa4f1,
  0xa4f1, 0xad12, 0xad12, 0xad12, 0xad12, 0xacf2, 0xa4f2, 0xa4f1, 0xa4f1, 0xa4f2, 0xa4f1, 0xa4f1, 0xa4f1, 0xa4f1, 0xa4f1, 0xa4f1, 0xa4f1, 0xa4f1, 0xa4f1, 0xa4f1,
  0xa4f1, 0xa4f1, 0xa4f1, 0xa4f1, 0xa4d1, 0xa4d1, 0xce36, 0xbdb4, 0x944f, 0x31a6, 0x10a3, 0x9470, 0x7bac, 0xad32, 0xdeb7, 0xd656, 0xd656, 0xd656, 0xd656, 0xd656,
  0xd656, 0xd656, 0xd656, 0xd656, 0xd656, 0xd656, 0xd656, 0xde77, 0xce36, 0x18c3, 0x7bce, 0xf75a, 0xc5f5, 0xe6b8, 0xd677, 0xd677, 0xd677, 0xd677, 0xd677, 0xd677,
  0xd677, 0xd677, 0xd677, 0xd677, 0xd677, 0xd677, 0xd677, 0xd677, 0xd677, 0xd677, 0xd677, 0xd677, 0xd677, 0xd677, 0xd677, 0xd677, 0xd677, 0xd677, 0xd677, 0xd677,
  0xd677, 0xd677, 0xd677, 0xd677, 0xd677, 0xd677, 0xd677, 0xd677, 0xd677, 0xd677, 0xd677, 0xd677, 0xd677, 0xd677, 0xd677, 0xd677, 0xd677, 0xd677, 0xd677, 0xd677,
  0xd677, 0xd677, 0xd677, 0xd677, 0xd677, 0xd677, 0xd677, 0xd677, 0xd677, 0xd677, 0xd677, 0xd677, 0xd677, 0xd677, 0xd677, 0xd677, 0xd677, 0xd677, 0xd677, 0xd677,
  0xd677, 0xd677, 0xd677, 0xd677, 0xd677, 0xd677, 0xd677, 0xd677, 0xd677, 0xd677, 0xef19, 0xef19, 0xde97, 0xa4f1, 0x736c, 0x0841, 0x2924, 0xa4f2, 0x83cd, 0xc5d4,
  0xde77, 0xd656, 0xd656, 0xd656, 0xd656, 0xd656, 0xd656, 0xd656, 0xd656, 0xd656, 0xd656, 0xd677, 0xd676, 0xd676, 0xd677, 0xd677, 0xd656, 0xd677, 0xde77, 0xd656,
  0xdeb7, 0xad33, 0x1082, 0x8c2f, 0xf77b, 0xd636, 0xbd94, 0x18c3, 0x4207, 0xeef9, 0xe6d8, 0xe6d8, 0xe6d8, 0xd697, 0xd677, 0xe6d8, 0xe6d8, 0xe6b8, 0xef19, 0x5aca,
  0x2104, 0xd657, 0xef19, 0xe6d8, 0xe6d8, 0xd697, 0xde97, 0xe6f8, 0xe6f8, 0xe6f8, 0xef19, 0x41e7, 0x18e3, 0xd677, 0xd656, 0xb573, 0x5aa9, 0x0000, 0xa4f1, 0xdeb7,
  0xd656, 0xd656, 0xd656, 0xd677, 0xd676, 0xd677, 0xd677, 0xd676, 0xd676, 0xd656, 0xd656, 0xd656, 0xd656, 0xd656, 0xd656, 0xd656, 0xd656, 0xd656, 0xd656, 0xd656,
  0xd677, 0xd656, 0xe6d8, 0x62ea, 0x2124, 0xef19, 0xde97, 0xd677, 0xf73a, 0xef19, 0xef19, 0xef19, 0xef19, 0xef19, 0xef19, 0xef19, 0xef19, 0xef19, 0xef19, 0xef19,
  0xef19, 0xef19, 0xef19, 0xef19, 0xef19, 0xef19, 0xef19, 0xef19, 0xef19, 0xef39, 0xef19, 0xef19, 0xef19, 0xef19, 0xef19, 0xef19, 0xef19, 0xef19, 0xef19, 0xef19,
  0xef19, 0xef19, 0xef19, 0xef19, 0xef19, 0xef19, 0xef19, 0xef19, 0xef19, 0xef19, 0xef19, 0xef19, 0xef19, 0xef19, 0xef19, 0xef19, 0xef19, 0xef19, 0xef19, 0xef19,
  0xef19, 0xef19, 0xef19, 0xef19, 0xef19, 0xeef9, 0xef19, 0xef19, 0xef19, 0xef19, 0xef19, 0xef19, 0xef19, 0xef19, 0xef19, 0xef19, 0xef19, 0xef19, 0xef19, 0xef19,
  0xef19, 0xef19, 0xef19, 0xef19, 0xef19, 0xeef9, 0xd677, 0xb573, 0x8c2e, 0x3186, 0x1082, 0x7bad, 0x8c4f, 0xb553, 0xde97, 0xd656, 0xd656, 0xd656, 0xd656, 0xd656,
  0xd656, 0xd656, 0xd656, 0xd656, 0xd656, 0xd656, 0xd656, 0xde77, 0xce36, 0x18c3, 0x7bce, 0xf75a, 0xc5f5, 0xde77, 0xd677, 0xd677, 0xd677, 0xd677, 0xd677, 0xd677,
  0xd677, 0xd677, 0xd677, 0xd677, 0xd677, 0xd677, 0xd677, 0xd677, 0xd677, 0xd677, 0xd677, 0xd677, 0xd677, 0xd677, 0xd677, 0xd677, 0xd677, 0xd677, 0xd677, 0xd677,
  0xd677, 0xd677, 0xd677, 0xd677, 0xd677, 0xd677, 0xd677, 0xd677, 0xd677, 0xd677, 0xd677, 0xd677, 0xd677, 0xd677, 0xd677, 0xd677, 0xd677, 0xd677, 0xd677, 0xd677,
  0xd677, 0xd677, 0xd677, 0xd677, 0xd677, 0xd677, 0xd677, 0xd677, 0xd677, 0xd677, 0xd677, 0xd677, 0xd677, 0xd677, 0xd677, 0xd677, 0xd677, 0xd677, 0xd677, 0xd677,
  0xd677, 0xd677, 0xd677, 0xd677, 0xd677, 0xd677, 0xd677, 0xd677, 0xd677, 0xd677, 0xe6d8, 0xe6b8, 0xde97, 0xa4f1, 0x7bad, 0x0841, 0x52a9, 0x8c4f, 0xa4f1, 0xde77,
  0xd656, 0xd656, 0xd656, 0xd656, 0xd656, 0xd656, 0xd656, 0xd656, 0xd656, 0xd656, 0xd656, 0xd677, 0xd677, 0xd676, 0xd657, 0xd656, 0xd656, 0xd677, 0xd677, 0xd656,
  0xdeb7, 0xad33, 0x0882, 0x8c2f, 0xf77b, 0xd636, 0xbd94, 0x18c3, 0x4207, 0xeef9, 0xe6d8, 0xe6d8, 0xe6d8, 0xe6f8, 0xe6d8, 0xe6d8, 0xe6d8, 0xe6d8, 0xff9b, 0x5aaa,
  0x20e4, 0xce36, 0xe6f8, 0xe6d8, 0xe6d8, 0xe6f9, 0xe6f8, 0xe6d9, 0xe6d8, 0xe6d8, 0xef19, 0x41e7, 0x18e3, 0xde97, 0xd656, 0xb553, 0x5a89, 0x0000, 0xa4f1, 0xe6b7,
  0xd656, 0xd656, 0xd656, 0xd656, 0xd656, 0xd656, 0xd656, 0xd677, 0xd677, 0xd656, 0xd656, 0xd656, 0xd656, 0xd656, 0xd656, 0xd656, 0xd656, 0xd656, 0xd656, 0xd656,
  0xd677, 0xd656, 0xe6d8, 0x62ea, 0x2924, 0xef19, 0xde97, 0xd676, 0xe6f8, 0xe6d8, 0xe6d8, 0xe6d8, 0xe6d8, 0xe6d8, 0xe6d8, 0xe6d8, 0xe6d8, 0xe6d8, 0xe6d8, 0xe6d8,
  0xe6d8, 0xe6d8, 0xe6d8, 0xe6d8, 0xe6d8, 0xe6d8, 0xe6d8, 0xe6d8, 0xe6d8, 0xe6d8, 0xe6d8, 0xe6d8, 0xe6d8, 0xe6d8, 0xe6d8, 0xe6d8, 0xe6d8, 0xe6d8, 0xe6d8, 0xe6d8,
  0xe6d8, 0xe6d8, 0xe6d8, 0xe6d8, 0xe6d8, 0xe6d8, 0xe6d8, 0xe6d8, 0xe6d8, 0xe6d8, 0xe6d8, 0xe6d8, 0xe6d8, 0xe6d8, 0xe6b8, 0xe6d8, 0xe6d8, 0xe6d8, 0xe6d8, 0xe6d8,
  0xe6d8, 0xe6d8, 0xe6d8, 0xe6d8, 0xe6b8, 0xe6d8, 0xe6d8, 0xe6d8, 0xe6d8, 0xe6d8, 0xe6d8, 0xe6d8, 0xe6d8, 0xe6d8, 0xe6d8, 0xe6d8, 0xe6d8, 0xe6d8, 0xe6d8, 0xe6d8,
  0xe6d8, 0xe6d8, 0xe6d8, 0xe6d8, 0xe6d8, 0xe6b8, 0xe6d8, 0xbd94, 0x83ee, 0x3185, 0x18e3, 0xa4d1, 0x8c0e, 0xc5f5, 0xde97, 0xd656, 0xd656, 0xd656, 0xd656, 0xd656,
  0xd656, 0xd656, 0xd656, 0xd656, 0xd656, 0xd656, 0xd656, 0xde77, 0xce16, 0x18c3, 0x7bce, 0xf75a, 0xc5f5, 0xde97, 0xd677, 0xd677, 0xd677, 0xd677, 0xd677, 0xd677,
  0xd677, 0xd677, 0xd677, 0xd677, 0xd677, 0xd677, 0xd677, 0xd677, 0xd677, 0xd677, 0xd677, 0xd677, 0xd677, 0xd677, 0xd677, 0xd677, 0xd677, 0xd677, 0xd677, 0xd677,
  0xd677, 0xd677, 0xd677, 0xd677, 0xd677, 0xd677, 0xd677, 0xd677, 0xd677, 0xd677, 0xd677, 0xd677, 0xd677, 0xd677, 0xd677, 0xd677, 0xd677, 0xd677, 0xd677, 0xd677,
  0xd677, 0xd677, 0xd677, 0xd677, 0xd677, 0xd677, 0xd677, 0xd677, 0xd677, 0xd677, 0xd677, 0xd677, 0xd677, 0xd677, 0xd677, 0xd677, 0xd677, 0xd677, 0xd677, 0xd677,
  0xd677, 0xd677, 0xd677, 0xd677, 0xd677, 0xd677, 0xd677, 0xd677, 0xd677, 0xd677, 0xe6d8, 0xde97, 0xce36, 0xacf1, 0x83ee, 0x1082, 0x2944, 0x9cd1, 0x7bad, 0xce15,
  0xde77, 0xd656, 0xd656, 0xd656, 0xd656, 0xd656, 0xd656, 0xd656, 0xd656, 0xd677, 0xd677, 0xd677, 0xd676, 0xd656, 0xd656, 0xd656, 0xd656, 0xd677, 0xd677, 0xd656,
  0xe6b7, 0xad33, 0x0882, 0x8c2f, 0xf77b, 0xd656, 0xbdb4, 0x18c3, 0x4207, 0xeef9, 0xe6d8, 0xe6d8, 0xe6d8, 0xe6d8, 0xe6d8, 0xe6d8, 0xeef9, 0xd657, 0x738d, 0x3165,
  0x2104, 0xd677, 0xef19, 0xe6d8, 0xe6d8, 0xe6d8, 0xe6d8, 0xe6d8, 0xe6d8, 0xe6d8, 0xef19, 0x41e7, 0x18e3, 0xde97, 0xd656, 0xb553, 0x5289, 0x0000, 0xacf2, 0xdeb7,
  0xd656, 0xd656, 0xd656, 0xd656, 0xd656, 0xd656, 0xd656, 0xd656, 0xd656, 0xd677, 0xd656, 0xd656, 0xd656, 0xd656, 0xd656, 0xd677, 0xd677, 0xd677, 0xd677, 0xd677,
  0xd677, 0xd656, 0xe6d8, 0x62ea, 0x2924, 0xeef9, 0xde97, 0xd677, 0xeef9, 0xe6f9, 0xe6d8, 0xe6d8, 0xe6d8, 0xe6d8, 0xe6d8, 0xe6d8, 0xe6d8, 0xe6d8, 0xe6d8, 0xe6d8,
  0xe6d8, 0xe6d8, 0xe6d8, 0xe6d8, 0xe6d8, 0xe6d8, 0xe6d8, 0xe6d8, 0xe6d8, 0xe6d8, 0xe6d8, 0xe6d8, 0xe6d8, 0xe6d8, 0xe6d8, 0xe6d8, 0xe6d8, 0xe6d8, 0xe6d8, 0xe6d8,
  0xe6d8, 0xe6d8, 0xe6d8, 0xe6d8, 0xe6d8, 0xe6d8, 0xe6d8, 0xe6d8, 0xe6d8, 0xe6d8, 0xe6d8, 0xe6d8, 0xe6d8, 0xe6d8, 0xe6d8, 0xe6f8, 0xe6d8, 0xe6d8, 0xe6d8, 0xe6d8,
  0xe6d8, 0xe6d8, 0xe6d8, 0xe6d8, 0xe6d8, 0xe6d8, 0xe6d8, 0xe6d8, 0xe6d8, 0xe6d9, 0xe6f8, 0xe6d8, 0xe6d8, 0xe6d8, 0xe6d8, 0xe6d8, 0xe6d9, 0xe6d8, 0xe6d8, 0xe6d8,
  0xe6d8, 0xe6d8, 0xe6d8, 0xe6d8, 0xe6d8, 0xe6b8, 0xd677, 0xb553, 0x840e, 0x39c7, 0x10a2, 0x7bcd, 0x8c2f, 0xad12, 0xe6b8, 0xd656, 0xd677, 0xd677, 0xd656, 0xd656,
  0xd656, 0xd656, 0xd656, 0xd656, 0xd656, 0xd656, 0xd656, 0xde77, 0xce16, 0x18c3, 0x7bce, 0xf77a, 0xc5f5, 0xde97, 0xd677, 0xd677, 0xd677, 0x7bad, 0x7bad, 0x7bad,
  0x7bad, 0x7bad, 0x7bad, 0x7bad, 0x7bad, 0x7bad, 0x7bad, 0x7bad, 0x7bad, 0x7bad, 0x7bad, 0x7bad, 0x7bad, 0x7bad, 0x7bad, 0x7bad, 0x7bad, 0x7bad, 0x7bad, 0x7bad,
  0x7bad, 0x7bad, 0x7bad, 0x7bad, 0x7bad, 0x7bad, 0x7bad, 0x7bad, 0x7bad, 0x7bad, 0x7bad, 0x7bad, 0x7bad, 0x7bad, 0x7bad, 0x7bad, 0x7bad, 0x7bad, 0x7bad, 0x7bad,
  0x7bad, 0x7bad, 0x7bad, 0x7bad, 0x7bad, 0x7bad, 0x7bad, 0x7bad, 0x7bad, 0x7bad, 0x7bad, 0x7bad, 0x7bad, 0x7bad, 0x7bad, 0x7bad, 0x7bad, 0x7bad, 0x7bad, 0x7bad,
  0x7bad, 0x7bad, 0x7bad, 0x7bad, 0x7bad, 0x7bad, 0x7bad, 0xd677, 0xd677, 0xd677, 0xe6d8, 0xe6b8, 0xde97, 0xad32, 0x83ee, 0x0041, 0x52a9, 0x8c2e, 0xa4f1, 0xde97,
  0xd656, 0xd656, 0xd656, 0xd656, 0xd656, 0xd656, 0xd656, 0xd656, 0xd656, 0xd656, 0xd656, 0xd656, 0xd656, 0xd656, 0xd656, 0xd656, 0xd677, 0xd677, 0xd677, 0xd656,
  0xdeb7, 0xad33, 0x1082, 0x8c2f, 0xf77b, 0xd656, 0xbdb4, 0x18c3, 0x41e7, 0xeef9, 0xe6d8, 0xe6d8, 0xe6d8, 0xe6d8, 0xe6d8, 0xe6b8, 0xef19, 0xc5d5, 0x18c2, 0x2104,
  0x3165, 0xc5d5, 0xeef9, 0xe6d8, 0xe6b8, 0xe6b8, 0xe6d8, 0xe6d8, 0xe6d8, 0xe6d8, 0xef19, 0x41e7, 0x18e3, 0xde77, 0xd656, 0xb553, 0x5aa9, 0x0000, 0xacf2, 0xde97,
  0xd656, 0xd656, 0xd656, 0xd656, 0xd656, 0xd656, 0xd656, 0xd656, 0xd656, 0xd656, 0xd656, 0xd656, 0xd677, 0xd677, 0xd677, 0xd677, 0xd677, 0xd677, 0xd677, 0xd677,
  0xd677, 0xd656, 0xe6d8, 0x5aca, 0x2124, 0xef19, 0xde97, 0xd656, 0xeef9, 0xe6f9, 0xe6d8, 0xe6d8, 0xe6d8, 0xe6d8, 0xe6d8, 0xe6d8, 0xe6d8, 0xe6d8, 0xe6d8, 0xe6d8,
  0xe6d8, 0xe6d8, 0xe6d8, 0xe6d8, 0xe6d8, 0xe6d8, 0xe6d8, 0xe6d8, 0xe6d8, 0xe6d8, 0xe6d8, 0xe6d8, 0xe6d8, 0xe6d8, 0xe6d8, 0xe6d8, 0xe6d8, 0xe6d8, 0xe6d8, 0xe6d8,
  0xe6d8, 0xe6d8, 0xe6d8, 0xe6d8, 0xe6d8, 0xe6d8, 0xe6d8, 0xe6d8, 0xe6d8, 0xe6d8, 0xe6d8, 0xe6d8, 0xe6d8, 0xe6f8, 0xe6d8, 0xe6b8, 0xe6d8, 0xe6d8, 0xe6b8, 0xe6b8,
  0xe6d8, 0xe6d9, 0xe6d9, 0xe6d8, 0xe6d8, 0xe6d8, 0xe6d8, 0xe6d8, 0xe6d8, 0xe6d8, 0xe6d8, 0xe6b8, 0xdeb8, 0xdeb8, 0xe6d8, 0xe6d9, 0xe6d8, 0xe6d8, 0xe6d8, 0xe6d8,
  0xe6d8, 0xe6d8, 0xe6d8, 0xe6d8, 0xe6d8, 0xe6b8, 0xdeb8, 0xbd94, 0x8c4f, 0x39c6, 0x2104, 0xa4f2, 0x8c2f, 0xce36, 0xde97, 0xd657, 0xd677, 0xd656, 0xd656, 0xd656,
  0xd656, 0xd656, 0xd656, 0xd656, 0xd656, 0xd656, 0xd656, 0xde77, 0xce16, 0x18c3, 0x7bad, 0xf77a, 0xc5f5, 0xde97, 0xd677, 0xd677, 0xd677, 0xd677, 0xd677, 0xd677,
  0xd677, 0xd677, 0xd677, 0xd677, 0xd677, 0xd677, 0xd677, 0xd677, 0xd677, 0xd677, 0xd677, 0xd677, 0xd677, 0xd677, 0xd677, 0xd677, 0xd677, 0xd677, 0xd677, 0xd677,
  0xd677, 0xd677, 0xd677, 0xd677, 0xd677, 0xd677, 0xd677, 0xd677, 0xd677, 0xd677, 0xd677, 0xd677, 0xd677, 0xd677, 0xd677, 0xd677, 0xd677, 0xd677, 0xd677, 0xd677,
  0xd677, 0xd677, 0xd677, 0xd677, 0xd677, 0xd677, 0xd677, 0xd677, 0xd677, 0xd677, 0xd677, 0xd677, 0xd677, 0xd677, 0xd677, 0xd677, 0xd677, 0xd677, 0xd677, 0xd677,
  0xd677, 0xd677, 0xd677, 0xd677, 0xd677, 0xd677, 0xd677, 0xd677, 0xd677, 0xd677, 0xe6d8, 0xdeb8, 0xde77, 0xb553, 0x7bad, 0x0861, 0x2945, 0x9cd1, 0x7bad, 0xc5f5,
  0xde77, 0xd656, 0xd656, 0xd656, 0xd656, 0xd656, 0xd656, 0xd656, 0xde97, 0xde77, 0xde77, 0xde97, 0xde77, 0xde77, 0xde97, 0xde77, 0xd677, 0xd656, 0xd656, 0xd656,
  0xde97, 0xad33, 0x1082, 0x8c2f, 0xf77b, 0xd656, 0xbdb4, 0x18c3, 0x41e7, 0xeef9, 0xe6d8, 0xe6d8, 0xe6d8, 0xe6d8, 0xeef9, 0xef39, 0xe6d8, 0xe6b8, 0xd657, 0xce57,
  0xce36, 0xd677, 0xe6b8, 0xe6d8, 0xf73a, 0xef19, 0xe6d8, 0xe6d8, 0xe6d8, 0xe6d8, 0xef19, 0x39e7, 0x18c3, 0xde77, 0xd656, 0xb573, 0x5aa9, 0x0000, 0xa4f2, 0xde97,
  0xd656, 0xd656, 0xd657, 0xd656, 0xd677, 0xde97, 0xde77, 0xde77, 0xde97, 0xde77, 0xde77, 0xde97, 0xd677, 0xd677, 0xd677, 0xd677, 0xd677, 0xd677, 0xd677, 0xd677,
  0xd677, 0xd656, 0xe6d8, 0x5aca, 0x2124, 0xeef9, 0xde97, 0xd656, 0xeef9, 0xe6d8, 0xe6d8, 0xe6d8, 0xe6d8, 0xe6d8, 0xe6d8, 0xe6d8, 0xe6d8, 0xe6d8, 0xe6d8, 0xe6d8,
  0xe6d8, 0xe6d8, 0xe6d8, 0xe6d8, 0xe6d8, 0xe6d8, 0xe6d8, 0xe6d8, 0xe6d8, 0xe6d8, 0xe6d8, 0xe6d8, 0xe6d8, 0xe6d8, 0xe6d8, 0xe6d8, 0xe6d8, 0xe6d8, 0xe6d8, 0xe6d8,
  0xe6d8, 0xe6d8, 0xe6d8, 0xe6d8, 0xe6d8, 0xe6d8, 0xe6d8, 0xe6d8, 0xe6d8, 0xe6d8, 0xe6d8, 0xe6d8, 0xe6d8, 0xe6b8, 0x5289, 0x39c6, 0x4207, 0x4207, 0x4207, 0x39e7,
  0x39e7, 0x39c6, 0x5268, 0xde97, 0xe6d8, 0xe6d8, 0xe6d8, 0xe6d8, 0xe6d8, 0xe6f8, 0xce36, 0x41e7, 0x39e7, 0x39e7, 0x4a28, 0xde77, 0xeef9, 0xe6d8, 0xe6d8, 0xe6d8,
  0xe6d8, 0xe6d8, 0xe6d8, 0xe6d8, 0xe6d8, 0xe6b8, 0xde97, 0xbd94, 0x8c4f, 0x39c6, 0x1062, 0x7bcd, 0x944f, 0xad32, 0xe6b7, 0xd656, 0xd677, 0xd656, 0xd656, 0xd656,
  0xd656, 0xd656, 0xd656, 0xd656, 0xd656, 0xd656, 0xd656, 0xde77, 0xce16, 0x18c3, 0x7bad, 0xf75a, 0xc615, 0xde97, 0xd677, 0xd677, 0xd677, 0xd677, 0xd677, 0xd677,
  0xd677, 0xd677, 0xd677, 0xd677, 0xd677, 0xd677, 0xd677, 0xd677, 0xd677, 0xd677, 0xd677, 0xd677, 0xd677, 0xd677, 0xd677, 0xd677, 0xd677, 0xd677, 0xd677, 0xd677,
  0xd677, 0xd677, 0xd677, 0xd677, 0xd677, 0xd677, 0xd677, 0xd677, 0xd677, 0xd677, 0xd677, 0xd677, 0xd677, 0xd677, 0xd677, 0xd677, 0xd677, 0xd677, 0xd677, 0xd677,
  0xd677, 0xd677, 0xd677, 0xd677, 0xd677, 0xd677, 0xd677, 0xd677, 0xd677, 0xd677, 0xd677, 0xd677, 0xd677, 0xd677, 0xd677, 0xd677, 0xd677, 0xd677, 0xd677, 0xd677,
  0xd677, 0xd677, 0xd677, 0xd677, 0xd677, 0xd677, 0xd677, 0xd677, 0xd677, 0xd677, 0xe6d8, 0xe6d8, 0xe6f9, 0xad32, 0x738c, 0x0000, 0x528a, 0x9470, 0xa4f1, 0xd656,
  0xd656, 0xd656, 0xd656, 0xd656, 0xd656, 0xd656, 0xd656, 0xd656, 0xc5d4, 0xce15, 0xce15, 0xbdb4, 0xcdf5, 0xd656, 0xc5f5, 0xd636, 0xd677, 0xd656, 0xd656, 0xd656,
  0xdeb7, 0xad53, 0x1082, 0x8c0f, 0xf77b, 0xd636, 0xbdb4, 0x18c3, 0x41e7, 0xeef9, 0xe6d8, 0xe6d8, 0xe6d8, 0xeef9, 0xc5f5, 0x9cd1, 0xd676, 0xe6d8, 0xe6f9, 0xef19,
  0xe6f9, 0xe6d8, 0xe6b8, 0xde97, 0xad12, 0xbd74, 0xe6f9, 0xe6d8, 0xe6d8, 0xe6d8, 0xef19, 0x39e7, 0x18c3, 0xde97, 0xd656, 0xb573, 0x5aa9, 0x0000, 0xa4f1, 0xde97,
  0xd656, 0xd656, 0xd677, 0xde76, 0xd656, 0xc5d5, 0xd636, 0xd636, 0xbdb4, 0xc5f4, 0xce36, 0xc5d5, 0xd656, 0xd677, 0xd676, 0xd676, 0xd677, 0xd677, 0xd677, 0xd677,
  0xd677, 0xd656, 0xe6d8, 0x5aca, 0x2124, 0xeef9, 0xde97, 0xd656, 0xe6f9, 0xe6d8, 0xe6d8, 0xe6d8, 0xe6d8, 0xe6d8, 0xe6d8, 0xe6d8, 0xe6d8, 0xe6d8, 0xe6d8, 0xe6d8,
  0xe6d8, 0xe6d8, 0xe6d8, 0xe6d8, 0xe6d8, 0xe6d8, 0xe6d8, 0xe6d8, 0xe6d9, 0xe6d8, 0xef19, 0xef19, 0xeef9, 0xe6f9, 0xeef9, 0xef19, 0xe6d8, 0xe6d8, 0xe6d8, 0xe6d8,
  0xe6d8, 0xe6d8, 0xe6d8, 0xe6d8, 0xe6d8, 0xe6d8, 0xe6d8, 0xe6d8, 0xe6d8, 0xe6d8, 0xe6d8, 0xe6d8, 0xef19, 0xe6d8, 0x31a6, 0x18c3, 0x1904, 0x18e4, 0x1904, 0x18e4,
  0x18e4, 0x10a3, 0x3165, 0xe6d9, 0xef19, 0xe6d9, 0xe6d8, 0xe6b8, 0xde97, 0xe6b7, 0xc5f5, 0x2104, 0x2104, 0x18e3, 0x2944, 0xd656, 0xe6f9, 0xe6d8, 0xe6d8, 0xe6d8,
  0xe6d8, 0xe6d8, 0xe6d8, 0xe6d8, 0xe6d8, 0xe6b8, 0xe6b8, 0xc5d5, 0x8c2e, 0x3186, 0x2104, 0x9cb0, 0x83ed, 0xce36, 0xde77, 0xd677, 0xd677, 0xd677, 0xd656, 0xd656,
  0xd656, 0xd656, 0xd656, 0xd656, 0xd656, 0xd656, 0xd656, 0xde77, 0xce16, 0x18c3, 0x7bad, 0xf75a, 0xce15, 0xde97, 0xd677, 0xd677, 0xd677, 0xd677, 0xd677, 0xd677,
  0xd677, 0xd677, 0xd677, 0xd677, 0xd677, 0xd677, 0xd677, 0xd677, 0xd677, 0xd677, 0xd677, 0xd677, 0xd677, 0xd677, 0xd677, 0xd677, 0xd677, 0xd677, 0xd677, 0xd677,
  0xd677, 0xd677, 0xd677, 0xd677, 0xd677, 0xd677, 0xd677, 0xd677, 0xd677, 0xd677, 0xd677, 0xd677, 0xd677, 0xd677, 0xd677, 0xd677, 0xd677, 0xd677, 0xd677, 0xd677,
  0xd677, 0xd677, 0xd677, 0xd677, 0xd677, 0xd677, 0xd677, 0xd677, 0xd677, 0xd677, 0xd677, 0xd677, 0xd677, 0xd677, 0xd677, 0xd677, 0xd677, 0xd677, 0xd677, 0xd677,
  0xd677, 0xd677, 0xd677, 0xd677, 0xd677, 0xd677, 0xd677, 0xd677, 0xd677, 0xd677, 0xe6f9, 0xe6b8, 0xd656, 0xad12, 0x7bad, 0x0861, 0x2944, 0x9cb1, 0x738c, 0xc5d4,
  0xde76, 0xd656, 0xd656, 0xd656, 0xd656, 0xd656, 0xde97, 0xc5f6, 0x0020, 0x6b2b, 0x6b4b, 0x0000, 0x4a48, 0xad33, 0x0000, 0x9450, 0xe6b8, 0xd656, 0xd656, 0xd657,
  0xdeb7, 0xad53, 0x1082, 0x8c0f, 0xf75b, 0xd636, 0xbdb4, 0x18c3, 0x41e7, 0xeef9, 0xe6d8, 0xe6d8, 0xe6b8, 0xf759, 0x840e, 0x0000, 0xa4f2, 0xffbb, 0xeef9, 0xef19,
  0xef19, 0xef19, 0xf77a, 0xc5f5, 0x0000, 0x5269, 0xf73a, 0xe6d8, 0xe6d8, 0xe6d8, 0xef19, 0x4207, 0x18e3, 0xde97, 0xd656, 0xb553, 0x5aa9, 0x0000, 0xad12, 0xde97,
  0xd656, 0xd656, 0xd636, 0xe6b8, 0x9cb1, 0x0000, 0xa4f1, 0x6b4b, 0x0000, 0x5aa9, 0x840e, 0x0820, 0xbdb4, 0xde97, 0xd656, 0xd676, 0xd677, 0xd677, 0xd677, 0xd677,
  0xd677, 0xd656, 0xe6d8, 0x5aca, 0x2124, 0xeef9, 0xde97, 0xd656, 0xe6f9, 0xe6d8, 0xe6d8, 0xe6d8, 0xe6d8, 0xe6d8, 0xe6d8, 0xe6d8, 0xe6d8, 0xe6d8, 0xe6d8, 0xe6d8,
  0xe6d8, 0xe6d8, 0xe6d8, 0xe6d8, 0xe6d8, 0xe6d8, 0xe6d8, 0xe6d8, 0xe6d8, 0xe6f9, 0x6b2c, 0x4a48, 0x5289, 0x4a48, 0x4a28, 0x62ca, 0xdeb8, 0xe6f8, 0xe6d8, 0xe6d8,
  0xe6d8, 0xe6d8, 0xe6d8, 0xe6d8, 0xe6d8, 0xe6d8, 0xe6d8, 0xe6d8, 0xe6d8, 0xe6d8, 0xe6d8, 0xeef9, 0x738c, 0x4a28, 0x2986, 0x2124, 0x2124, 0x2124, 0x2124, 0x2124,
  0x2124, 0x2124, 0x2965, 0x4a48, 0x6b2b, 0xe6f9, 0xe6d8, 0xef39, 0xe6d8, 0x4a07, 0x39c6, 0x2124, 0x2124, 0x2124, 0x3185, 0xd657, 0xe6f9, 0xe6d8, 0xe6d8, 0xe6d8,
  0xe6d8, 0xe6d8, 0xe6d8, 0xe6d8, 0xe6d8, 0xe6d8, 0xde98, 0xc5b4, 0x8c2e, 0x39c6, 0x10a2, 0x83ee, 0x944f, 0xad11, 0xe6b8, 0xd656, 0xd677, 0xd677, 0xd656, 0xd656,
  0xd656, 0xd656, 0xd656, 0xd656, 0xd656, 0xd656, 0xd656, 0xde77, 0xce16, 0x18c3, 0x7bad, 0xf75a, 0xce15, 0xde97, 0xd677, 0xd677, 0xd677, 0xd677, 0xd677, 0xd677,
  0xd677, 0xd677, 0xd677, 0xd677, 0xd677, 0xd677, 0xd677, 0xd677, 0xd677, 0xd677, 0xd677, 0xd677, 0xd677, 0xd677, 0xd677, 0xd677, 0xd677, 0xd677, 0xd677, 0xd677,
  0xd677, 0xd677, 0xd677, 0xd677, 0xd677, 0xd677, 0xd677, 0xd677, 0xd677, 0xd677, 0xd677, 0xd677, 0xd677, 0xd677, 0xd677, 0xd677, 0xd677, 0xd677, 0xd677, 0xd677,
  0xd677, 0xd677, 0xd677, 0xd677, 0xd677, 0xd677, 0xd677, 0xd677, 0xd677, 0xd677, 0xd677, 0xd677, 0xd677, 0xd677, 0xd677, 0xd677, 0xd677, 0xd677, 0xd677, 0xd677,
  0xd677, 0xd677, 0xd677, 0xd677, 0xd677, 0xd677, 0xd677, 0xd677, 0xd677, 0xd677, 0xe6f9, 0xe6b8, 0xd656, 0xa4f1, 0x7bcd, 0x0861, 0x4a48, 0x83ee, 0x9490, 0xd676,
  0xd656, 0xd656, 0xd656, 0xd656, 0xd656, 0xd657, 0xde97, 0xce36, 0x41e6, 0x840f, 0x83ee, 0x3185, 0x734b, 0xb574, 0x39c6, 0xacf2, 0xe6b8, 0xd656, 0xd656, 0xd656,
  0xdeb7, 0xad53, 0x1082, 0x8c2f, 0xf75a, 0xce36, 0xbd94, 0x18c3, 0x4207, 0xef19, 0xe6d8, 0xe6d8, 0xe6d8, 0xef19, 0xad12, 0x4a48, 0x4207, 0x630b, 0x5aca, 0x5aca,
  0x62ea, 0x630b, 0x630b, 0x4a48, 0x4207, 0x840e, 0xef3a, 0xe6d8, 0xe6d8, 0xe6d8, 0xef19, 0x4207, 0x18e3, 0xde97, 0xd656, 0xb573, 0x5aa9, 0x0000, 0xad12, 0xdeb7,
  0xd656, 0xd656, 0xd656, 0xdeb7, 0xad32, 0x39c6, 0xb574, 0x83ee, 0x3185, 0x7bad, 0x9c91, 0x41c6, 0xc5f5, 0xde97, 0xd656, 0xd676, 0xd677, 0xd677, 0xd677, 0xd677,
  0xd656, 0xd656, 0xe6d8, 0x5aea, 0x2124, 0xeef9, 0xde97, 0xd656, 0xe6f9, 0xe6d8, 0xe6d8, 0xe6d8, 0xe6d8, 0xe6d8, 0xe6d8, 0xe6d8, 0xe6d8, 0xe6d8, 0xe6d8, 0xe6d8,
  0xe6d8, 0xe6d8, 0xe6d8, 0xe6d8, 0xe6d8, 0xe6d8, 0xe6d8, 0xe6d8, 0xe6d8, 0xe6f9, 0x39e7, 0x10a2, 0x18e4, 0x18e3, 0x10a3, 0x2945, 0xde97, 0xe6f9, 0xe6d8, 0xe6d8,
  0xe6d8, 0xe6d8, 0xe6d8, 0xe6d8, 0xe6d8, 0xe6d8, 0xe6d8, 0xe6d8, 0xe6d8, 0xe6d8, 0xe6d8, 0xe6f9, 0x39e7, 0x1082, 0x2145, 0x2945, 0x2104, 0x18e3, 0x18e3, 0x18e3,
  0x2104, 0x2124, 0x2124, 0x18c3, 0x31a6, 0xdeb8, 0xef19, 0xbd94, 0x7bce, 0x2124, 0x18e3, 0x2124, 0x2124, 0x2104, 0x2965, 0xd657, 0xe6f9, 0xe6d8, 0xe6d8, 0xe6d8,
  0xe6d8, 0xe6d8, 0xe6d8, 0xe6d8, 0xe6d8, 0xe6d8, 0xe6b8, 0xbd94, 0x8c4f, 0x39c7, 0x2124, 0x8c2f, 0x7bcd, 0xce36, 0xde77, 0xd677, 0xd656, 0xd656, 0xd656, 0xd656,
  0xd656, 0xd656, 0xd656, 0xd656, 0xd656, 0xd656, 0xd656, 0xde77, 0xce16, 0x18c3, 0x7bcd, 0xf75a, 0xce16, 0xde97, 0xd677, 0xd677, 0xd677, 0xd677, 0xd677, 0xd677,
  0xd677, 0xd677, 0xd677, 0xd677, 0xd677, 0xd677, 0xd677, 0xd677, 0xd677, 0xd677, 0xd677, 0xd677, 0xd677, 0xd677, 0xd677, 0xd677, 0xd677, 0xd677, 0xd677, 0xd677,
  0xd677, 0xd677, 0xd677, 0xd677, 0xd677, 0xd677, 0xd677, 0xd677, 0xd677, 0xd677, 0xd677, 0xd677, 0xd677, 0xd677, 0xd677, 0xd677, 0xd677, 0xd677, 0xd677, 0xd677,
  0xd677, 0xd677, 0xd677, 0xd677, 0xd677, 0xd677, 0xd677, 0xd677, 0xd677, 0xd677, 0xd677, 0xd677, 0xd677, 0xd677, 0xd677, 0xd677, 0xd677, 0xd677, 0xd677, 0xd677,
  0xd677, 0xd677, 0xd677, 0xd677, 0xd677, 0xd677, 0xd677, 0xd677, 0xd677, 0xd677, 0xe6d8, 0xe6b8, 0xd677, 0xacf2, 0x738c, 0x0882, 0x3165, 0xa4f1, 0x6b2b, 0xc5d5,
  0xde77, 0xd656, 0xd656, 0xd656, 0xd677, 0xd677, 0xd677, 0xde76, 0xdeb8, 0xde77, 0xd676, 0xde97, 0xde97, 0xde77, 0xe6b8, 0xde97, 0xd677, 0xd656, 0xd656, 0xd656,
  0xdeb7, 0xad33, 0x1082, 0x8c2f, 0xf77b, 0xce36, 0xbd94, 0x18c3, 0x4207, 0xef19, 0xe6f8, 0xe6f8, 0xe6d8, 0xe6b8, 0xeef8, 0xe6f9, 0x2944, 0x0021, 0x0841, 0x0862,
  0x1082, 0x1082, 0x0841, 0x18c2, 0xde97, 0xef19, 0xe6b8, 0xe6d8, 0xe6d8, 0xe6d8, 0xef3a, 0x4228, 0x18e3, 0xd677, 0xd656, 0xb553, 0x5aaa, 0x0000, 0xacf2, 0xdeb7,
  0xd656, 0xd656, 0xd677, 0xd676, 0xde77, 0xe6b8, 0xde97, 0xde97, 0xdeb7, 0xde77, 0xde77, 0xdeb7, 0xd677, 0xd656, 0xd677, 0xd677, 0xd677, 0xd677, 0xd677, 0xd677,
  0xd677, 0xd656, 0xe6d8, 0x5aea, 0x2124, 0xeef9, 0xde97, 0xd656, 0xe6f9, 0xe6d8, 0xe6d8, 0xe6d8, 0xe6d8, 0xe6d8, 0xe6d8, 0xe6d8, 0xe6d8, 0xe6d8, 0xe6d8, 0xe6d8,
  0xe6d8, 0xe6d8, 0xe6d8, 0xe6d8, 0xe6d8, 0xe6d8, 0xe6d8, 0xe6d8, 0xe6d8, 0xe6f9, 0x4228, 0x18e3, 0x2124, 0x2124, 0x2124, 0x31a6, 0xde97, 0xe6f9, 0xe6d8, 0xe6d8,
  0xe6d8, 0xe6d8, 0xe6d8, 0xe6d8, 0xe6d8, 0xe6d8, 0xe6d8, 0xe6d8, 0xe6d8, 0xe6d8, 0xe6d8, 0xe6d9, 0x4228, 0x18e4, 0x2944, 0x18e3, 0x8c2f, 0xc5f5, 0xbdb4, 0xce15,
  0x840e, 0x18c3, 0x2924, 0x2104, 0x39c6, 0xde97, 0xde97, 0x39a6, 0x18c3, 0x2965, 0x2945, 0x2124, 0x2124, 0x2104, 0x2965, 0xd657, 0xe6f9, 0xe6d8, 0xe6d8, 0xe6d8,
  0xe6d8, 0xe6d8, 0xe6d8, 0xe6d8, 0xe6d8, 0xe6b8, 0xde77, 0xc5d5, 0x9470, 0x39e7, 0x1082, 0x8c2f, 0x9cb1, 0xacf1, 0xe6b8, 0xd656, 0xd656, 0xd656, 0xd656, 0xd656,
  0xd656, 0xd656, 0xd656, 0xd656, 0xd656, 0xd656, 0xd656, 0xde77, 0xce16, 0x18c3, 0x7bcd, 0xf77b, 0xce16, 0xde97, 0xd677, 0xd677, 0xd677, 0xd677, 0xd677, 0xd677,
  0xd677, 0xd677, 0xd677, 0xd677, 0xd677, 0xd677, 0xd677, 0xd677, 0xd677, 0xd677, 0xd677, 0xd677, 0xd677, 0xd677, 0xd677, 0xd677, 0xd677, 0xd677, 0xd677, 0xd677,
  0xd677, 0xd677, 0xd677, 0xd677, 0xd677, 0xd677, 0xd677, 0xd677, 0xd677, 0xd677, 0xd677, 0xd677, 0xd677, 0xd677, 0xd677, 0xd677, 0xd677, 0xd677, 0xd677, 0xd677,
  0xd677, 0xd677, 0xd677, 0xd677, 0xd677, 0xd677, 0xd677, 0xd677, 0xd677, 0xd677, 0xd677, 0xd677, 0xd677, 0xd677, 0xd677, 0xd677, 0xd677, 0xd677, 0xd677, 0xd677,
  0xd677, 0xd677, 0xd677, 0xd677, 0xd677, 0xd677, 0xd677, 0xd677, 0xd677, 0xd677, 0xe6d8, 0xde97, 0xd677, 0xa4f2, 0x736c, 0x0000, 0x62ea, 0x944f, 0x946f, 0xd656,
  0xd656, 0xd656, 0xd656, 0xd656, 0xd677, 0xd677, 0xd677, 0xd677, 0xd656, 0xd656, 0xd656, 0xd656, 0xd656, 0xd656, 0xd656, 0xd656, 0xd656, 0xd656, 0xd677, 0xd656,
  0xdeb7, 0xad33, 0x1082, 0x8c2f, 0xf77b, 0xce36, 0xbd94, 0x18e3, 0x4227, 0xe6f9, 0xe6d8, 0xe6d8, 0xe6d8, 0xe6d8, 0xe6b8, 0xde97, 0x9c90, 0x9490, 0x9cb0, 0xa4d1,
  0xa4d1, 0x9cd1, 0x9cb1, 0xa4d2, 0xde97, 0xe6b8, 0xe6b8, 0xe6b8, 0xe6b8, 0xe6b8, 0xe6f9, 0x4207, 0x2103, 0xde97, 0xd656, 0xb573, 0x5aca, 0x0000, 0xa4f1, 0xdeb7,
  0xd656, 0xd656, 0xd656, 0xd657, 0xd656, 0xd656, 0xd656, 0xd656, 0xd656, 0xd656, 0xd656, 0xd656, 0xd656, 0xd656, 0xd677, 0xd677, 0xd677, 0xd677, 0xd677, 0xd677,
  0xde77, 0xd656, 0xe6d8, 0x62ea, 0x2124, 0xeef9, 0xde97, 0xd656, 0xe6f9, 0xe6d8, 0xe6d8, 0xe6d8, 0xe6d8, 0xe6d8, 0xe6d8, 0xe6d8, 0xe6d8, 0xe6d8, 0xe6d8, 0xe6d8,
  0xe6d8, 0xe6d8, 0xe6d8, 0xeef9, 0xef19, 0xef19, 0xef19, 0xef19, 0xef19, 0xe6d8, 0x4207, 0x18e3, 0x2124, 0x2124, 0x2104, 0x31a6, 0xde97, 0xe6f8, 0xe6d8, 0xe6d8,
  0xe6d8, 0xe6d8, 0xe6d8, 0xe6d8, 0xe6d8, 0xe6d8, 0xe6d8, 0xe6d8, 0xe6d8, 0xe6d8, 0xe6d8, 0xe6f9, 0x4a28, 0x20e4, 0x2944, 0x10a3, 0xa4f2, 0xf75a, 0xeef9, 0xff7b,
  0xa4f1, 0x10a2, 0x2945, 0x2104, 0x39c6, 0xdeb8, 0xd677, 0x2124, 0x18c2, 0x20e3, 0x2104, 0x2124, 0x2124, 0x2104, 0x2965, 0xd657, 0xe6f9, 0xe6d8, 0xe6d8, 0xe6d8,
  0xe6d8, 0xe6d8, 0xe6d8, 0xe6d8, 0xe6d8, 0xe6d8, 0xe6d8, 0xbd94, 0x944f, 0x31a6, 0x2104, 0xad33, 0x83ee, 0xc5d5, 0xde77, 0xd656, 0xd656, 0xd656, 0xd656, 0xd656,
  0xd656, 0xd656, 0xd656, 0xd656, 0xd656, 0xd656, 0xd656, 0xde77, 0xce16, 0x18c3, 0x7bcd, 0xf75a, 0xce36, 0xde97, 0xd677, 0xd677, 0xd677, 0xd677, 0xd677, 0x18e3,
  0x18e3, 0x18e3, 0x18e3, 0xd677, 0xd677, 0xd677, 0xd677, 0x18e3, 0x18e3, 0xd677, 0xd677, 0xd677, 0xd677, 0xd677, 0xd677, 0x18e3, 0x18e3, 0x18e3, 0x18e3, 0x18e3,
  0x18e3, 0xd677, 0xd677, 0xd677, 0xd677, 0xd677, 0xd677, 0xd677, 0xd677, 0xd677, 0xd677, 0xd677, 0xd677, 0xd677, 0xd677, 0xd677, 0xd677, 0xd677, 0xd677, 0xd677,
  0xd677, 0xd677, 0xd677, 0xd677, 0xd677, 0xd677, 0xd677, 0xd677, 0xd677, 0xd677, 0xd677, 0xd677, 0xd677, 0xd677, 0xd677, 0xd677, 0xd677, 0xd677, 0xd677, 0xd677,
  0xd677, 0xd677, 0xd677, 0xd677, 0xd677, 0xd677, 0xd677, 0xd677, 0xd677, 0xd677, 0xe6d8, 0xe6d8, 0xde97, 0xacf2, 0x738c, 0x0041, 0x39a6, 0x944f, 0xa4f1, 0xd656,
  0xd656, 0xd656, 0xd656, 0xd656, 0xd656, 0xd656, 0xd656, 0xd656, 0xd656, 0xd656, 0xd656, 0xd656, 0xd656, 0xd656, 0xd656, 0xd656, 0xd656, 0xd677, 0xd677, 0xd657,
  0xdeb7, 0xad33, 0x1082, 0x8c0f, 0xf75a, 0xce36, 0xbdb4, 0x18e3, 0x4a27, 0xf75a, 0xef19, 0xf739, 0xf75a, 0xf75a, 0xf75a, 0xf739, 0xff9b, 0xff9b, 0xff9a, 0xff9b,
  0xff9b, 0xff7a, 0xff9b, 0xffbc, 0xf75a, 0xf739, 0xf73a, 0xf73a, 0xef39, 0xf719, 0xf75a, 0x41e7, 0x18e3, 0xde97, 0xd677, 0xbd94, 0x5aca, 0x0000, 0xa4f1, 0xdeb7,
  0xd656, 0xd677, 0xd656, 0xd656, 0xd657, 0xd656, 0xd656, 0xd677, 0xd677, 0xd677, 0xd656, 0xd656, 0xd656, 0xd656, 0xd677, 0xd677, 0xd677, 0xd677, 0xd677, 0xd677,
  0xd676, 0xd656, 0xe6d8, 0x62ea, 0x2124, 0xeef9, 0xde97, 0xd656, 0xe6f9, 0xe6d8, 0xe6d8, 0xe6d8, 0xe6d8, 0xe6d8, 0xe6d8, 0xe6d8, 0xe6d8, 0xe6d8, 0xe6d8, 0xe6d8,
  0xe6d8, 0xe6d8, 0xe6f8, 0xc5f5, 0xbd94, 0xbdb4, 0xbd94, 0xbd94, 0xc5f5, 0xe6f9, 0x4207, 0x18e3, 0x2124, 0x2124, 0x2104, 0x31a6, 0xde98, 0xe6f8, 0xe6d8, 0xe6d8,
  0xe6d8, 0xe6d8, 0xe6d8, 0xe6d8, 0xe6d8, 0xe6d8, 0xe6d8, 0xe6d8, 0xe6d8, 0xe6d8, 0xe6d8, 0xe6d9, 0x4a48, 0x2104, 0x2945, 0x18e3, 0xa4f2, 0xeef9, 0xde97, 0xef19,
  0x9cb1, 0x10a2, 0x2124, 0x1904, 0x39e7, 0xe6d8, 0xe6d9, 0xb553, 0xa4f1, 0xb533, 0x9cd2, 0x2945, 0x2124, 0x2104, 0x2965, 0xd657, 0xe6f9, 0xe6d8, 0xe6d8, 0xe6d8,
  0xe6d8, 0xe6d8, 0xe6d8, 0xe6d8, 0xe6d8, 0xe6b8, 0xd677, 0xc5b4, 0x8c4f, 0x39a6, 0x10a2, 0x8c4f, 0x9490, 0xacf1, 0xe6b7, 0xd656, 0xd656, 0xd656, 0xd656, 0xd656,
  0xd656, 0xd656, 0xd656, 0xd656, 0xd656, 0xd656, 0xd656, 0xde77, 0xce16, 0x18e3, 0x7bad, 0xf75a, 0xce15, 0xde97, 0xd677, 0xd677, 0xd677, 0xd677, 0xd677, 0x18e3,
  0x18e3, 0x18e3, 0x18e3, 0xd677, 0xd677, 0xd677, 0xd677, 0x18e3, 0x18e3, 0xd677, 0xd677, 0xd677, 0xd677, 0xd677, 0xd677, 0x18e3, 0x18e3, 0x18e3, 0x18e3, 0x18e3,
  0x18e3, 0xd677, 0xd677, 0xd677, 0xd677, 0xd677, 0xd677, 0xd677, 0xd677, 0xd677, 0xd677, 0xd677, 0xd677, 0xd677, 0xd677, 0xd677, 0xd677, 0xd677, 0xd677, 0xd677,
  0xd677, 0xd677, 0xd677, 0xd677, 0xd677, 0xd677, 0xd677, 0xd677, 0xd677, 0xd677, 0xd677, 0xd677, 0xd677, 0x18e3, 0x18e3, 0x18e3, 0x18e3, 0x18e3, 0xd677, 0xd677,
  0xd677, 0xd677, 0xd677, 0xd677, 0xd677, 0xd677, 0xd677, 0xd677, 0xd677, 0xd677, 0xe6d8, 0xe6b8, 0xde97, 0xad12, 0x7bad, 0x0862, 0x31a6, 0x9c90, 0x8c2f, 0xd636,
  0xde77, 0xd656, 0xd656, 0xd656, 0xd656, 0xd656, 0xd656, 0xd656, 0xd656, 0xd656, 0xd656, 0xd676, 0xd676, 0xd656, 0xd636, 0xd656, 0xd656, 0xd656, 0xde77, 0xd656,
  0xdeb7, 0xad33, 0x1082, 0x840e, 0xf75a, 0xce36, 0xbdb4, 0x2124, 0x39c6, 0xad12, 0xa4f1, 0xa4f2, 0xad12, 0xad32, 0xad12, 0xa512, 0xa4f1, 0xa4f1, 0xa512, 0xa4f1,
  0xa4f1, 0xa4d1, 0xa4f1, 0xa4f2, 0xa512, 0xa512, 0xa512, 0xad12, 0xad12, 0xa4f1, 0xa512, 0x3185, 0x2103, 0xde97, 0xd677, 0xbd94, 0x5aca, 0x0000, 0xa4f1, 0xdeb7,
  0xd656, 0xd677, 0xd657, 0xd656, 0xd656, 0xd636, 0xd656, 0xd676, 0xd676, 0xd677, 0xd656, 0xd656, 0xd656, 0xd656, 0xd677, 0xd677, 0xd677, 0xd677, 0xd677, 0xd677,
  0xd677, 0xd656, 0xe6d8, 0x62ea, 0x2124, 0xeef9, 0xde97, 0xd656, 0xe6f9, 0xe6d8, 0xe6d8, 0xe6d8, 0xe6d8, 0xe6d8, 0xe6d8, 0xe6d8, 0xe6d8, 0xe6d8, 0xe6d8, 0xe6d8,
  0xe6d8, 0xe6d8, 0xef1a, 0x5289, 0x10a3, 0x2124, 0x18e3, 0x10c2, 0x39e6, 0xe6f9, 0x4228, 0x18e3, 0x2124, 0x2124, 0x2104, 0x31a6, 0xde97, 0xe6f8, 0xe6d8, 0xe6d8,
  0xe6d8, 0xe6d8, 0xe6d8, 0xe6d8, 0xe6d8, 0xe6d8, 0xe6d8, 0xe6d8, 0xe6d8, 0xe6d8, 0xe6d8, 0xe6f8, 0x39c6, 0x10a3, 0x2124, 0x18e3, 0xad33, 0xff7b, 0xe6d8, 0xf75a,
  0xa512, 0x18c3, 0x2945, 0x10c3, 0x31a6, 0xe6d9, 0xe6f9, 0xef39, 0xef19, 0xf739, 0xd677, 0x2945, 0x2124, 0x2104, 0x2965, 0xd657, 0xe6f9, 0xe6d8, 0xe6d8, 0xe6d8,
  0xe6d8, 0xe6d8, 0xe6d8, 0xe6d8, 0xe6d8, 0xe6d8, 0xe6b8, 0xb553, 0x840e, 0x31a6, 0x2124, 0x9cb1, 0x9470, 0xce15, 0xde77, 0xd656, 0xd656, 0xd656, 0xd656, 0xd656,
  0xd656, 0xd656, 0xd656, 0xd656, 0xd656, 0xd656, 0xd656, 0xde77, 0xce16, 0x18e3, 0x7bad, 0xf75a, 0xce15, 0xde97, 0xd677, 0xd677, 0xd677, 0xd677, 0xd677, 0x18e3,
  0x18e3, 0xd677, 0xd677, 0x18e3, 0x18e3, 0xd677, 0xd677, 0x18e3, 0x18e3, 0xd677, 0xd677, 0xd677, 0xd677, 0xd677, 0xd677, 0x18e3, 0x18e3, 0xd677, 0xd677, 0xd677,
  0xd677, 0xd677, 0xd677, 0xd677, 0xd677, 0xd677, 0xd677, 0xd677, 0xd677, 0xd677, 0xd677, 0xd677, 0xd677, 0xd677, 0xd677, 0xd677, 0xd677, 0xd677, 0xd677, 0xd677,
  0xd677, 0xd677, 0xd677, 0xd677, 0xd677, 0xd677, 0xd677, 0xd677, 0xd677, 0xd677, 0xd677, 0xd677, 0xd677, 0x18e3, 0x18e3, 0x18e3, 0x18e3, 0x18e3, 0xd677, 0xd677,
  0xd677, 0xd677, 0xd677, 0xd677, 0xd677, 0xd677, 0xd677, 0xd677, 0xd677, 0xd677, 0xe6f8, 0xe6b8, 0xd636, 0xacf1, 0x7bcd, 0x0861, 0x4a28, 0x9cb1, 0x946f, 0xd636,
  0xd656, 0xd656, 0xd656, 0xd656, 0xd656, 0xd656, 0xd656, 0xd656, 0xd656, 0xd656, 0xd656, 0xd676, 0xd676, 0xde97, 0xe6d8, 0xde96, 0xd656, 0xd656, 0xd677, 0xd656,
  0xdeb7, 0xad33, 0x1082, 0x840e, 0xf75a, 0xd656, 0xb573, 0x18a2, 0x1082, 0x0841, 0x0841, 0x0841, 0x0841, 0x0841, 0x0841, 0x0841, 0x0841, 0x0841, 0x0841, 0x0841,
  0x0841, 0x0841, 0x0841, 0x0841, 0x0821, 0x0021, 0x0821, 0x0841, 0x0862, 0x0861, 0x0021, 0x0021, 0x18c2, 0xde78, 0xd677, 0xb573, 0x5aca, 0x0000, 0xa4f1, 0xde97,
  0xd656, 0xd656, 0xd656, 0xd656, 0xde76, 0xe6d8, 0xde97, 0xd677, 0xd677, 0xd677, 0xd677, 0xd677, 0xd656, 0xd656, 0xd656, 0xd656, 0xd656, 0xd677, 0xd677, 0xd656,
  0xd656, 0xd656, 0xe6d8, 0x5aca, 0x2124, 0xeef9, 0xde97, 0xd656, 0xe6f9, 0xe6d8, 0xe6d8, 0xe6d8, 0xe6d8, 0xe6d8, 0xe6d8, 0xe6d8, 0xe6d8, 0xe6d8, 0xe6d8, 0xe6d8,
  0xe6d8, 0xe6d8, 0xf73a, 0x5aca, 0x18e3, 0x2124, 0x2124, 0x18e3, 0x39c7, 0xdeb8, 0x4207, 0x18e3, 0x2124, 0x2124, 0x2104, 0x39a6, 0xdeb7, 0xe6f8, 0xe6d8, 0xe6d8,
  0xe6d8, 0xe6d8, 0xe6d8, 0xe6d8, 0xe6d8, 0xe6d8, 0xe6d8, 0xe6d8, 0xe6d8, 0xe6d8, 0xe6d8, 0xef19, 0x7bce, 0x3185, 0x2124, 0x18e3, 0x4a28, 0x5aea, 0x5a89, 0x5aa9,
  0x4a28, 0x2124, 0x2944, 0x39c6, 0x83cd, 0xe6d8, 0xe6d8, 0xe6b8, 0xe6b8, 0xe6f9, 0xce16, 0x2944, 0x2124, 0x2104, 0x2965, 0xd657, 0xe6f9, 0xe6d8, 0xe6d8, 0xe6d8,
  0xe6d8, 0xe6d8, 0xe6d8, 0xe6d8, 0xe6d8, 0xe6b8, 0xd657, 0xbdb4, 0x840e, 0x31a6, 0x18c3, 0x8c4f, 0x8c0e, 0xa4d1, 0xe6b8, 0xd656, 0xd656, 0xd656, 0xd656, 0xd676,
  0xd656, 0xd656, 0xd656, 0xd656, 0xd656, 0xd656, 0xd656, 0xde77, 0xce36, 0x18e3, 0x7bad, 0xf75a, 0xce16, 0xde97, 0xd677, 0xd677, 0xd677, 0xd677, 0xd677, 0x18e3,
  0x18e3, 0xd677, 0xd677, 0x18e3, 0x18e3, 0xd677, 0xd677, 0x18e3, 0x18e3, 0xd677, 0xd677, 0xd677, 0xd677, 0xd677, 0xd677, 0x18e3, 0x18e3, 0xd677, 0xd677, 0xd677,
  0xd677, 0xd677, 0xd677, 0xd677, 0xd677, 0xd677, 0xd677, 0xd677, 0xd677, 0xd677, 0xd677, 0xd677, 0xd677, 0xd677, 0xd677, 0xd677, 0xd677, 0xd677, 0xd677, 0xd677,
  0xd677, 0xd677, 0xd677, 0xd677, 0xd677, 0xd677, 0xd677, 0xd677, 0xd677, 0xd677, 0xd677, 0xd677, 0xd677, 0x18e3, 0x18e3, 0x18e3, 0x18e3, 0x18e3, 0xd677, 0xd677,
  0xd677, 0xd677, 0xd677, 0xd677, 0xd677, 0xd677, 0xd677, 0xd677, 0xd677, 0xd677, 0xe6d8, 0xe6b8, 0xd656, 0xa4f1, 0x7bad, 0x0861, 0x41e7, 0xa512, 0x8c4f, 0xce15,
  0xd676, 0xd656, 0xd656, 0xd656, 0xd656, 0xd656, 0xd656, 0xd656, 0xd656, 0xd676, 0xd676, 0xd656, 0xde77, 0xc5f5, 0x8c2f, 0xbdb4, 0xde77, 0xd656, 0xd656, 0xd656,
  0xdeb7, 0xb553, 0x1062, 0x840e, 0xf77a, 0xd636, 0xbdb4, 0x6b6c, 0x6b6c, 0x73ad, 0x738d, 0x738c, 0x738d, 0x738c, 0x736c, 0x738c, 0x738d, 0x738c, 0x738c, 0x738c,
  0x738c, 0x738d, 0x738d, 0x738d, 0x738d, 0x738c, 0x738d, 0x738d, 0x7b8d, 0x7bad, 0x738d, 0x6b4b, 0x736c, 0xe6d9, 0xd656, 0xb573, 0x5aaa, 0x0000, 0xad12, 0xe6b8,
  0xd656, 0xd656, 0xd656, 0xde97, 0xc5d5, 0x83ee, 0xbd94, 0xde97, 0xd676, 0xd677, 0xd656, 0xd656, 0xd656, 0xd656, 0xd656, 0xd656, 0xd656, 0xd656, 0xd656, 0xd656,
  0xd656, 0xd656, 0xe6d8, 0x5aca, 0x2104, 0xe6f9, 0xde97, 0xd656, 0xe6f9, 0xe6d8, 0xe6d8, 0xe6d8, 0xe6d8, 0xe6d8, 0xe6d8, 0xe6d8, 0xe6d8, 0xe6b8, 0xe6b8, 0xe6d8,
  0xe6b8, 0xe6b8, 0xef39, 0x52a9, 0x18c3, 0x2124, 0x2124, 0x18e4, 0x39e7, 0xe6d8, 0x4228, 0x18e3, 0x2124, 0x2124, 0x2104, 0x39a6, 0xdeb8, 0xeef9, 0xe6d8, 0xe6d8,
  0xe6d8, 0xe6d8, 0xe6d8, 0xe6d8, 0xe6d8, 0xe6d8, 0xe6d8, 0xe6d8, 0xe6d8, 0xe6d8, 0xe6d8, 0xe6d8, 0xf739, 0xef19, 0x39c6, 0x18e3, 0x1903, 0x18e3, 0x18e3, 0x10c3,
  0x18e3, 0x2144, 0x2103, 0xce36, 0xf77a, 0xe6b7, 0xe6d8, 0xe6d8, 0xe6d8, 0xef19, 0xce16, 0x2944, 0x2104, 0x2104, 0x2965, 0xd657, 0xe6f9, 0xe6d8, 0xe6d8, 0xe6d8,
  0xe6d8, 0xe6d8, 0xe6d8, 0xe6d8, 0xe6d8, 0xe6d8, 0xe6d9, 0xbd73, 0x8c4f, 0x39e7, 0x2104, 0x8c4f, 0x8c2e, 0xd656, 0xd676, 0xd677, 0xd677, 0xd677, 0xd656, 0xd656,
  0xd656, 0xd656, 0xd656, 0xd656, 0xd656, 0xd656, 0xd656, 0xde77, 0xce36, 0x18e3, 0x7bcd, 0xf75a, 0xce16, 0xde97, 0xd677, 0xd677, 0xd677, 0xd677, 0xd677, 0x18e3,
  0x18e3, 0x18e3, 0x18e3, 0xd677, 0xd677, 0xd677, 0xd677, 0x18e3, 0x18e3, 0xd677, 0xd677, 0xd677, 0xd677, 0xd677, 0xd677, 0x18e3, 0x18e3, 0x18e3, 0x18e3, 0xd677,
  0xd677, 0xd677, 0xd677, 0xd677, 0xd677, 0xd677, 0xd677, 0xd677, 0xd677, 0xd677, 0xd677, 0xd677, 0xd677, 0xd677, 0xd677, 0xd677, 0xd677, 0xd677, 0xd677, 0xd677,
  0xd677, 0xd677, 0xd677, 0xd677, 0xd677, 0xd677, 0x18e3, 0x18e3, 0x18e3, 0x18e3, 0x18e3, 0xd677, 0xd677, 0x18e3, 0x18e3, 0x18e3, 0x18e3, 0x18e3, 0xd677, 0xd677,
  0xd677, 0xd677, 0xd677, 0xd677, 0xd677, 0xd677, 0xd677, 0xd677, 0xd677, 0xd677, 0xe6d8, 0xe6b8, 0xd677, 0xad12, 0x7bcd, 0x0862, 0x39e7, 0x9cb1, 0x9470, 0xce35,
  0xd656, 0xd656, 0xd656, 0xd656, 0xd656, 0xd656, 0xd656, 0xd656, 0xd656, 0xde76, 0xd676, 0xd656, 0xef19, 0x9cb1, 0x0000, 0x944f, 0xe6d8, 0xd656, 0xd656, 0xd656,
  0xdeb7, 0xb533, 0x1062, 0x8c0f, 0xf77b, 0xce16, 0xce15, 0xf75a, 0xf75a, 0xf75a, 0xf75a, 0xf75a, 0xf75a, 0xf75a, 0xf75a, 0xf75a, 0xf75a, 0xf75a, 0xf75a, 0xf75a,
  0xf75a, 0xf75a, 0xf77a, 0xf75a, 0xf77a, 0xf75a, 0xf77b, 0xf77b, 0xf77b, 0xf75a, 0xf75a, 0xf75a, 0xf75a, 0xdeb8, 0xc615, 0xb573, 0x5aca, 0x0000, 0xad12, 0xe6b8,
  0xd656, 0xd656, 0xd656, 0xe6d8, 0x9c91, 0x0000, 0x944f, 0xf739, 0xd656, 0xd656, 0xd656, 0xd656, 0xd656, 0xd656, 0xd656, 0xd656, 0xd656, 0xd656, 0xd656, 0xd656,
  0xd656, 0xd656, 0xe6d8, 0x5aca, 0x2124, 0xeef9, 0xde97, 0xd656, 0xe6f9, 0xe6d8, 0xe6d8, 0xe6d8, 0xe6d8, 0xe6d8, 0xe6d8, 0xe6d8, 0xef19, 0xf75a, 0xf75a, 0xf75a,
  0xf73a, 0xef19, 0xef19, 0x5269, 0x10c3, 0x2124, 0x2124, 0x18e4, 0x41e7, 0xe6d8, 0x4228, 0x18e3, 0x2124, 0x2124, 0x1904, 0x39a6, 0xdeb8, 0xeef9, 0xe6d8, 0xe6d8,
  0xe6d8, 0xe6d8, 0xe6d8, 0xe6d8, 0xe6d8, 0xe6d8, 0xe6d8, 0xe6d8, 0xe6d8, 0xe6d8, 0xe6d8, 0xeef9, 0xce16, 0x7bad, 0x3185, 0x2124, 0x2945, 0x2945, 0x2945, 0x2945,
  0x2944, 0x2124, 0x2103, 0x6b4c, 0xd657, 0xeef9, 0xe6d8, 0xe6d9, 0xe6d8, 0xef19, 0xce36, 0x2944, 0x2104, 0x2104, 0x2965, 0xd657, 0xe6f9, 0xe6d8, 0xe6d8, 0xe6d8,
  0xe6d8, 0xe6d8, 0xe6d8, 0xe6d8, 0xe6d8, 0xe6d8, 0xd677, 0xc5d5, 0x9470, 0x39c6, 0x10a2, 0x8c2f, 0x8c0e, 0x9cb0, 0xe6b8, 0xd656, 0xd677, 0xd677, 0xd656, 0xd656,
  0xd656, 0xd656, 0xd656, 0xd656, 0xd656, 0xd656, 0xd676, 0xde77, 0xce36, 0x18e3, 0x7bce, 0xf75a, 0xce15, 0xde97, 0xd677, 0xd677, 0xd677, 0xd677, 0xd677, 0x18e3,
  0x18e3, 0x18e3, 0x18e3, 0xd677, 0xd677, 0xd677, 0xd677, 0x18e3, 0x18e3, 0xd677, 0xd677, 0xd677, 0xd677, 0xd677, 0xd677, 0x18e3, 0x18e3, 0x18e3, 0x18e3, 0xd677,
  0xd677, 0xd677, 0xd677, 0xd677, 0xd677, 0xd677, 0xd677, 0xd677, 0xd677, 0xd677, 0xd677, 0xd677, 0xd677, 0xd677, 0xd677, 0xd677, 0xd677, 0xd677, 0xd677, 0xd677,
  0xd677, 0xd677, 0xd677, 0xd677, 0xd677, 0xd677, 0x18e3, 0x18e3, 0x18e3, 0x18e3, 0x18e3, 0xd677, 0xd677, 0x18e3, 0x18e3, 0x18e3, 0x18e3, 0x18e3, 0xd677, 0xd677,
  0xd677, 0xd677, 0xd677, 0xd677, 0xd677, 0xd677, 0xd677, 0xd677, 0xd677, 0xd677, 0xe6d8, 0xe6b8, 0xde77, 0xad12, 0x83cd, 0x0862, 0x41e7, 0x9c90, 0x9cb0, 0xd636,
  0xd656, 0xd656, 0xd656, 0xd656, 0xd656, 0xd656, 0xd656, 0xd677, 0xd677, 0xd656, 0xde76, 0xbdb4, 0x5268, 0x630a, 0x946f, 0xc5d5, 0xde97, 0xd656, 0xd656, 0xd656,
  0xdeb7, 0xb533, 0x1082, 0x8c0f, 0xf75a, 0xce15, 0xc5f5, 0xd656, 0xd657, 0xd656, 0xd636, 0xd636, 0xd636, 0xd636, 0xd656, 0xd656, 0xd657, 0xd656, 0xd656, 0xd656,
  0xd656, 0xd656, 0xd656, 0xd656, 0xd656, 0xd657, 0xd657, 0xd656, 0xd656, 0xd656, 0xd657, 0xd677, 0xd677, 0xd656, 0xc5d5, 0xb573, 0x5aaa, 0x0000, 0xad12, 0xe6b8,
  0xd656, 0xd656, 0xd676, 0xde97, 0xc5d5, 0x9450, 0x6b4b, 0x5289, 0xc5d4, 0xd676, 0xd656, 0xd676, 0xd656, 0xd656, 0xd656, 0xd656, 0xd656, 0xd656, 0xd656, 0xd656,
  0xd656, 0xd656, 0xe6d8, 0x62ea, 0x2124, 0xeef9, 0xde97, 0xd656, 0xe6f9, 0xe6d8, 0xe6d8, 0xe6d8, 0xe6d8, 0xe6d8, 0xe6d8, 0xef19, 0x9cd1, 0x738c, 0x7bad, 0x7bad,
  0x738d, 0x840e, 0xef19, 0x5289, 0x10c3, 0x2124, 0x2124, 0x18e4, 0x39e7, 0xe6d8, 0x4228, 0x18e3, 0x2124, 0x2124, 0x2104, 0x31a6, 0xde97, 0xe6f8, 0xe6d8, 0xe6d8,
  0xe6d8, 0xe6d8, 0xe6d8, 0xe6d8, 0xe6d8, 0xe6d8, 0xe6d8, 0xe6d8, 0xe6d8, 0xe6d8, 0xe6d8, 0xeef9, 0x4a49, 0x1082, 0x2124, 0x2125, 0x18e3, 0x10a2, 0x10a3, 0x18c3,
  0x18e3, 0x2104, 0x2124, 0x1082, 0x5289, 0xe6f9, 0xe6d8, 0xe6d8, 0xe6d8, 0xef19, 0xce36, 0x2944, 0x2124, 0x2104, 0x2965, 0xd657, 0xeef9, 0xe6d8, 0xe6d8, 0xe6d8,
  0xe6d8, 0xe6d8, 0xe6d8, 0xe6d8, 0xe6f8, 0xe6b8, 0xde97, 0xbdb4, 0x9470, 0x4207, 0x18c3, 0x8c4f, 0x7bac, 0xce16, 0xde77, 0xd656, 0xd677, 0xd677, 0xd656, 0xd656,
  0xd656, 0xd656, 0xd656, 0xd656, 0xd656, 0xd656, 0xd676, 0xde77, 0xce36, 0x18c3, 0x7bcd, 0xf77a, 0xce15, 0xde97, 0xd677, 0xd677, 0xd677, 0xd677, 0xd677, 0x18e3,
  0x18e3, 0xd677, 0xd677, 0x18e3, 0x18e3, 0xd677, 0xd677, 0x18e3, 0x18e3, 0xd677, 0xd677, 0xd677, 0xd677, 0xd677, 0xd677, 0x18e3, 0x18e3, 0xd677, 0xd677, 0xd677,
  0xd677, 0xd677, 0xd677, 0xd677, 0xd677, 0xd677, 0xd677, 0xd677, 0xd677, 0xd677, 0xd677, 0xd677, 0xd677, 0xd677, 0xd677, 0xd677, 0xd677, 0xd677, 0xd677, 0xd677,
  0xd677, 0xd677, 0xd677, 0xd677, 0xd677, 0xd677, 0x18e3, 0x18e3, 0x18e3, 0x18e3, 0x18e3, 0xd677, 0xd677, 0x18e3, 0x18e3, 0x18e3, 0x18e3, 0x18e3, 0xd677, 0xd677,
  0xd677, 0xd677, 0xd677, 0xd677, 0xd677, 0xd677, 0xd677, 0xd677, 0xd677, 0xd677, 0xe6d8, 0xde97, 0xd676, 0xad12, 0x7bcd, 0x0861, 0x39e7, 0x9cb0, 0x8c0e, 0xce36,
  0xde77, 0xd656, 0xd656, 0xd656, 0xd656, 0xd656, 0xd656, 0xd677, 0xd677, 0xd676, 0xe6d7, 0xbdb4, 0x0000, 0x5268, 0xef19, 0xde57, 0xd656, 0xde77, 0xd677, 0xd656,
  0xdeb7, 0xad33, 0x1082, 0x840f, 0xf75a, 0xce15, 0xce15, 0xce36, 0xce16, 0xce15, 0xce15, 0xcdf5, 0xce15, 0xce15, 0xcdf5, 0xce15, 0xce15, 0xce15, 0xce15, 0xce15,
  0xce15, 0xce15, 0xce15, 0xce15, 0xce15, 0xd636, 0xd656, 0xce36, 0xce15, 0xce36, 0xce56, 0xd657, 0xd656, 0xd656, 0xc5d4, 0xb552, 0x5aca, 0x0000, 0xad12, 0xe6b8,
  0xd656, 0xd677, 0xd677, 0xd676, 0xd676, 0xef19, 0x5269, 0x0000, 0xc5d5, 0xe6b8, 0xd656, 0xd656, 0xd656, 0xd656, 0xd656, 0xd656, 0xd656, 0xd656, 0xd656, 0xd656,
  0xd656, 0xd656, 0xe6d8, 0x62ea, 0x2924, 0xef19, 0xde97, 0xd656, 0xe6d9, 0xe6d8, 0xe6d8, 0xe6d8, 0xe6d8, 0xe6d8, 0xe6b8, 0xef19, 0x5289, 0x0861, 0x10c3, 0x10a3,
  0x10a2, 0x2965, 0xe6f9, 0x52a9, 0x18c3, 0x2124, 0x2124, 0x18e3, 0x39e7, 0xe6d8, 0x4228, 0x18c3, 0x2124, 0x2124, 0x2104, 0x31a6, 0xde97, 0xe6f8, 0xe6d8, 0xe6d8,
  0xe6d8, 0xe6d8, 0xe6d8, 0xe6d8, 0xe6d8, 0xe6d8, 0xe6d8, 0xe6d8, 0xe6d8, 0xe6d8, 0xe6d8, 0xe6d9, 0x4228, 0x2104, 0x2124, 0x18e4, 0x6b4c, 0x9490, 0x8c2f, 0x9c90,
  0x6b4c, 0x18e3, 0x2124, 0x2124, 0x39a6, 0xdeb7, 0xe6f8, 0xe6d8, 0xe6d8, 0xef19, 0xce16, 0x2944, 0x2124, 0x2104, 0x2965, 0xd657, 0xeef9, 0xe6d8, 0xe6d8, 0xe6d8,
  0xe6d8, 0xe6d8, 0xe6d8, 0xe6d8, 0xe6d8, 0xe6d8, 0xe6b8, 0xcdf5, 0x9cd1, 0x39c6, 0x10a2, 0x840e, 0x83ed, 0xb552, 0xde97, 0xd656, 0xd677, 0xd677, 0xd677, 0xd656,
  0xd656, 0xd656, 0xd656, 0xd656, 0xd656, 0xd656, 0xd656, 0xde77, 0xce36, 0x18c3, 0x7bad, 0xf77a, 0xce15, 0xde97, 0xd677, 0xd677, 0xd677, 0xd677, 0xd677, 0x18e3,
  0x18e3, 0xd677, 0xd677, 0x18e3, 0x18e3, 0xd677, 0xd677, 0x18e3, 0x18e3, 0xd677, 0xd677, 0xd677, 0xd677, 0xd677, 0xd677, 0x18e3, 0x18e3, 0xd677, 0xd677, 0xd677,
  0xd677, 0xd677, 0xd677, 0xd677, 0xd677, 0xd677, 0xd677, 0xd677, 0xd677, 0xd677, 0xd677, 0xd677, 0xd677, 0xd677, 0xd677, 0xd677, 0xd677, 0xd677, 0xd677, 0x18e3,
  0x18e3, 0x18e3, 0x18e3, 0x18e3, 0xd677, 0xd677, 0x18e3, 0x18e3, 0x18e3, 0x18e3, 0x18e3, 0xd677, 0xd677, 0x18e3, 0x18e3, 0x18e3, 0x18e3, 0x18e3, 0xd677, 0xd677,
  0xd677, 0xd677, 0xd677, 0xd677, 0xd677, 0xd677, 0xd677, 0xd677, 0xd677, 0xd677, 0xe6d8, 0xe6b8, 0xde97, 0xa4f1, 0x7bad, 0x0861, 0x41e7, 0x83ee, 0xa4d1, 0xd656,
  0xd657, 0xd656, 0xd656, 0xd656, 0xd656, 0xd656, 0xd656, 0xd677, 0xd656, 0xde97, 0x5aca, 0x4227, 0xb553, 0xc5d4, 0xd656, 0xd656, 0xd656, 0xd656, 0xd656, 0xd656,
  0xdeb7, 0xad33, 0x1082, 0x8c0f, 0xf75a, 0xce35, 0xce15, 0xce16, 0xce16, 0xce15, 0xce15, 0xce16, 0xce15, 0xce16, 0xce16, 0xce16, 0xce16, 0xce15, 0xce16, 0xce16,
  0xce15, 0xcdf5, 0xcdf5, 0xcdf5, 0xce15, 0xc5d4, 0xb573, 0xad32, 0xad32, 0xb552, 0xbd93, 0xbdb4, 0xbd94, 0xd636, 0xc5d5, 0xb553, 0x5aca, 0x0000, 0xa4f2, 0xe6b8,
  0xd656, 0xd677, 0xd656, 0xd657, 0xd656, 0xd656, 0xbdb4, 0xb553, 0x4a28, 0x5a89, 0xde97, 0xd656, 0xd656, 0xd656, 0xd656, 0xd656, 0xd656, 0xd656, 0xd656, 0xd656,
  0xd656, 0xd656, 0xe6d8, 0x62ea, 0x2104, 0xef19, 0xde97, 0xd656, 0xe6f9, 0xe6d8, 0xe6d8, 0xe6d8, 0xe6d8, 0xe6d8, 0xe6d8, 0xef19, 0x5aca, 0x18e3, 0x2945, 0x2945,
  0x2104, 0x39c6, 0xe6f9, 0x52a9, 0x18c3, 0x2124, 0x2124, 0x18e3, 0x39e7, 0xe6d8, 0x4228, 0x18c3, 0x2124, 0x2124, 0x2104, 0x31a6, 0xde97, 0xe6f8, 0xe6d8, 0xe6d8,
  0xe6d8, 0xe6d8, 0xe6d8, 0xe6d8, 0xe6d8, 0xe6d8, 0xe6d8, 0xe6d8, 0xe6d8, 0xe6d8, 0xe6d8, 0xe6f9, 0x4a28, 0x18e3, 0x2944, 0x18c3, 0xad53, 0xff9b, 0xeef8, 0xff9a,
  0xad33, 0x18c3, 0x2945, 0x2104, 0x39c6, 0xdeb8, 0xe6f8, 0xe6d8, 0xe6d8, 0xef19, 0xce16, 0x2944, 0x2124, 0x2104, 0x2965, 0xd657, 0xeef9, 0xe6d8, 0xe6d8, 0xe6d8,
  0xe6d8, 0xe6d8, 0xe6d8, 0xe6d8, 0xe6d8, 0xe6d8, 0xde97, 0xc5b4, 0x9470, 0x39e7, 0x18e3, 0x8c0e, 0x8c2e, 0xc5d5, 0xde97, 0xd656, 0xd677, 0xd677, 0xd656, 0xd677,
  0xd656, 0xd656, 0xd656, 0xd656, 0xd656, 0xd656, 0xd656, 0xde77, 0xce36, 0x18c3, 0x7bad, 0xf77b, 0xce36, 0xde97, 0xd677, 0xd677, 0xd677, 0xd677, 0xd677, 0x18e3,
  0x18e3, 0x18e3, 0x18e3, 0xd677, 0xd677, 0xd677, 0xd677, 0x18e3, 0x18e3, 0x18e3, 0x18e3, 0x18e3, 0x18e3, 0xd677, 0xd677, 0x18e3, 0x18e3, 0x18e3, 0x18e3, 0x18e3,
  0x18e3, 0xd677, 0xd677, 0xd677, 0xd677, 0xd677, 0xd677, 0xd677, 0xd677, 0xd677, 0xd677, 0xd677, 0xd677, 0xd677, 0xd677, 0xd677, 0xd677, 0xd677, 0xd677, 0x18e3,
  0x18e3, 0x18e3, 0x18e3, 0x18e3, 0xd677, 0xd677, 0x18e3, 0x18e3, 0x18e3, 0x18e3, 0x18e3, 0xd677, 0xd677, 0x18e3, 0x18e3, 0x18e3, 0x18e3, 0x18e3, 0xd677, 0xd677,
  0xd677, 0xd677, 0xd677, 0xd677, 0xd677, 0xd677, 0xd677, 0xd677, 0xd677, 0xd677, 0xe6f9, 0xde97, 0xd656, 0xad32, 0x7bad, 0x1082, 0x39a6, 0x9cb1, 0x8c0e, 0xce15,
  0xde77, 0xd656, 0xd656, 0xd656, 0xd656, 0xd656, 0xd656, 0xd656, 0xd656, 0xde97, 0x31a6, 0x3165, 0xe6d8, 0xde97, 0xd677, 0xd677, 0xd677, 0xd677, 0xd677, 0xd656,
  0xe6b7, 0xad33, 0x0862, 0x8c0e, 0xf77b, 0xce36, 0xce35, 0xd677, 0xd656, 0xd636, 0xce36, 0xce16, 0xce16, 0xce16, 0xce16, 0xce16, 0xce16, 0xce15, 0xce16, 0xce16,
  0xd656, 0xd657, 0xd677, 0xd677, 0xd657, 0xbdb4, 0xad32, 0x946f, 0x9cb0, 0xa4d1, 0xad12, 0xad12, 0xad12, 0xd636, 0xc5f5, 0xb573, 0x5aaa, 0x0000, 0xa4f1, 0xe6b7,
  0xd656, 0xd656, 0xd656, 0xd657, 0xd657, 0xd656, 0xde76, 0xdeb8, 0x2944, 0x3185, 0xde97, 0xd656, 0xd677, 0xd677, 0xd677, 0xd656, 0xd656, 0xd677, 0xd677, 0xd677,
  0xd656, 0xd656, 0xe6d8, 0x5aca, 0x18e3, 0xeef9, 0xde97, 0xd657, 0xe6f8, 0xe6d8, 0xe6b8, 0xe6d8, 0xe6d8, 0xe6d8, 0xe6b8, 0xf73a, 0x62eb, 0x18c3, 0x2125, 0x2124,
  0x18e3, 0x3186, 0xe6d9, 0x5289, 0x18c3, 0x2124, 0x2124, 0x18e3, 0x39e7, 0xe6d9, 0x4228, 0x18e3, 0x2124, 0x2124, 0x2104, 0x31a6, 0xde97, 0xe6f8, 0xe6d8, 0xe6d8,
  0xe6d8, 0xe6d8, 0xe6d8, 0xe6d8, 0xe6d8, 0xe6d8, 0xe6d8, 0xe6d8, 0xe6d8, 0xe6d8, 0xe6d8, 0xeef9, 0x4a48, 0x18e4, 0x2945, 0x18c3, 0xa4f1, 0xef19, 0xde77, 0xeef8,
  0x9cb1, 0x10c3, 0x2944, 0x18e3, 0x41e7, 0xe6d9, 0xe6f9, 0xe6b8, 0xdeb8, 0xe6f8, 0xce16, 0x2945, 0x2124, 0x2104, 0x2965, 0xd657, 0xe6d8, 0xe6b8, 0xe6d8, 0xe6f8,
  0xe6d8, 0xe6d8, 0xe6d8, 0xe6d8, 0xe6d8, 0xe6d8, 0xdeb8, 0xcdf5, 0x946f, 0x31a5, 0x18c3, 0x944f, 0x840e, 0xad32, 0xdeb8, 0xd656, 0xd677, 0xd677, 0xd677, 0xd676,
  0xd656, 0xd656, 0xd656, 0xd656, 0xd656, 0xd656, 0xd656, 0xde77, 0xce36, 0x18c3, 0x7bad, 0xf77b, 0xce36, 0xde97, 0xd677, 0xd677, 0xd677, 0xd677, 0xd677, 0x18e3,
  0x18e3, 0x18e3, 0x18e3, 0xd677, 0xd677, 0xd677, 0xd677, 0x18e3, 0x18e3, 0x18e3, 0x18e3, 0x18e3, 0x18e3, 0xd677, 0xd677, 0x18e3, 0x18e3, 0x18e3, 0x18e3, 0x18e3,
  0x18e3, 0xd677, 0xd677, 0xd677, 0xd677, 0xd677, 0xd677, 0xd677, 0xd677, 0xd677, 0xd677, 0xd677, 0xd677, 0xd677, 0xd677, 0xd677, 0xd677, 0xd677, 0xd677, 0x18e3,
  0x18e3, 0x18e3, 0x18e3, 0x18e3, 0xd677, 0xd677, 0x18e3, 0x18e3, 0x18e3, 0x18e3, 0x18e3, 0xd677, 0xd677, 0x18e3, 0x18e3, 0x18e3, 0x18e3, 0x18e3, 0xd677, 0xd677,
  0xd677, 0xd677, 0xd677, 0xd677, 0xd677, 0xd677, 0xd677, 0xd677, 0xd677, 0xd677, 0xe6d8, 0xe6d8, 0xd677, 0xa4d1, 0x7bad, 0x0861, 0x41e7, 0x9cb1, 0x8c4f, 0xd636,
  0xd677, 0xd656, 0xd656, 0xd656, 0xd656, 0xd656, 0xd656, 0xd656, 0xd677, 0xde77, 0xce15, 0xce15, 0xd677, 0xd656, 0xd677, 0xd677, 0xd677, 0xd677, 0xd677, 0xd656,
  0xe6b7, 0xad32, 0x0862, 0x8c2f, 0xf77b, 0xd657, 0xc5d4, 0x734b, 0x738c, 0x9cb0, 0xbd94, 0xce36, 0xce15, 0xce36, 0xce36, 0xce36, 0xce36, 0xce16, 0xce36, 0xce36,
  0x7bad, 0x630b, 0x6b2b, 0x6b2b, 0x630b, 0x52a9, 0x4a68, 0x4a28, 0x5269, 0x5269, 0x5269, 0x4a48, 0x5aa9, 0xd636, 0xce15, 0xb573, 0x5aaa, 0x0000, 0xa4f1, 0xdeb7,
  0xd656, 0xd656, 0xd656, 0xd656, 0xd656, 0xd657, 0xd656, 0xd656, 0xc5f5, 0xce15, 0xde76, 0xd657, 0xd677, 0xd677, 0xd677, 0xd677, 0xd677, 0xd677, 0xd677, 0xd677,
  0xd656, 0xd656, 0xe6d8, 0x5aca, 0x20e3, 0xeef9, 0xde97, 0xd656, 0xe6f9, 0xef19, 0xf739, 0xf739, 0xf75a, 0xf75a, 0xf73a, 0xf75a, 0x62eb, 0x18c3, 0x2124, 0x2124,
  0x18e3, 0x3185, 0xe6d8, 0x52a9, 0x18c3, 0x2124, 0x2124, 0x18e3, 0x39e7, 0xe6d9, 0x4228, 0x18e3, 0x2124, 0x2124, 0x2104, 0x31a6, 0xde97, 0xe6f8, 0xe6d8, 0xe6d8,
  0xe6d8, 0xe6d8, 0xe6d8, 0xe6d8, 0xe6d8, 0xe6d8, 0xe6d8, 0xe6d8, 0xe6d8, 0xe6d8, 0xe6d8, 0xeef9, 0x4a48, 0x2104, 0x2945, 0x10a2, 0xad32, 0xff9b, 0xef19, 0xff9b,
  0xad12, 0x10a2, 0x2124, 0x18e3, 0x39e7, 0xe6f9, 0xe6f8, 0xf739, 0xef3a, 0xf77a, 0xde77, 0x2965, 0x2124, 0x2104, 0x2965, 0xe6d9, 0xf77b, 0xf73a, 0xf73a, 0xe6d8,
  0xe6d8, 0xe6d8, 0xe6d8, 0xe6d8, 0xe6d8, 0xe6d8, 0xe6b8, 0xb552, 0x8c2e, 0x39e7, 0x18e3, 0x9470, 0x8c0e, 0xc5f4, 0xde97, 0xd656, 0xd677, 0xd677, 0xd677, 0xd676,
  0xd656, 0xd656, 0xd656, 0xd656, 0xd656, 0xd656, 0xd656, 0xde77, 0xce36, 0x18c3, 0x7bad, 0xf75b, 0xce36, 0xde97, 0xd677, 0xd677, 0xd677, 0xd677, 0xd677, 0xd677,
  0xd677, 0xd677, 0xd677, 0xd677, 0xd677, 0xd677, 0xd677, 0xd677, 0xd677, 0xd677, 0xd677, 0xd677, 0xd677, 0xd677, 0xd677, 0xd677, 0xd677, 0xd677, 0xd677, 0xd677,
  0xd677, 0xd677, 0xd677, 0xd677, 0xd677, 0xd677, 0xd677, 0xd677, 0xd677, 0xd677, 0xd677, 0xd677, 0x18e3, 0x18e3, 0x18e3, 0x18e3, 0x18e3, 0xd677, 0xd677, 0x18e3,
  0x18e3, 0x18e3, 0x18e3, 0x18e3, 0xd677, 0xd677, 0x18e3, 0x18e3, 0x18e3, 0x18e3, 0x18e3, 0xd677, 0xd677, 0x18e3, 0x18e3, 0x18e3, 0x18e3, 0x18e3, 0xd677, 0xd677,
  0xd677, 0xd677, 0xd677, 0xd677, 0xd677, 0xd677, 0xd677, 0xd677, 0xd677, 0xd677, 0xe6f9, 0xe6b8, 0xde97, 0xad12, 0x7bad, 0x0861, 0x4227, 0x8c4f, 0x9cb0, 0xd656,
  0xd656, 0xd656, 0xd656, 0xd656, 0xd656, 0xd656, 0xd656, 0xd676, 0xd677, 0xde57, 0xde96, 0xde97, 0xd677, 0xd677, 0xd677, 0xd677, 0xd677, 0xd677, 0xd677, 0xd657,
  0xe6b7, 0xad32, 0x0862, 0x8c2f, 0xf77b, 0xd677, 0xbdb4, 0x0841, 0x10a2, 0x630a, 0xa4d1, 0xd656, 0xce15, 0xce16, 0xce16, 0xce36, 0xce36, 0xce36, 0xce36, 0xd657,
  0x2965, 0x0000, 0x0841, 0x1062, 0x0862, 0x0021, 0x0861, 0x18e3, 0x18e4, 0x18e3, 0x18c3, 0x10a2, 0x18e3, 0xd656, 0xce36, 0xb594, 0x62ca, 0x0000, 0xa4f1, 0xde97,
  0xd656, 0xd677, 0xd677, 0xd677, 0xd677, 0xd657, 0xd676, 0xd676, 0xde77, 0xde77, 0xd676, 0xd677, 0xd677, 0xd677, 0xd677, 0xd677, 0xd677, 0xd677, 0xd677, 0xd677,
  0xd677, 0xd656, 0xe6d8, 0x62ca, 0x2104, 0xeef9, 0xde97, 0xd656, 0xeef9, 0xbd94, 0x9cd1, 0xa4f1, 0xad12, 0xad12, 0xad12, 0xe6f9, 0x5aca, 0x10a2, 0x2124, 0x2124,
  0x18e3, 0x3186, 0xe6d8, 0x52a9, 0x18c3, 0x2124, 0x2124, 0x18e3, 0x39e7, 0xe6f9, 0x4a28, 0x18e3, 0x2124, 0x2124, 0x2104, 0x31a6, 0xde97, 0xe6f8, 0xe6d8, 0xe6d8,
  0xe6d8, 0xe6d8, 0xe6d8, 0xe6d8, 0xe6d8, 0xe6d8, 0xe6d8, 0xe6d8, 0xe6d8, 0xe6d8, 0xe6d8, 0xe6f9, 0x4a48, 0x2104, 0x2944, 0x18e3, 0x738c, 0x9cd1, 0x9490, 0x9cd1,
  0x736c, 0x18e3, 0x2124, 0x2104, 0x39c6, 0xdeb8, 0xe6b8, 0x9cd1, 0x94b0, 0x9cd1, 0x8c2f, 0x2124, 0x2104, 0x2104, 0x2945, 0x9470, 0x9cf1, 0x9cb1, 0xa4f2, 0xe6d8,
  0xe6d8, 0xe6d8, 0xe6d8, 0xe6d8, 0xe6d8, 0xe6d8, 0xe6d8, 0xc5d4, 0x9490, 0x39c6, 0x18e3, 0x9c90, 0x8c2e, 0xbd94, 0xde97, 0xd656, 0xd677, 0xd677, 0xd677, 0xd677,
  0xd656, 0xd656, 0xd656, 0xd656, 0xd656, 0xd656, 0xd656, 0xde77, 0xce36, 0x18c3, 0x7bad, 0xf75a, 0xce16, 0xde97, 0xd677, 0xd677, 0xd677, 0xd677, 0xd677, 0xd677,
  0xd677, 0xd677, 0xd677, 0xd677, 0xd677, 0xd677, 0xd677, 0xd677, 0xd677, 0xd677, 0xd677, 0xd677, 0xd677, 0xd677, 0xd677, 0xd677, 0xd677, 0xd677, 0xd677, 0xd677,
  0xd677, 0xd677, 0xd677, 0xd677, 0xd677, 0xd677, 0xd677, 0xd677, 0xd677, 0xd677, 0xd677, 0xd677, 0x18e3, 0x18e3, 0x18e3, 0x18e3, 0x18e3, 0xd677, 0xd677, 0x18e3,
  0x18e3, 0x18e3, 0x18e3, 0x18e3, 0xd677, 0xd677, 0x18e3, 0x18e3, 0x18e3, 0x18e3, 0x18e3, 0xd677, 0xd677, 0x18e3, 0x18e3, 0x18e3, 0x18e3, 0x18e3, 0xd677, 0xd677,
  0xd677, 0xd677, 0xd677, 0xd677, 0xd677, 0xd677, 0xd677, 0xd677, 0xd677, 0xd677, 0xe6f9, 0xe6b8, 0xde77, 0xad32, 0x83ee, 0x0882, 0x3186, 0x9470, 0x8c2f, 0xd636,
  0xde77, 0xd656, 0xd656, 0xd656, 0xd656, 0xd656, 0xd656, 0xd657, 0xd656, 0xd677, 0xd657, 0xd676, 0xd677, 0xd677, 0xd677, 0xd677, 0xd677, 0xd677, 0xd677, 0xd676,
  0xe6b8, 0xb553, 0x1082, 0x8c0f, 0xf77a, 0xd636, 0xce15, 0x9c90, 0x9490, 0xad12, 0xc5b4, 0xd636, 0xce16, 0xce36, 0xce36, 0xce36, 0xce36, 0xce36, 0xce15, 0xd636,
  0xa4d1, 0x944f, 0x9470, 0x9c91, 0x9490, 0x83ee, 0x5a89, 0x2945, 0x2965, 0x2944, 0x2944, 0x2124, 0x4a28, 0xde97, 0xcdf5, 0xb573, 0x62ca, 0x0000, 0xacf2, 0xde97,
  0xd656, 0xd656, 0xd677, 0xd677, 0xd677, 0xd676, 0xd676, 0xd677, 0xd656, 0xd677, 0xd677, 0xd656, 0xd677, 0xd677, 0xd677, 0xd677, 0xd677, 0xd677, 0xd677, 0xd677,
  0xd677, 0xd656, 0xe6d8, 0x62ea, 0x2124, 0xeef9, 0xde97, 0xd656, 0xef19, 0x5a89, 0x0862, 0x18e3, 0x18c3, 0x10a3, 0x18e3, 0xde77, 0x5aca, 0x10c3, 0x2124, 0x2124,
  0x1904, 0x3186, 0xe6d8, 0x52a9, 0x18c3, 0x2124, 0x2124, 0x18e3, 0x39e7, 0xe6f9, 0x4a28, 0x18e3, 0x2124, 0x2124, 0x2104, 0x31a6, 0xde97, 0xe6f8, 0xe6d8, 0xe6d8,
  0xe6d8, 0xe6d8, 0xe6d8, 0xe6d8, 0xe6d8, 0xe6d8, 0xe6d8, 0xe6d8, 0xe6d8, 0xe6d8, 0xe6d8, 0xe6f9, 0x39e7, 0x1082, 0x2144, 0x2945, 0x18e3, 0x10a2, 0x10a2, 0x10a2,
  0x18e3, 0x2925, 0x2124, 0x10a2, 0x2965, 0xde97, 0xde97, 0x2965, 0x18c3, 0x18c3, 0x18c3, 0x2104, 0x2124, 0x2124, 0x2124, 0x18c3, 0x18e3, 0x10a2, 0x39a6, 0xe6d9,
  0xe6d8, 0xe6d9, 0xe6d8, 0xe6d8, 0xe6d8, 0xe6b8, 0xde77, 0xbd94, 0x944f, 0x39e7, 0x18e3, 0x8c2e, 0x944f, 0xbd93, 0xde97, 0xd656, 0xd656, 0xd656, 0xd656, 0xd677,
  0xd656, 0xd656, 0xd656, 0xd656, 0xd656, 0xd656, 0xd656, 0xde77, 0xce16, 0x18c3, 0x7bad, 0xf75a, 0xce16, 0xde97, 0xd677, 0xd677, 0xd677, 0xd677, 0xd677, 0xd677,
  0xd677, 0xd677, 0xd677, 0xd677, 0xd677, 0xd677, 0xd677, 0xd677, 0xd677, 0xd677, 0xd677, 0xd677, 0xd677, 0xd677, 0xd677, 0xd677, 0xd677, 0xd677, 0xd677, 0xd677,
  0xd677, 0xd677, 0xd677, 0xd677, 0xd677, 0xd677, 0xd677, 0xd677, 0xd677, 0xd677, 0xd677, 0xd677, 0x18e3, 0x18e3, 0x18e3, 0x18e3, 0x18e3, 0xd677, 0xd677, 0x18e3,
  0x18e3, 0x18e3, 0x18e3, 0x18e3, 0xd677, 0xd677, 0x18e3, 0x18e3, 0x18e3, 0x18e3, 0x18e3, 0xd677, 0xd677, 0x18e3, 0x18e3, 0x18e3, 0x18e3, 0x18e3, 0xd677, 0xd677,
  0xd677, 0xd677, 0xd677, 0xd677, 0xd677, 0xd677, 0xd677, 0xd677, 0xd677, 0xd677, 0xe6d8, 0xe6d8, 0xdeb8, 0xad32, 0x83ee, 0x0841, 0x4a68, 0x946f, 0x946f, 0xd657,
  0xd677, 0xd656, 0xd656, 0xd656, 0xd656, 0xd656, 0xd656, 0xd656, 0xd656, 0xd656, 0xd656, 0xd656, 0xd677, 0xd677, 0xd677, 0xd677, 0xd677, 0xd677, 0xd677, 0xd676,
  0xe6b8, 0xb553, 0x1082, 0x840e, 0xf75a, 0xce15, 0xce36, 0xef19, 0xeef9, 0xde77, 0xd636, 0xce36, 0xce36, 0xd636, 0xd636, 0xd636, 0xce36, 0xce15, 0xce15, 0xce16,
  0xde77, 0xde97, 0xde77, 0xde77, 0xde77, 0xd655, 0xd656, 0xc5f5, 0xc5f5, 0xc5d5, 0xc5d5, 0xc5f5, 0xce36, 0xd656, 0xc5d4, 0xb552, 0x62ea, 0x0021, 0xad12, 0xe6b8,
  0xd656, 0xd656, 0xd677, 0xd677, 0xd677, 0xd677, 0xd677, 0xd677, 0xd677, 0xd677, 0xd677, 0xd656, 0xd677, 0xd677, 0xd677, 0xd677, 0xd677, 0xd677, 0xd677, 0xd677,
  0xd677, 0xd656, 0xe6d8, 0x5aea, 0x2124, 0xeef9, 0xde77, 0xd656, 0xef39, 0x62eb, 0x18e3, 0x2945, 0x2124, 0x2104, 0x2945, 0xdeb8, 0x630a, 0x18c3, 0x2144, 0x2124,
  0x18e4, 0x31a6, 0xe6f9, 0x5aaa, 0x18e3, 0x2124, 0x2124, 0x2104, 0x4207, 0xe6d9, 0x4a28, 0x2104, 0x2124, 0x2124, 0x2104, 0x31a6, 0xde97, 0xe6f8, 0xe6d8, 0xe6d8,
  0xe6d8, 0xe6d8, 0xe6d8, 0xe6d8, 0xe6d8, 0xe6d8, 0xe6d8, 0xe6d8, 0xe6d8, 0xe6d8, 0xe6d8, 0xeef9, 0x7bcd, 0x5aca, 0x2965, 0x2124, 0x2945, 0x2945, 0x2945, 0x2945,
  0x2945, 0x2124, 0x3165, 0x630a, 0x7bad, 0xe6d8, 0xde97, 0x39a6, 0x2124, 0x2945, 0x2945, 0x2945, 0x2945, 0x2945, 0x2124, 0x2945, 0x2965, 0x2124, 0x4a48, 0xe6f9,
  0xe6d8, 0xe6d8, 0xe6d8, 0xe6d8, 0xe6d8, 0xe6b8, 0xe6b8, 0xce16, 0x9c90, 0x39e7, 0x18e3, 0x9cb1, 0x83ee, 0xc5f5, 0xde97, 0xd656, 0xd656, 0xd656, 0xd656, 0xd656,
  0xb573, 0xd656, 0xd656, 0xd656, 0xd656, 0xd656, 0xd656, 0xde77, 0xce16, 0x18c3, 0x7bcd, 0xf75a, 0xce16, 0xde97, 0xd677, 0xd677, 0xd677, 0xd677, 0xd677, 0xd677,
  0xd677, 0xd677, 0xd677, 0xd677, 0xd677, 0xd677, 0xd677, 0xd677, 0xd677, 0xd677, 0xd677, 0xd677, 0xd677, 0xd677, 0xd677, 0xd677, 0xd677, 0xd677, 0xd677, 0xd677,
  0xd677, 0xd677, 0xd677, 0xd677, 0xd677, 0xd677, 0xd677, 0xd677, 0xd677, 0xd677, 0xd677, 0xd677, 0x18e3, 0x18e3, 0x18e3, 0x18e3, 0x18e3, 0xd677, 0xd677, 0x18e3,
  0x18e3, 0x18e3, 0x18e3, 0x18e3, 0xd677, 0xd677, 0x18e3, 0x18e3, 0x18e3, 0x18e3, 0x18e3, 0xd677, 0xd677, 0x18e3, 0x18e3, 0x18e3, 0x18e3, 0x18e3, 0xd677, 0xd677,
  0xd677, 0xd677, 0xd677, 0xd677, 0xd677, 0xd677, 0xd677, 0xd677, 0xd677, 0xd677, 0xe6f9, 0xe6b8, 0xde97, 0xad32, 0x7bad, 0x0861, 0x31a6, 0x9c90, 0x8c2e, 0xce15,
  0xde77, 0xd656, 0xd656, 0xd656, 0xd656, 0xd656, 0xd656, 0xd656, 0xd656, 0xd656, 0xd656, 0xd656, 0xd677, 0xd677, 0xd677, 0xd677, 0xd656, 0xd677, 0xde77, 0xd676,
  0xe6b8, 0xb553, 0x1082, 0x840e, 0xf75a, 0xce15, 0xce36, 0xde97, 0xd677, 0xd636, 0xd636, 0xd636, 0xd636, 0xd636, 0xd636, 0xd636, 0xd636, 0xce35, 0xce15, 0xce16,
  0xce36, 0xce36, 0xce16, 0xce15, 0xce15, 0xd656, 0xde97, 0xe6b8, 0xe6b8, 0xdeb8, 0xe6d8, 0xe6d8, 0xde97, 0xd636, 0xbdb4, 0xad32, 0x62ea, 0x0041, 0xad12, 0xe6b8,
  0xd656, 0xd656, 0xd656, 0xd656, 0xd677, 0xd677, 0xd677, 0xd677, 0xd656, 0xd677, 0xd677, 0xd677, 0xd677, 0xd677, 0xd656, 0xd677, 0xd677, 0xd677, 0xd677, 0xd677,
  0xd677, 0xd656, 0xe6d8, 0x5aea, 0x2104, 0xeef9, 0xde97, 0xd657, 0xf73a, 0x5aaa, 0x10a2, 0x2124, 0x2124, 0x2104, 0x2965, 0xe6d8, 0x630a, 0x18c3, 0x2124, 0x2124,
  0x1904, 0x39c6, 0xe6f9, 0x52a9, 0x18c3, 0x2944, 0x2124, 0x2104, 0x4207, 0xe6d9, 0x4a28, 0x18e3, 0x2124, 0x2124, 0x2104, 0x31a6, 0xde97, 0xe6f8, 0xe6d8, 0xe6d8,
  0xe6d8, 0xe6d8, 0xe6d8, 0xe6d8, 0xe6d8, 0xe6d8, 0xe6d8, 0xe6d8, 0xe6d8, 0xe6d8, 0xe6d8, 0xe6d8, 0xef19, 0xe6f9, 0x2965, 0x0882, 0x18c3, 0x18c3, 0x18c3, 0x18c3,
  0x18c3, 0x0882, 0x3165, 0xeef9, 0xef3a, 0xeef9, 0xd677, 0x2124, 0x10a2, 0x18c3, 0x18c3, 0x18c3, 0x18c3, 0x18c3, 0x18c3, 0x18c3, 0x18e3, 0x18c3, 0x39e7, 0xe6d8,
  0xe6d8, 0xe6d8, 0xe6d8, 0xe6d8, 0xe6d8, 0xe6b8, 0xde77, 0xbdb4, 0x9470, 0x39e7, 0x10a2, 0x83ee, 0x8c2e, 0xb553, 0xe6b8, 0xd656, 0xd677, 0xd656, 0xd656, 0xbd73,
  0xad32, 0xd656, 0xd656, 0xd656, 0xd656, 0xd656, 0xd656, 0xde77, 0xce16, 0x18c3, 0x7bcd, 0xf75a, 0xce16, 0xde97, 0xd677, 0xd677, 0xd677, 0xd677, 0xd677, 0xd677,
  0xd677, 0xd677, 0xd677, 0xd677, 0xd677, 0xd677, 0xd677, 0xd677, 0xd677, 0xd677, 0xd677, 0xd677, 0xd677, 0xd677, 0xd677, 0xd677, 0xd677, 0xd677, 0xd677, 0xd677,
  0xd677, 0xd677, 0xd677, 0xd677, 0xd677, 0xd677, 0xd677, 0xd677, 0xd677, 0xd677, 0xd677, 0xd677, 0xd677, 0xd677, 0xd677, 0xd677, 0xd677, 0xd677, 0xd677, 0xd677,
  0xd677, 0xd677, 0xd677, 0xd677, 0xd677, 0xd677, 0xd677, 0xd677, 0xd677, 0xd677, 0xd677, 0xd677, 0xd677, 0xd677, 0xd677, 0xd677, 0xd677, 0xd677, 0xd677, 0xd677,
  0xd677, 0xd677, 0xd677, 0xd677, 0xd677, 0xd677, 0xd677, 0xd677, 0xd677, 0xd677, 0xe6b8, 0xeef9, 0xe6d8, 0xad12, 0x7b8c, 0x0861, 0x5269, 0x944f, 0x9cd1, 0xd656,
  0xd656, 0xd656, 0xd656, 0xd656, 0xd656, 0xd656, 0xd656, 0xd656, 0xd656, 0xd656, 0xd656, 0xd656, 0xd677, 0xd677, 0xd677, 0xd677, 0xd656, 0xd677, 0xde77, 0xd677,
  0xe6b8, 0xad33, 0x0841, 0x840e, 0xff9b, 0xd656, 0xd656, 0xd656, 0xce36, 0xce36, 0xce36, 0xd636, 0xd636, 0xd636, 0xd636, 0xd636, 0xd636, 0xd636, 0xce36, 0xce16,
  0xce36, 0xd636, 0xce36, 0xce36, 0xd636, 0xd636, 0xd656, 0xd656, 0xce36, 0xce16, 0xce36, 0xce15, 0xce35, 0xd657, 0xc5d5, 0xb573, 0x630b, 0x0041, 0xacf1, 0xdeb7,
  0xd656, 0xd656, 0xd656, 0xd656, 0xd677, 0xd677, 0xd677, 0xd677, 0xd677, 0xd677, 0xd677, 0xd677, 0xd677, 0xd677, 0xd656, 0xd677, 0xd677, 0xd677, 0xd677, 0xd677,
  0xd677, 0xd656, 0xe6d8, 0x5aea, 0x2104, 0xe6f9, 0xde97, 0xde77, 0xf75b, 0x5aca, 0x18a2, 0x2924, 0x2945, 0x2924, 0x3185, 0xdeb8, 0x62ea, 0x10a2, 0x2124, 0x2124,
  0x2124, 0x39e6, 0xe6f9, 0x5289, 0x10a3, 0x2124, 0x2945, 0x2124, 0x4227, 0xeef9, 0x4a48, 0x18c3, 0x2124, 0x2124, 0x18e3, 0x31a6, 0xde98, 0xe6f8, 0xe6d8, 0xe6d8,
  0xe6d8, 0xe6d8, 0xe6d8, 0xe6d8, 0xe6d8, 0xe6d8, 0xe6d8, 0xe6d8, 0xe6d8, 0xe6d8, 0xe6d8, 0xe6d8, 0xe6d8, 0xe6b8, 0x6b4b, 0x52a9, 0x5aea, 0x62ea, 0x62eb, 0x62eb,
  0x5aca, 0x52a9, 0x734c, 0xdeb8, 0xdeb8, 0xe6d8, 0xde98, 0x6b2b, 0x5aca, 0x62eb, 0x5aea, 0x5aca, 0x5aca, 0x5aca, 0x5aca, 0x62eb, 0x630b, 0x62eb, 0x738c, 0xe6d8,
  0xe6d8, 0xe6d8, 0xe6d8, 0xe6f9, 0xe6d8, 0xe6b8, 0xe6b8, 0xbd94, 0x9470, 0x39c7, 0x2104, 0x9cb1, 0x83ed, 0xbdb4, 0xde97, 0xd656, 0xd677, 0xd656, 0xd656, 0xb532,
  0x946f, 0xd656, 0xd656, 0xd656, 0xd656, 0xd656, 0xd656, 0xde77, 0xce16, 0x18c2, 0x7bad, 0xf77b, 0xce36, 0xde97, 0xd677, 0xd677, 0xd677, 0xd677, 0xd677, 0xd677,
  0xd677, 0xd677, 0xd677, 0xd677, 0xd677, 0xd677, 0xd677, 0xd677, 0xd677, 0xd677, 0xd677, 0xd677, 0xd677, 0xd677, 0xd677, 0xd677, 0xd677, 0xd677, 0xd677, 0xd677,
  0xd677, 0xd677, 0xd677, 0xd677, 0xd677, 0xd677, 0xd677, 0xd677, 0xd677, 0xd677, 0xd677, 0xd677, 0xd677, 0xd677, 0xd677, 0xd677, 0xd677, 0xd677, 0xd677, 0xd677,
  0xd677, 0xd677, 0xd677, 0xd677, 0xd677, 0xd677, 0xd677, 0xd677, 0xd677, 0xd677, 0xd677, 0xd677, 0xd677, 0xd677, 0xd677, 0xd677, 0xd677, 0xd677, 0xd677, 0xd677,
  0xd677, 0xd677, 0xd677, 0xd677, 0xd677, 0xd677, 0xd677, 0xd677, 0xd677, 0xd677, 0xeef9, 0xd677, 0xd656, 0xad12, 0x7bad, 0x1082, 0x39c6, 0xa4f2, 0x7bad, 0xcdf5,
  0xde77, 0xd656, 0xd656, 0xd656, 0xd656, 0xd656, 0xd656, 0xd656, 0xd656, 0xd656, 0xd656, 0xd656, 0xd656, 0xd656, 0xd656, 0xd656, 0xd677, 0xd677, 0xd677, 0xd657,
  0xe6b8, 0xad12, 0x0841, 0x62ea, 0xce36, 0xb573, 0xbd73, 0xb573, 0xb573, 0xb573, 0xb573, 0xb573, 0xb573, 0xb573, 0xb553, 0xb553, 0xb573, 0xb573, 0xb553, 0xb532,
  0xad12, 0xad12, 0xad32, 0xb553, 0xb573, 0xb573, 0xb553, 0xb553, 0xb553, 0xb573, 0xb573, 0xb573, 0xb573, 0xbd94, 0xb553, 0xb553, 0x52aa, 0x0000, 0xa4f1, 0xe6b8,
  0xd656, 0xd677, 0xd677, 0xd677, 0xd656, 0xd677, 0xd677, 0xd677, 0xd677, 0xd677, 0xd677, 0xd677, 0xd656, 0xd677, 0xd677, 0xd677, 0xd677, 0xd677, 0xd677, 0xd677,
  0xd677, 0xd656, 0xe6d8, 0x62ea, 0x2124, 0xeef9, 0xde97, 0xde77, 0xef19, 0xd656, 0xc5f6, 0xce16, 0xc616, 0xc616, 0xce36, 0xe6d8, 0xce36, 0xbdd4, 0xc5f5, 0xc616,
  0xc616, 0xce16, 0xded8, 0xce36, 0xbdd5, 0xc5d5, 0xc616, 0xce16, 0xce57, 0xe6f9, 0xce36, 0xc5d5, 0xc5d5, 0xbdb4, 0xbdd5, 0xc5f6, 0xe6d8, 0xe6d8, 0xe6d8, 0xe6d8,
  0xe6d8, 0xe6d8, 0xe6d8, 0xe6d8, 0xe6d8, 0xe6d8, 0xe6d8, 0xe6d8, 0xe6d8, 0xe6d8, 0xe6d8, 0xe6d8, 0xe6d8, 0xe6f9, 0xf73a, 0xf75a, 0xef3a, 0xef3a, 0xef19, 0xef19,
  0xf73a, 0xf73a, 0xef39, 0xe6d8, 0xe6d8, 0xe6d8, 0xe6d8, 0xf73a, 0xf73a, 0xef3a, 0xef3a, 0xef3a, 0xef39, 0xef39, 0xf73a, 0xf73a, 0xf75a, 0xf73a, 0xef19, 0xe6d8,
  0xe6d8, 0xe6d8, 0xe6d8, 0xe6d8, 0xeef9, 0xd677, 0xd656, 0xb573, 0x83ed, 0x3186, 0x18c3, 0x83ee, 0x9c90, 0xb532, 0xde97, 0xd656, 0xd656, 0xd656, 0xd656, 0x946f,
  0x7b8d, 0xd656, 0xd656, 0xd656, 0xd656, 0xd656, 0xd656, 0xde77, 0xce16, 0x18c2, 0x738c, 0xf77b, 0xd656, 0xd677, 0xd677, 0xd677, 0xd677, 0xd677, 0xd677, 0xd677,
  0xd677, 0xd677, 0xd677, 0xd677, 0xd677, 0xd677, 0xd677, 0xd677, 0xd677, 0xd677, 0xd677, 0xd677, 0xd677, 0xd677, 0xd677, 0xd677, 0xd677, 0xd677, 0xd677, 0xd677,
  0xd677, 0xd677, 0xd677, 0xd677, 0xd677, 0xd677, 0xd677, 0xd677, 0xd677, 0xd677, 0xd677, 0xd677, 0xd677, 0xd677, 0xd677, 0xd677, 0xd677, 0xd677, 0xd677, 0xd677,
  0xd677, 0xd677, 0xd677, 0xd677, 0xd677, 0xd677, 0xd677, 0xd677, 0xd677, 0xd677, 0xd677, 0xd677, 0xd677, 0xd677, 0xd677, 0xd677, 0xd677, 0xd677, 0xd677, 0xd677,
  0xd677, 0xd677, 0xd677, 0xd677, 0xd677, 0xd677, 0xd677, 0xd677, 0xd677, 0xd677, 0xd656, 0xd636, 0xde97, 0xad32, 0x840e, 0x0861, 0x5268, 0x946f, 0xa4f1, 0xde77,
  0xde77, 0xd677, 0xd656, 0xd656, 0xd656, 0xd656, 0xd656, 0xd656, 0xd656, 0xd656, 0xd656, 0xd656, 0xd656, 0xd656, 0xd656, 0xd656, 0xd656, 0xd677, 0xd677, 0xd656,
  0xe6b8, 0xad12, 0x10a2, 0x39e7, 0x9c90, 0xb573, 0xb553, 0xb553, 0xb553, 0xb573, 0xb573, 0xb573, 0xb553, 0xb553, 0xb553, 0xb553, 0xb553, 0xb552, 0xb532, 0xad32,
  0xad32, 0xad12, 0xad12, 0xad32, 0xad32, 0xad32, 0xad12, 0xad12, 0xad12, 0xad32, 0xb552, 0xad32, 0xad32, 0xad33, 0xb573, 0x8c2f, 0x3185, 0x0861, 0xad32, 0xe6b8,
  0xd656, 0xd656, 0xd656, 0xd656, 0xd656, 0xd677, 0xd677, 0xd677, 0xd677, 0xd677, 0xd677, 0xd677, 0xd677, 0xd677, 0xd677, 0xd677, 0xd677, 0xd677, 0xd677, 0xd677,
  0xde77, 0xd656, 0xe6d8, 0x62ea, 0x2924, 0xef19, 0xde97, 0xd636, 0xe6d8, 0xef19, 0xf73a, 0xef3a, 0xef19, 0xef19, 0xef39, 0xeef9, 0xef19, 0xef39, 0xef39, 0xef3a,
  0xef39, 0xef19, 0xe6f9, 0xef19, 0xef3a, 0xef39, 0xef39, 0xef3a, 0xef3a, 0xe6f9, 0xef19, 0xef19, 0xef19, 0xef19, 0xef39, 0xef39, 0xe6f8, 0xe6f8, 0xe6d8, 0xe6d8,
  0xe6f9, 0xe6f9, 0xe6f9, 0xe6d8, 0xe6d8, 0xe6d8, 0xe6d8, 0xe6d8, 0xe6f9, 0xe6d8, 0xe6d8, 0xe6d8, 0xe6d8, 0xe6d8, 0xe6d8, 0xe6f8, 0xe6d8, 0xe6d8, 0xe6b8, 0xe6d8,
  0xe6d8, 0xe6d8, 0xe6d8, 0xe6d8, 0xe6d8, 0xe6d8, 0xe6d8, 0xe6d8, 0xe6d9, 0xe6d9, 0xe6d9, 0xe6d8, 0xe6d8, 0xe6d8, 0xe6d8, 0xe6d9, 0xe6d9, 0xe6d9, 0xe6d8, 0xe6f9,
  0xe6d9, 0xe6d8, 0xdeb8, 0xe6d8, 0xd677, 0xd677, 0xdeb8, 0xc5d5, 0x8c4f, 0x2965, 0x10a2, 0x9cd1, 0x8c0e, 0xc5d4, 0xde97, 0xd656, 0xd656, 0xd656, 0xd656, 0x7b8d,
  0x5aa9, 0xd656, 0xd656, 0xd656, 0xd656, 0xd656, 0xd656, 0xde77, 0xce16, 0x18c2, 0x738c, 0xef3a, 0xd636, 0xd656, 0xd656, 0xde77, 0xde77, 0xd677, 0xd677, 0xde77,
  0xde77, 0xde77, 0xde77, 0xd677, 0xd656, 0xd656, 0xd677, 0xd677, 0xd656, 0xd656, 0xd656, 0xd656, 0xd676, 0xd677, 0xd677, 0xde77, 0xd677, 0xd676, 0xd677, 0xd677,
  0xde77, 0xde77, 0xde77, 0xde77, 0xde77, 0xde77, 0xde77, 0xde77, 0xd677, 0xd656, 0xd656, 0xd656, 0xd656, 0xd656, 0xd656, 0xd676, 0xd656, 0xd656, 0xd636, 0xd656,
  0xce16, 0xce15, 0xd636, 0xd636, 0xce36, 0xce36, 0xc5f5, 0xd656, 0xc5f5, 0xd656, 0xcdf5, 0xd657, 0xce15, 0xd636, 0xce15, 0xd656, 0xd636, 0xd636, 0xce36, 0xd656,
  0xc5f4, 0xd636, 0xd656, 0xd656, 0xd656, 0xd656, 0xd657, 0xd636, 0xde77, 0xd656, 0xd636, 0xd656, 0xc5f5, 0x9c90, 0x8c2e, 0x10a2, 0x3185, 0xa4f1, 0x83ed, 0xce15,
  0xde97, 0xd656, 0xd656, 0xd656, 0xd656, 0xd656, 0xd656, 0xd656, 0xd656, 0xd656, 0xd656, 0xd656, 0xd656, 0xd656, 0xd656, 0xd656, 0xd677, 0xd657, 0xd656, 0xd677,
  0xde77, 0xd676, 0xbdb4, 0x2944, 0x18c3, 0x6b4c, 0xad32, 0xad12, 0xad32, 0xad32, 0xad32, 0xad32, 0xad32, 0xad12, 0xad12, 0xad32, 0xad12, 0xa4f1, 0xacf1, 0xad12,
  0xad12, 0xacf2, 0xa4f1, 0xa4f1, 0xa4f1, 0xa4f1, 0xa4f1, 0xa4f1, 0xa4f1, 0xa512, 0xad12, 0xad12, 0xa4f1, 0xa4f1, 0x6b4c, 0x18c3, 0x2964, 0xad13, 0xd677, 0xd676,
  0xd656, 0xd656, 0xd656, 0xd656, 0xd677, 0xd677, 0xd677, 0xd677, 0xd677, 0xd677, 0xd677, 0xd677, 0xd677, 0xd677, 0xd677, 0xd677, 0xd677, 0xd677, 0xd677, 0xd677,
  0xde77, 0xd656, 0xe6d8, 0x5aca, 0x2945, 0xef1a, 0xde77, 0xd636, 0xd677, 0xde98, 0xde97, 0xde97, 0xde77, 0xde77, 0xde97, 0xde97, 0xde97, 0xde77, 0xde77, 0xd677,
  0xd677, 0xd677, 0xde97, 0xde97, 0xde97, 0xde97, 0xde97, 0xd677, 0xd677, 0xd697, 0xd677, 0xd677, 0xd677, 0xd677, 0xd677, 0xd677, 0xd677, 0xde77, 0xde77, 0xde77,
  0xde77, 0xde77, 0xde77, 0xde77, 0xde77, 0xde77, 0xde77, 0xde77, 0xde97, 0xde97, 0xde77, 0xde77, 0xde77, 0xde77, 0xde97, 0xde97, 0xde97, 0xde97, 0xde77, 0xde77,
  0xde77, 0xde77, 0xde77, 0xd677, 0xd677, 0xde77, 0xde77, 0xde77, 0xd677, 0xd677, 0xd677, 0xde77, 0xde77, 0xde77, 0xde77, 0xde77, 0xde77, 0xde77, 0xde77, 0xde77,
  0xde77, 0xde97, 0xd636, 0xd656, 0xcdf5, 0xd677, 0xde97, 0xad32, 0x8c4f, 0x31a6, 0x0861, 0x83ed, 0x8c4f, 0xb552, 0xde97, 0xd656, 0xd656, 0xd656, 0xd656, 0x5aa9,
  0x3185, 0xce36, 0xd656, 0xd656, 0xd656, 0xd656, 0xd656, 0xde77, 0xce16, 0x18c2, 0x41e7, 0xce36, 0xd636, 0xd656, 0xd677, 0xd677, 0xd677, 0xd656, 0x5aeb, 0xd656,
  0xd656, 0xd656, 0x5aeb, 0xd656, 0xd656, 0xd656, 0x5aeb, 0xd656, 0xd656, 0xd656, 0x5aeb, 0xd656, 0xd656, 0xd677, 0x5aeb, 0xd677, 0xd677, 0xd677, 0x5aeb, 0xd656,
  0xd677, 0xd677, 0x5aeb, 0xd677, 0xd677, 0xd677, 0x5aeb, 0xd677, 0xd677, 0xd677, 0x5aeb, 0xd656, 0xd656, 0xd656, 0x5aeb, 0xd657, 0xd657, 0xd677, 0x5aeb, 0xd657,
  0xd657, 0xd657, 0x5aeb, 0xd657, 0xd677, 0xd636, 0x5aeb, 0xd636, 0xd656, 0xce36, 0x5aeb, 0xd657, 0xd677, 0xd656, 0x5aeb, 0xd636, 0xd656, 0xd656, 0x5aeb, 0xd656,
  0xd636, 0xd656, 0x5aeb, 0xd656, 0xd657, 0xd636, 0x5aeb, 0xd677, 0xd677, 0xd636, 0x5aeb, 0xd657, 0x9c90, 0x8c2e, 0x840e, 0x0841, 0x52aa, 0xa4d1, 0xa4d1, 0xd656,
  0xd656, 0xd656, 0xd656, 0xd656, 0xd656, 0xd656, 0xd656, 0xd656, 0xd656, 0xd656, 0xd656, 0xd656, 0xd656, 0xd656, 0xd656, 0xd656, 0xd656, 0xd656, 0xd656, 0xd677,
  0xd676, 0xd677, 0xe6d8, 0x7bad, 0x0000, 0x5289, 0xa4f1, 0xa4f1, 0xad12, 0xad12, 0xad12, 0xad12, 0xad12, 0xad12, 0xad12, 0xad12, 0xa512, 0xa4f1, 0xa4f1, 0xa4f1,
  0xa512, 0xa4f1, 0xa4f1, 0xa4f1, 0xa4d1, 0xa4f1, 0xa4f2, 0xad12, 0xa512, 0xa512, 0xad32, 0xa512, 0xa4d1, 0x9470, 0x52a9, 0x0000, 0x840e, 0xeef8, 0xd656, 0xd656,
  0xd656, 0xd656, 0xd656, 0xd656, 0xd656, 0xd656, 0xd677, 0xd677, 0xd677, 0xd677, 0xd677, 0xd677, 0xd656, 0xd656, 0xd677, 0xd677, 0xd677, 0xd677, 0xd677, 0xd677,
  0xde77, 0xd656, 0xe6d8, 0x5aa9, 0x18e3, 0xc5f5, 0xd677, 0xd657, 0xd697, 0xd677, 0xd677, 0xd677, 0xd677, 0xd697, 0xd697, 0xd677, 0xd677, 0xd677, 0xd676, 0xd676,
  0xd677, 0xd677, 0xd677, 0xd677, 0xd677, 0xd677, 0xd677, 0xd656, 0xd656, 0xd676, 0xd676, 0xd677, 0xd676, 0xd677, 0xd677, 0xd677, 0xd676, 0xd656, 0xd656, 0xd656,
  0xd656, 0xd656, 0xd656, 0xd656, 0xd677, 0xd677, 0xd676, 0xd676, 0xd676, 0xd677, 0xd677, 0xd677, 0xd677, 0xde77, 0xde77, 0xde77, 0xde77, 0xde77, 0xde77, 0xd677,
  0xd677, 0xd677, 0xd656, 0xd656, 0xd677, 0xd676, 0xd656, 0xd656, 0xd656, 0xd656, 0xd677, 0xd677, 0xd677, 0xd677, 0xd677, 0xd677, 0xd677, 0xd677, 0xd677, 0xd677,
  0xd677, 0xd677, 0xd677, 0xd677, 0xd677, 0xd656, 0x9cb0, 0x8c0e, 0x9470, 0x31a6, 0x0882, 0x9490, 0x83cd, 0xbd94, 0xde97, 0xd656, 0xd656, 0xd656, 0xd636, 0x3185,
  0x18c3, 0xbd94, 0xd656, 0xd656, 0xd656, 0xd656, 0xd677, 0xd676, 0xd676, 0xa4f1, 0x0840, 0x630a, 0xd656, 0xbdd4, 0x9cb0, 0x9cd1, 0x9cb0, 0x9cb0, 0x9cb0, 0x9c90,
  0x9c90, 0x9c90, 0x9c90, 0x9c90, 0x9cb0, 0x9c90, 0x9c90, 0x9c90, 0x9c90, 0x9c90, 0x9cb0, 0x9c90, 0x9490, 0x9c90, 0x9c90, 0x9c90, 0x9cb0, 0x9cb0, 0x9c90, 0x9c90,
  0x9c90, 0x9c90, 0x9cb0, 0x9cb0, 0x9cb0, 0x9c90, 0x9c90, 0x9cb0, 0x9cb0, 0x9490, 0x9470, 0x9c90, 0x9c90, 0x9cb0, 0x9c90, 0xa4d1, 0x946f, 0x8c2e, 0x8c2e, 0xad12,
  0x736c, 0xa4f2, 0x736c, 0xa4f1, 0x736c, 0xad12, 0x734b, 0xa4d1, 0x83ed, 0xb553, 0x83cd, 0x9cb0, 0x83ed, 0xad12, 0x83cd, 0x946f, 0x8c0e, 0xa4f1, 0x83ee, 0xa4f1,
  0x944f, 0x8c2f, 0xad32, 0x83ee, 0x9c90, 0x9c90, 0xad12, 0x8c0e, 0x9cb1, 0x734b, 0xa4d1, 0x62ea, 0x944f, 0x944f, 0x4207, 0x1082, 0x736c, 0xad12, 0x8c2f, 0xc5f5,
  0xd677, 0xd656, 0xd656, 0xd656, 0xd656, 0xd656, 0xd656, 0xd656, 0xd656, 0xd656, 0xd656, 0xd656, 0xd656, 0xd656, 0xd656, 0xd656, 0xd656, 0xd656, 0xd656, 0xd656,
  0xd656, 0xd656, 0xde97, 0xb553, 0x0041, 0x5aca, 0x9cb0, 0x946f, 0x9c90, 0x9cb0, 0x9cb0, 0x9cb0, 0x9c90, 0x9c90, 0x9c90, 0x9c90, 0x9c90, 0x9c90, 0x9490, 0x946f,
  0x946f, 0x9490, 0x9c90, 0x9490, 0x9490, 0x9490, 0x9490, 0x9490, 0x9c90, 0x9cb1, 0x9cb0, 0x946f, 0x8c2e, 0x8c4f, 0x5aea, 0x0841, 0x9c90, 0xe6b7, 0xd656, 0xd656,
  0xd656, 0xd656, 0xd656, 0xd656, 0xd656, 0xd656, 0xd677, 0xd656, 0xd656, 0xd677, 0xd677, 0xd677, 0xd677, 0xd677, 0xd677, 0xd677, 0xd677, 0xd677, 0xd677, 0xd677,
  0xde77, 0xd676, 0xde97, 0xb594, 0x18a2, 0x3185, 0xc5d4, 0xce36, 0xa512, 0xa4f1, 0xa4d1, 0xa4f1, 0xa4f1, 0xa4f1, 0xa4f1, 0xa4d1, 0xa4d1, 0xa4d1, 0xa4d0, 0x9cd1,
  0xa4d1, 0xa4f1, 0xa4f1, 0xa4f1, 0xa4f1, 0xa4f1, 0xa4f1, 0xa4d1, 0x9cd0, 0x9cd0, 0xa4d1, 0xa4d1, 0xa4f1, 0xa4f1, 0xa4f1, 0xa4f1, 0xa4f1, 0xa4f1, 0xa4f1, 0xa4f1,
  0xa4f1, 0xa4d1, 0xa4d1, 0xa4d1, 0xa4d1, 0xa4d1, 0xa4d1, 0xa4d1, 0xa4d1, 0x9cd0, 0xa4d1, 0xa4d1, 0xa4f1, 0xa4f1, 0xa4f1, 0xa4f1, 0xa4f1, 0xa4f1, 0xa4f1, 0xa4f1,
  0xa4d1, 0xa4d1, 0xa4d1, 0xa4d1, 0xa4d1, 0xa4d1, 0x9cb0, 0x9cd0, 0x9cb0, 0x9cd0, 0xa4d1, 0xa4d1, 0x9cd1, 0x9cd1, 0x9cd1, 0x9cb0, 0x9cb0, 0x9cb0, 0x9cb0, 0x9cb0,
  0x9cb0, 0x9cd1, 0xa4d1, 0xa4d1, 0xa4f1, 0x946f, 0x83ee, 0x8c2e, 0x5aca, 0x0841, 0x5289, 0x8c4f, 0x8c2f, 0xad12, 0xde97, 0xd656, 0xd656, 0xd656, 0xbdb4, 0x18c3,
  0x10a2, 0x9470, 0xd656, 0xd656, 0xd656, 0xd656, 0xd657, 0xd676, 0xd676, 0xe6b8, 0x8c2f, 0x0040, 0x9470, 0xbdb5, 0x7bcd, 0x83ee, 0x840e, 0x840e, 0x840e, 0x840e,
  0x5aeb, 0x8c0f, 0x8c0f, 0x840e, 0x5aeb, 0x83ee, 0x83ee, 0x83ee, 0x5aeb, 0x83ee, 0x840e, 0x840e, 0x5aeb, 0x83ee, 0x83ee, 0x83ee, 0x5aeb, 0x840e, 0x840e, 0x83ee,
  0x5aeb, 0x83ee, 0x83ee, 0x83ee, 0x5aeb, 0x83ee, 0x83ce, 0x83ce, 0x5aeb, 0x83ee, 0x83ee, 0x83ee, 0x5aeb, 0x840e, 0x83ee, 0x83ee, 0x5aeb, 0x7bcd, 0x7bce, 0x73ad,
  0x5aeb, 0x7bcd, 0x8c4f, 0x738c, 0x5aeb, 0x738c, 0x9470, 0x7bcd, 0x5aeb, 0x83cd, 0x9490, 0x83ed, 0x5aeb, 0x738c, 0x8c6f, 0x7bad, 0x5aeb, 0x7bac, 0x9470, 0x83ce,
  0x5aeb, 0x8c0e, 0x83ed, 0x9c90, 0x5aeb, 0x8c2f, 0x9c90, 0x8c2e, 0x5aeb, 0x8c0e, 0x7bac, 0x8c2f, 0x5aeb, 0x4228, 0x10a2, 0x5289, 0x83ed, 0x9c90, 0x9cd1, 0xd677,
  0xd656, 0xd656, 0xd656, 0xd656, 0xd656, 0xd656, 0xd656, 0xd656, 0xd656, 0xd656, 0xd656, 0xd656, 0xd656, 0xd656, 0xd656, 0xd656, 0xd656, 0xd656, 0xd656, 0xd656,
  0xd656, 0xd656, 0xde97, 0xad12, 0x0041, 0x5aca, 0x9c90, 0x8c4f, 0x9470, 0x9490, 0x9470, 0x8c4f, 0x944f, 0x9470, 0x8c4f, 0x944f, 0x9470, 0x9470, 0x9470, 0x8c4f,
  0x8c2f, 0x8c4f, 0x9470, 0x946f, 0x944f, 0x944f, 0x8c4f, 0x8c4f, 0x946f, 0x9470, 0x9470, 0x8c2f, 0x840e, 0x8c4f, 0x5ac9, 0x0000, 0x8c4f, 0xe6b7, 0xd656, 0xd656,
  0xd656, 0xd656, 0xd656, 0xd656, 0xd656, 0xd656, 0xd656, 0xd677, 0xd677, 0xd677, 0xd677, 0xd677, 0xd677, 0xd677, 0xd677, 0xd677, 0xd677, 0xd677, 0xd677, 0xd677,
  0xde77, 0xd677, 0xd676, 0xe6d8, 0xa4f1, 0x0000, 0x6b2b, 0xc5f5, 0x8c2f, 0x8c2f, 0x8c0e, 0x8c2f, 0x8c4f, 0x8c2f, 0x8c2f, 0x8c2f, 0x8c2f, 0x8c2f, 0x8c2f, 0x8c2f,
  0x8c2f, 0x8c2f, 0x8c4f, 0x8c4f, 0x8c2f, 0x8c2f, 0x8c2f, 0x8c2f, 0x8c2f, 0x8c2f, 0x8c2f, 0x8c4f, 0x8c4f, 0x8c4f, 0x8c4f, 0x944f, 0x944f, 0x8c2f, 0x8c4f, 0x8c4f,
  0x8c2f, 0x8c2f, 0x8c2f, 0x8c2f, 0x8c2f, 0x8c2f, 0x8c2f, 0x8c2f, 0x8c0e, 0x8c0e, 0x8c2f, 0x8c2f, 0x8c2f, 0x8c4f, 0x944f, 0x944f, 0x944f, 0x8c4f, 0x944f, 0x8c4f,
  0x8c2f, 0x8c2f, 0x8c4f, 0x8c2f, 0x8c0e, 0x840e, 0x8c2e, 0x8c2f, 0x8c2e, 0x8c2e, 0x8c2e, 0x8c0e, 0x8c0e, 0x8c2e, 0x8c0e, 0x8c2f, 0x8c0e, 0x840e, 0x8c0e, 0x8c0e,
  0x8c0e, 0x8c2f, 0x8c2f, 0x8c2f, 0x840e, 0x83ee, 0x946f, 0x738d, 0x0861, 0x31a6, 0x7bad, 0xa4d1, 0x83ed, 0xc5f5, 0xde97, 0xd656, 0xd656, 0xd656, 0x9470, 0x10a2,
  0x10a2, 0x5aca, 0xd656, 0xd656, 0xd656, 0xd656, 0xd656, 0xd657, 0xd657, 0xd656, 0xe6b8, 0x83ce, 0x2103, 0x2945, 0x18c2, 0x18a2, 0x18e3, 0x18e3, 0x18e3, 0x2103,
  0x2103, 0x20e3, 0x18c2, 0x18e3, 0x18c2, 0x18c2, 0x10a2, 0x18c2, 0x10a2, 0x18c2, 0x18c2, 0x18c2, 0x10a2, 0x18c2, 0x10a2, 0x18c2, 0x10a2, 0x18c2, 0x18c2, 0x18e3,
  0x18c2, 0x18c2, 0x10a2, 0x18a2, 0x18a2, 0x18c2, 0x18a2, 0x18a2, 0x10a2, 0x10a2, 0x18c2, 0x18c2, 0x18c2, 0x18c2, 0x18c3, 0x10a2, 0x18c3, 0x18c2, 0x18e3, 0x10a2,
  0x18e3, 0x18c2, 0x18e3, 0x1082, 0x18c3, 0x0861, 0x2103, 0x10a2, 0x20e3, 0x10a2, 0x2103, 0x18a2, 0x18c3, 0x0861, 0x18c3, 0x18c2, 0x18a2, 0x1082, 0x18c3, 0x10a2,
  0x18c2, 0x18e3, 0x10a2, 0x2104, 0x18c3, 0x18e3, 0x18e3, 0x18e3, 0x2103, 0x2124, 0x18c2, 0x2104, 0x18e3, 0x1082, 0x5aca, 0x83ee, 0x9490, 0x83ee, 0x8c4f, 0xce15,
  0xde77, 0xd656, 0xd656, 0xd656, 0xd656, 0xd656, 0xd656, 0xd656, 0xd656, 0xd656, 0xd656, 0xd656, 0xd656, 0xd656, 0xd656, 0xd656, 0xd677, 0xd656, 0xd656, 0xd656,
  0xd656, 0xd656, 0xe6b7, 0xa512, 0x0020, 0x10a2, 0x18c3, 0x18c3, 0x18c3, 0x18c3, 0x18a2, 0x10a2, 0x10a2, 0x18a2, 0x18a2, 0x10a2, 0x10a2, 0x18c2, 0x18a2, 0x18c2,
  0x18c2, 0x10a2, 0x10a2, 0x18a2, 0x18a2, 0x10a2, 0x18c2, 0x18c2, 0x18c3, 0x18a2, 0x18c3, 0x18e3, 0x18e3, 0x18c3, 0x18c3, 0x0000, 0x8c4f, 0xe6b7, 0xd656, 0xd677,
  0xd656, 0xd656, 0xd656, 0xd656, 0xd656, 0xd656, 0xd656, 0xd677, 0xd677, 0xd677, 0xd677, 0xd677, 0xd677, 0xd677, 0xd677, 0xd677, 0xd677, 0xd677, 0xd677, 0xd677,
  0xd677, 0xd677, 0xd677, 0xd656, 0xe6b8, 0x9cd1, 0x18c2, 0x2945, 0x2944, 0x2104, 0x2103, 0x2103, 0x2103, 0x2123, 0x2103, 0x2103, 0x2103, 0x2103, 0x2103, 0x2104,
  0x2104, 0x2124, 0x2124, 0x2944, 0x2104, 0x2124, 0x2103, 0x2124, 0x2124, 0x2124, 0x2123, 0x2124, 0x2103, 0x2103, 0x2103, 0x2124, 0x2103, 0x2103, 0x2103, 0x2124,
  0x2124, 0x2944, 0x2124, 0x2944, 0x2124, 0x2924, 0x2124, 0x2124, 0x2104, 0x2124, 0x2124, 0x2924, 0x2124, 0x2124, 0x2944, 0x2944, 0x2944, 0x2124, 0x2124, 0x2124,
  0x2944, 0x2944, 0x2924, 0x2124, 0x2124, 0x2124, 0x2924, 0x2123, 0x2124, 0x2104, 0x2103, 0x2103, 0x2123, 0x2103, 0x2103, 0x2103, 0x2104, 0x2103, 0x2124, 0x2124,
  0x2124, 0x2103, 0x2124, 0x2103, 0x18e3, 0x18e3, 0x2124, 0x18c2, 0x31a6, 0x6b4b, 0xa4f2, 0x8c0e, 0x8c2f, 0xad32, 0xdeb8, 0xd656, 0xd656, 0xd676, 0x5aca, 0x10a2,
  0x10a2, 0x3165, 0xd636, 0xd656, 0xd656, 0xd656, 0xd656, 0xd677, 0xd677, 0xd657, 0xd656, 0xe6d8, 0x62ea, 0x0000, 0x0841, 0x1061, 0x0841, 0x0861, 0x1082, 0x1082,
  0x10a2, 0x0861, 0x5aeb, 0x0020, 0x10a2, 0x0020, 0x5aeb, 0x0020, 0x1082, 0x0000, 0x5aeb, 0x0841, 0x1082, 0x0841, 0x5aeb, 0x0841, 0x1082, 0x0821, 0x5aeb, 0x0821,
  0x10a2, 0x0841, 0x5aeb, 0x0020, 0x0861, 0x0840, 0x5aeb, 0x0841, 0x0861, 0x0861, 0x5aeb, 0x1082, 0x0821, 0x1082, 0x5aeb, 0x1082, 0x0821, 0x1082, 0x5aeb, 0x0841,
  0x0841, 0x0841, 0x5aeb, 0x0841, 0x1082, 0x0841, 0x5aeb, 0x0861, 0x18a3, 0x0841, 0x5aeb, 0x0841, 0x10a2, 0x0841, 0x5aeb, 0x0841, 0x10a2, 0x0841, 0x5aeb, 0x0841,
  0x1082, 0x0861, 0x5aeb, 0x0840, 0x1081, 0x0020, 0x5aeb, 0x0020, 0x1082, 0x1061, 0x5aeb, 0x0861, 0x0861, 0x5289, 0x83ee, 0xa4f2, 0x8c2e, 0x946f, 0x9490, 0xde77,
  0xd656, 0xd656, 0xd656, 0xd656, 0xd656, 0xd656, 0xd656, 0xd656, 0xd656, 0xd656, 0xd656, 0xd656, 0xd656, 0xd656, 0xd656, 0xd656, 0xd677, 0xd677, 0xd677, 0xd656,
  0xd656, 0xd656, 0xe6b7, 0xad33, 0x10a2, 0x0020, 0x1082, 0x1062, 0x1062, 0x0841, 0x0861, 0x0840, 0x0861, 0x0841, 0x0841, 0x0861, 0x0861, 0x0841, 0x0841, 0x0861,
  0x0861, 0x0841, 0x0861, 0x0861, 0x0861, 0x0881, 0x0861, 0x1082, 0x0841, 0x0861, 0x0840, 0x1081, 0x1082, 0x10c2, 0x18c3, 0x1082, 0x9c90, 0xe6d8, 0xd656, 0xd677,
  0xd656, 0xd656, 0xd656, 0xd656, 0xd656, 0xd656, 0xd656, 0xd677, 0xd677, 0xd677, 0xd677, 0xd677, 0xd677, 0xd677, 0xd656, 0xd677, 0xd677, 0xd677, 0xd677, 0xd677,
  0xd677, 0xd677, 0xd677, 0xd677, 0xd656, 0xe6d9, 0x7bcd, 0x0000, 0x0861, 0x10a2, 0x0861, 0x0861, 0x0841, 0x0821, 0x0861, 0x0841, 0x1062, 0x0861, 0x1062, 0x0861,
  0x10a2, 0x0861, 0x10a2, 0x0841, 0x18a2, 0x0820, 0x1061, 0x0020, 0x1082, 0x0861, 0x10a2, 0x0841, 0x10a3, 0x0020, 0x1061, 0x0000, 0x1061, 0x0020, 0x1062, 0x0821,
  0x10a2, 0x0861, 0x1082, 0x0861, 0x1082, 0x0861, 0x1082, 0x1081, 0x1082, 0x0861, 0x1082, 0x1082, 0x10a2, 0x0861, 0x1062, 0x1082, 0x1082, 0x18a2, 0x1082, 0x1082,
  0x1082, 0x1082, 0x10a2, 0x0881, 0x10a2, 0x10a2, 0x1082, 0x1082, 0x0861, 0x1062, 0x0841, 0x0841, 0x0020, 0x1082, 0x0020, 0x0861, 0x0020, 0x1082, 0x0841, 0x10a2,
  0x0862, 0x10a2, 0x0020, 0x1082, 0x0841, 0x0861, 0x0020, 0x2965, 0x6b2b, 0x9470, 0x8c2e, 0xa4d2, 0x83ee, 0xce16, 0xde77, 0xd656, 0xd656, 0xd656, 0x3165, 0x10a2,
  0x10a2, 0x10a2, 0xad12, 0xd656, 0xd656, 0xd656, 0xd656, 0xd656, 0xd656, 0xd677, 0xd656, 0xd656, 0xde97, 0x8c2f, 0x5248, 0x9cd2, 0x7bcd, 0x734b, 0x8c0e, 0x7bad,
  0x840e, 0x6b2b, 0xa512, 0x6b2b, 0xa512, 0x6b4b, 0xa4f2, 0x6b4b, 0xad32, 0x6b2a, 0x9490, 0x736b, 0xa4f2, 0x738c, 0xad32, 0x7bcd, 0xa4f2, 0x7bcd, 0x9cb1, 0x6b4b,
  0x9490, 0x7bad, 0x9cd1, 0x738c, 0x9490, 0x7bcd, 0x9490, 0x83ee, 0x8c4f, 0x8c4f, 0x840e, 0x9cb1, 0x7bad, 0x9cd1, 0x736c, 0xa4f2, 0x738c, 0x9490, 0x83ee, 0x8c4f,
  0x840e, 0x840e, 0x9490, 0x7bcd, 0xa4f1, 0x7bcd, 0xa4f1, 0x7bad, 0xad33, 0x736c, 0x9cb1, 0x6b2b, 0xad32, 0x6b4b, 0xa512, 0x6b2a, 0xa4f1, 0x738c, 0xad32, 0x6b4b,
  0x9cd1, 0x7bac, 0xa4f2, 0x736c, 0x9cb1, 0x630a, 0xad53, 0x6b2b, 0x9cb1, 0x7bad, 0x9cb1, 0x7bcd, 0x9cd1, 0x7bad, 0xa4f2, 0x83ed, 0x9cb1, 0x83ee, 0xde97, 0xd657,
  0xd656, 0xd656, 0xd656, 0xd656, 0xd656, 0xd656, 0xd656, 0xd656, 0xd656, 0xd656, 0xd656, 0xd656, 0xd656, 0xd656, 0xd677, 0xd677, 0xd677, 0xd677, 0xd677, 0xd677,
  0xd677, 0xd677, 0xd677, 0xde97, 0xad32, 0x62ea, 0x8c4f, 0xad12, 0x8c2e, 0xa4d1, 0x942f, 0x9450, 0x9cb1, 0x8c2f, 0x8c0e, 0xa4d1, 0x944f, 0x8c2e, 0x9cb0, 0x944f,
  0x946f, 0x8c2e, 0xa4d1, 0x944f, 0x9c90, 0xa4f1, 0x944f, 0xa4f2, 0x8c0e, 0xa4f1, 0x8c2e, 0x9cd0, 0x9c90, 0xad32, 0x944f, 0xb553, 0xce15, 0xde77, 0xd657, 0xd656,
  0xd656, 0xd656, 0xd656, 0xd656, 0xd677, 0xd677, 0xd677, 0xd677, 0xd677, 0xd677, 0xd677, 0xd677, 0xd677, 0xd677, 0xd677, 0xd677, 0xd677, 0xd677, 0xd677, 0xd677,
  0xd677, 0xd677, 0xd677, 0xd677, 0xd677, 0xd656, 0xdeb7, 0x8c4f, 0x4207, 0xa4f2, 0x7bad, 0x9490, 0x840e, 0x840e, 0x9cb0, 0x7bad, 0x9cb0, 0x7bad, 0x9490, 0x7bac,
  0x8c4f, 0x736c, 0xa4f2, 0x5aa9, 0xa4f2, 0x6b4b, 0x9cd1, 0x6b4b, 0xa4f2, 0x7b8c, 0x9cb1, 0x736c, 0xad33, 0x6b2b, 0x9cd1, 0x6b2a, 0x9cb1, 0x6b2b, 0xa512, 0x736b,
  0x946f, 0x6b4b, 0x9cd1, 0x738c, 0x9cd1, 0x7bcd, 0x9490, 0x7bcd, 0x8c4f, 0x83ed, 0x840e, 0x8c2f, 0x840e, 0x840e, 0x83ee, 0x946f, 0x7bcd, 0x9cb1, 0x7bcd, 0x9cb1,
  0x83cd, 0x83ee, 0x9cd1, 0x840e, 0x944f, 0x8c4f, 0x8c2f, 0x9470, 0x83ed, 0x9cb1, 0x738c, 0x8c4f, 0x738c, 0x9490, 0x632a, 0xa4f1, 0x736c, 0x9cd1, 0x7bad, 0xa4f1,
  0x7bcd, 0xa512, 0x7bac, 0x9cd1, 0x736c, 0x9470, 0x738c, 0x8c4f, 0x9470, 0x8c2e, 0x9cb1, 0x83ee, 0xce36, 0xde97, 0xd656, 0xd656, 0xd656, 0xad32, 0x10a2, 0x10a2,
  0x18c2, 0x10a2, 0x6b2b, 0xd656, 0xd656, 0xd656, 0xd656, 0xd656, 0xd656, 0xd677, 0xd677, 0xde57, 0xde77, 0xde97, 0xad33, 0x944f, 0x946f, 0x8c4f, 0x738c, 0x8c2f,
  0x738c, 0x9490, 0x738c, 0xad12, 0x5aeb, 0xa512, 0x7bac, 0x9cd1, 0x5aeb, 0x9cb0, 0x7bac, 0x9cb1, 0x5aeb, 0xa4d1, 0x83cd, 0xa4f2, 0x5aeb, 0xa4d1, 0x8c0e, 0x9c90,
  0x5aeb, 0x9470, 0x7bad, 0x9cb0, 0x5aeb, 0x944f, 0x840e, 0x946f, 0x5aeb, 0x8c2f, 0x9470, 0x7bad, 0x5aeb, 0x83cd, 0xa4d1, 0x83cd, 0x5aeb, 0x83cd, 0x9c90, 0x8c0e,
  0x5aeb, 0x8c4f, 0x840e, 0x9cb0, 0x5aeb, 0x9cd1, 0x83cd, 0x9c90, 0x5aeb, 0xa4f2, 0x6b4b, 0xa4d1, 0x5aeb, 0xa4f1, 0x736b, 0xa4f1, 0x5aeb, 0x9cd1, 0x734b, 0xa4d1,
  0x5aeb, 0x9cd1, 0x734b, 0x946f, 0x5aeb, 0xa4d1, 0x6b0a, 0x9cb1, 0x5aeb, 0x9490, 0x7bcd, 0xa4d1, 0x5aeb, 0xa4f1, 0x7bcd, 0x9c90, 0x83ee, 0xd677, 0xd656, 0xd656,
  0xd657, 0xd656, 0xd656, 0xd656, 0xd656, 0xd656, 0xd656, 0xd656, 0xd656, 0xd656, 0xd656, 0xd656, 0xd656, 0xd656, 0xd677, 0xd677, 0xd677, 0xd677, 0xd677, 0xd677,
  0xd677, 0xd677, 0xd677, 0xde77, 0xde77, 0x9cb0, 0xad12, 0x9cb0, 0xb553, 0x9c90, 0xa4d1, 0xad12, 0xa4f1, 0xa4d1, 0xad32, 0x9c90, 0xad12, 0xad12, 0x9cb0, 0xa4d1,
  0x9c8f, 0xb532, 0x9cb0, 0xad11, 0xad11, 0x9c90, 0xb553, 0x944f, 0xad32, 0x944f, 0xa4f1, 0x9cb0, 0xad12, 0xb533, 0xad32, 0xa4d1, 0xdeb8, 0xd656, 0xd657, 0xd656,
  0xd656, 0xd656, 0xd656, 0xd656, 0xd677, 0xd677, 0xd677, 0xd677, 0xd677, 0xd677, 0xd677, 0xd677, 0xd677, 0xd677, 0xd677, 0xd677, 0xd677, 0xd677, 0xd677, 0xd677,
  0xd677, 0xd677, 0xd677, 0xd677, 0xd677, 0xd676, 0xde77, 0xdeb7, 0xa4d0, 0x7bcd, 0xa4f2, 0x8c2f, 0x946f, 0x9490, 0x8c0e, 0xa4d1, 0x83ee, 0x9470, 0x83ee, 0x9470,
  0x83ee, 0x9cd1, 0x736c, 0xad12, 0x734b, 0x9cb1, 0x83ed, 0xa512, 0x7bcd, 0xa4f2, 0x83cd, 0xa4d1, 0x6b0a, 0xa4d1, 0x736b, 0x9cd1, 0x7b8c, 0x9cb1, 0x738c, 0x9cd1,
  0x736c, 0xa4d1, 0x83cd, 0x9cd1, 0x83ed, 0x9cb0, 0x8c0e, 0x944f, 0x840e, 0x8c4f, 0x840e, 0x8c0e, 0x9470, 0x8c4f, 0x9470, 0x840e, 0x944f, 0x83ee, 0x9490, 0x83ee,
  0x9c90, 0x9470, 0x8c0e, 0x9490, 0x8c0e, 0x8c4f, 0x8c2e, 0x83ed, 0x9c90, 0x840e, 0x9cb1, 0x83cd, 0xa4f2, 0x7b8c, 0xa4f2, 0x7bac, 0x9c90, 0x83cd, 0xa4f1, 0x7bac,
  0xa4d1, 0x7bcd, 0xa4f2, 0x7bcd, 0x9470, 0x83ee, 0x946f, 0x83ee, 0x8c0e, 0x9490, 0x8c0e, 0xc5d5, 0xde97, 0xd656, 0xd656, 0xd656, 0xd656, 0x6b2b, 0x10a2, 0x18c2,
  0x10a2, 0x10a2, 0x2124, 0xce15, 0xd656, 0xd656, 0xd656, 0xd656, 0xd677, 0xd677, 0xd656, 0xd677, 0xd656, 0xde77, 0xe6f9, 0xa512, 0x946f, 0x8c2e, 0xad32, 0x7b8c,
  0xb573, 0x7bad, 0xbdb4, 0x7b8c, 0xbd94, 0x7b8c, 0xc5d5, 0x7bad, 0xbdb4, 0x7bac, 0xb573, 0x83cd, 0xbd93, 0x83cd, 0xbd94, 0x83cd, 0xb573, 0x8c0e, 0xb553, 0x83ac,
  0xbd93, 0x738c, 0xbd73, 0x83ed, 0xb573, 0x8c2f, 0xad52, 0x9cb0, 0xa4f1, 0xa4f1, 0x944f, 0xad32, 0x840e, 0xbdb4, 0x83ed, 0xb573, 0x83cd, 0xbd93, 0x83ed, 0xad11,
  0xa4f2, 0x9cb1, 0xad12, 0x944f, 0xbd94, 0x83ee, 0xbd93, 0x83cd, 0xb553, 0x736c, 0xbdb4, 0x83ad, 0xbdb5, 0x83ed, 0xce15, 0x83cd, 0xbdb4, 0x736c, 0xbd94, 0x7b8c,
  0xbdd4, 0x83ed, 0xbd93, 0x8c0e, 0xbdb4, 0x83ed, 0xc5b4, 0x7bac, 0xb553, 0x7bac, 0xb573, 0x8c2e, 0xbdb4, 0x8c2f, 0xbdd5, 0x8c0e, 0xde77, 0xd677, 0xd656, 0xd677,
  0xd677, 0xd677, 0xd656, 0xd656, 0xd656, 0xd656, 0xd656, 0xd656, 0xd656, 0xd656, 0xd656, 0xd677, 0xd677, 0xd656, 0xd677, 0xd677, 0xd677, 0xd677, 0xd677, 0xd677,
  0xd677, 0xd677, 0xd677, 0xd677, 0xde77, 0xd636, 0xde77, 0xd636, 0xde77, 0xce36, 0xd677, 0xce36, 0xd656, 0xd656, 0xde77, 0xd656, 0xd657, 0xd657, 0xd636, 0xd656,
  0xd656, 0xd657, 0xd656, 0xd657, 0xd656, 0xd636, 0xd636, 0xce16, 0xd636, 0xce36, 0xd656, 0xd656, 0xd636, 0xd656, 0xd636, 0xd636, 0xd656, 0xd656, 0xd656, 0xd656,
  0xd677, 0xd677, 0xd656, 0xd656, 0xd656, 0xd656, 0xd656, 0xd677, 0xd677, 0xd677, 0xd677, 0xd677, 0xd677, 0xd677, 0xde77, 0xd677, 0xd677, 0xd677, 0xd677, 0xd656,
  0xd677, 0xd677, 0xd677, 0xd677, 0xd677, 0xde77, 0xd677, 0xde77, 0xde97, 0xc5d4, 0x946f, 0xad12, 0x9c90, 0x9c90, 0xb553, 0x83ee, 0xad33, 0x944f, 0xad53, 0x83ee,
  0xb573, 0x8c0e, 0xbdb4, 0x7bad, 0xce15, 0x7bac, 0xc5d4, 0x83cd, 0xb594, 0x83ee, 0xb573, 0x7bac, 0xbd94, 0x7b8c, 0xbdb4, 0x7b8c, 0xc5f5, 0x736c, 0xb574, 0x6b4b,
  0xbdb4, 0x8c2e, 0xb573, 0x83cd, 0xb573, 0x8c2e, 0xad52, 0x9c90, 0xa4f2, 0x9490, 0x9490, 0x946f, 0x944f, 0x9c90, 0x9cb0, 0xad12, 0x944f, 0xad12, 0x946f, 0xa4d1,
  0xb573, 0x944f, 0xb533, 0x944f, 0xad11, 0x946f, 0xa4d1, 0xa4f1, 0x9c90, 0xad32, 0x944f, 0xb553, 0x83cd, 0xc5d5, 0x7bad, 0xbdb4, 0x942f, 0xbd94, 0x83ee, 0xbdb4,
  0x83cd, 0xbd74, 0x83ed, 0xbdb4, 0x8c0e, 0xb573, 0x944f, 0xad12, 0xa4f1, 0x944f, 0xbd94, 0xde97, 0xd656, 0xd656, 0xd656, 0xd656, 0xce15, 0x2124, 0x10a2, 0x10a2,
  0x10a2, 0x10a2, 0x10a2, 0x944f, 0xd656, 0xd656, 0xd656, 0xd656, 0xd677, 0xd677, 0xd677, 0xd677, 0xde77, 0xde77, 0xd677, 0xde97, 0xde77, 0xde77, 0xde77, 0xde97,
  0xde76, 0xde77, 0xde76, 0xde77, 0xd656, 0xde77, 0xde76, 0xde98, 0xde97, 0xde97, 0xde77, 0xde77, 0xd676, 0xde77, 0xd676, 0xde77, 0xd676, 0xde77, 0xde77, 0xde97,
  0xde77, 0xde97, 0xde77, 0xde97, 0xde77, 0xde97, 0xde97, 0xde97, 0xde77, 0xde76, 0xde77, 0xde77, 0xde97, 0xde77, 0xde97, 0xde77, 0xde97, 0xde76, 0xde97, 0xde76,
  0xde77, 0xde97, 0xde77, 0xde97, 0xde77, 0xde97, 0xde77, 0xde97, 0xde76, 0xde97, 0xde76, 0xde97, 0xde77, 0xde97, 0xde77, 0xde97, 0xde77, 0xde97, 0xde77, 0xde97,
  0xde76, 0xde97, 0xde76, 0xde97, 0xde77, 0xde77, 0xde77, 0xde77, 0xd677, 0xde77, 0xd676, 0xde77, 0xde76, 0xde97, 0xde77, 0xde77, 0xd677, 0xd656, 0xd677, 0xd677,
  0xd677, 0xd677, 0xd677, 0xd677, 0xd677, 0xd677, 0xd656, 0xd677, 0xd677, 0xd677, 0xd677, 0xd656, 0xd656, 0xd677, 0xd677, 0xd677, 0xd677, 0xd677, 0xd677, 0xd677,
  0xd677, 0xd677, 0xde77, 0xde77, 0xde77, 0xde77, 0xde77, 0xde77, 0xd677, 0xde76, 0xd676, 0xd676, 0xde77, 0xde77, 0xde76, 0xde77, 0xde77, 0xde76, 0xde77, 0xde76,
  0xde76, 0xde76, 0xde77, 0xde77, 0xde77, 0xd677, 0xd677, 0xde77, 0xd677, 0xd677, 0xd677, 0xd677, 0xd676, 0xd656, 0xd676, 0xd676, 0xd656, 0xd656, 0xd656, 0xd677,
  0xd677, 0xd677, 0xd656, 0xd656, 0xd677, 0xd677, 0xd677, 0xd677, 0xd677, 0xd677, 0xd677, 0xd677, 0xd677, 0xd677, 0xd677, 0xd677, 0xd677, 0xd677, 0xd677, 0xd677,
  0xd656, 0xd656, 0xd677, 0xd677, 0xd677, 0xd677, 0xd677, 0xd677, 0xd676, 0xde76, 0xde77, 0xde77, 0xde97, 0xde97, 0xde77, 0xde77, 0xde77, 0xde97, 0xde77, 0xde97,
  0xde77, 0xde97, 0xde77, 0xde97, 0xde77, 0xde97, 0xde77, 0xde97, 0xde77, 0xde77, 0xde76, 0xde77, 0xde77, 0xde97, 0xde77, 0xde97, 0xde77, 0xde97, 0xde97, 0xdeb8,
  0xde97, 0xde97, 0xd656, 0xde77, 0xde77, 0xde97, 0xde77, 0xde97, 0xde77, 0xde97, 0xde77, 0xde97, 0xde77, 0xde77, 0xde77, 0xde76, 0xde97, 0xde97, 0xde97, 0xde77,
  0xde76, 0xde77, 0xde77, 0xde97, 0xde77, 0xde97, 0xde77, 0xde77, 0xde77, 0xde77, 0xde77, 0xde76, 0xde77, 0xde76, 0xde97, 0xde76, 0xde97, 0xde77, 0xde77, 0xde76,
  0xde77, 0xd676, 0xde77, 0xd676, 0xde77, 0xde77, 0xde77, 0xde77, 0xde76, 0xd676, 0xd676, 0xd656, 0xd656, 0xd656, 0xd656, 0xd656, 0x944f, 0x10a2, 0x10a2, 0x10a2,
  0x10a2, 0x10a2, 0x10a2, 0x4207, 0xd656, 0xd656, 0xd656, 0xd656, 0xd677, 0xd677, 0xd677, 0xd677, 0xd677, 0xd677, 0xd677, 0xd656, 0xd656, 0xd676, 0xd676, 0xd656,
  0xd656, 0xd656, 0xd656, 0xd656, 0xd676, 0xd656, 0xd656, 0xd656, 0xd656, 0xd656, 0xd656, 0xd656, 0xd656, 0xd656, 0xd656, 0xd656, 0xd656, 0xd656, 0xd656, 0xd656,
  0xd656, 0xd676, 0xd676, 0xd676, 0xd656, 0xd656, 0xd656, 0xd656, 0xd656, 0xd656, 0xd657, 0xd656, 0xd656, 0xd676, 0xd676, 0xd676, 0xd676, 0xd676, 0xd677, 0xd676,
  0xd656, 0xd656, 0xd656, 0xd656, 0xd656, 0xd656, 0xd656, 0xd656, 0xd676, 0xd676, 0xd676, 0xd676, 0xd676, 0xd656, 0xd656, 0xd656, 0xd676, 0xd657, 0xd676, 0xd676,
  0xd676, 0xd676, 0xd676, 0xd676, 0xd676, 0xd676, 0xd677, 0xd676, 0xd677, 0xd677, 0xd656, 0xd656, 0xd656, 0xd656, 0xd656, 0xd656, 0xd677, 0xd677, 0xd677, 0xd677,
  0xd677, 0xd677, 0xd677, 0xd677, 0xd677, 0xd677, 0xd677, 0xd677, 0xd677, 0xd677, 0xd677, 0xd677, 0xd677, 0xd677, 0xd677, 0xd677, 0xd677, 0xd677, 0xd677, 0xd677,
  0xd677, 0xd677, 0xde77, 0xde77, 0xde77, 0xde77, 0xde76, 0xd676, 0xd676, 0xd676, 0xd677, 0xd677, 0xde77, 0xde77, 0xde77, 0xde77, 0xde77, 0xde77, 0xde77, 0xd676,
  0xd676, 0xd676, 0xd656, 0xd676, 0xd676, 0xd656, 0xd656, 0xd656, 0xd656, 0xd656, 0xd676, 0xd676, 0xd676, 0xd656, 0xd656, 0xd656, 0xd656, 0xd656, 0xd656, 0xd677,
  0xd677, 0xd677, 0xd677, 0xd677, 0xd677, 0xd677, 0xd677, 0xd677, 0xd677, 0xd677, 0xd677, 0xd677, 0xd677, 0xd677, 0xd677, 0xd677, 0xd677, 0xd677, 0xd677, 0xd677,
  0xd677, 0xd677, 0xd677, 0xd677, 0xd677, 0xd677, 0xd677, 0xd677, 0xd677, 0xd676, 0xd676, 0xd677, 0xd676, 0xd677, 0xd656, 0xd656, 0xd656, 0xd656, 0xd676, 0xd676,
  0xd676, 0xd676, 0xd676, 0xd656, 0xd676, 0xd656, 0xd676, 0xd676, 0xd656, 0xd657, 0xd676, 0xd657, 0xd676, 0xd676, 0xd677, 0xd676, 0xd676, 0xd676, 0xd676, 0xd656,
  0xd676, 0xd656, 0xd656, 0xd656, 0xd656, 0xd656, 0xd657, 0xd656, 0xd676, 0xd676, 0xd676, 0xd676, 0xd676, 0xd676, 0xd676, 0xd676, 0xd676, 0xd676, 0xd676, 0xd656,
  0xd676, 0xd677, 0xd676, 0xd677, 0xd677, 0xd656, 0xd656, 0xd656, 0xd656, 0xd656, 0xd656, 0xd656, 0xd656, 0xd676, 0xd656, 0xd656, 0xd656, 0xd656, 0xd656, 0xd656,
  0xd656, 0xd656, 0xd656, 0xd676, 0xd656, 0xd656, 0xd676, 0xd656, 0xd676, 0xd676, 0xd676, 0xd656, 0xd656, 0xd656, 0xd656, 0xd656, 0x4207, 0x10a2, 0x10a2, 0x10a2,
  0x10a2, 0x10a2, 0x10a2, 0x10a2, 0xa4f1, 0xd677, 0xd656, 0xd677, 0xd677, 0xd677, 0xd677, 0xd677, 0xd677, 0xd677, 0xd677, 0xd677, 0xd677, 0xd677, 0xd677, 0xd677,
  0xd677, 0xd677, 0xd677, 0xd677, 0xd677, 0xd677, 0xd656, 0xd656, 0xd656, 0xd656, 0xd656, 0xd656, 0xd656, 0xd656, 0xd656, 0xd656, 0xd656, 0xd656, 0xd656, 0xd656,
  0xd656, 0xd656, 0xd656, 0xd656, 0xd656, 0xd656, 0xd656, 0xd656, 0xd656, 0xd656, 0xd656, 0xd656, 0xd656, 0xd656, 0xd656, 0xd656, 0xd656, 0xd656, 0xd656, 0xd656,
  0xd656, 0xd656, 0xd656, 0xd656, 0xd656, 0xd656, 0xd656, 0xd656, 0xd656, 0xd656, 0xd656, 0xd656, 0xd656, 0xd656, 0xd656, 0xd656, 0xd656, 0xd656, 0xd656, 0xd656,
  0xd656, 0xd656, 0xd656, 0xd656, 0xd656, 0xd656, 0xd656, 0xd656, 0xd656, 0xd656, 0xd656, 0xd656, 0xd656, 0xd656, 0xd656, 0xd656, 0xd656, 0xd656, 0xd656, 0xd656,
  0xd656, 0xd656, 0xd656, 0xd656, 0xd656, 0xd656, 0xd656, 0xd656, 0xd656, 0xd656, 0xd656, 0xd656, 0xd656, 0xd656, 0xd656, 0xd656, 0xd656, 0xd656, 0xd656, 0xd656,
  0xd656, 0xd656, 0xd656, 0xd656, 0xd656, 0xd656, 0xd656, 0xd656, 0xd656, 0xd656, 0xd656, 0xd656, 0xd656, 0xd656, 0xd656, 0xd656, 0xd656, 0xd656, 0xd656, 0xd656,
  0xd656, 0xd656, 0xd656, 0xd656, 0xd656, 0xd656, 0xd656, 0xd656, 0xd656, 0xd656, 0xd656, 0xd656, 0xd656, 0xd656, 0xd656, 0xd656, 0xd656, 0xd656, 0xd656, 0xd656,
  0xd656, 0xd656, 0xd656, 0xd656, 0xd656, 0xd656, 0xd656, 0xd656, 0xd656, 0xd656, 0xd656, 0xd656, 0xd656, 0xd656, 0xd656, 0xd656, 0xd656, 0xd656, 0xd656, 0xd656,
  0xd656, 0xd656, 0xd656, 0xd656, 0xd656, 0xd656, 0xd656, 0xd656, 0xd656, 0xd656, 0xd656, 0xd656, 0xd656, 0xd656, 0xd656, 0xd656, 0xd656, 0xd656, 0xd656, 0xd656,
  0xd656, 0xd656, 0xd656, 0xd656, 0xd656, 0xd656, 0xd656, 0xd656, 0xd656, 0xd656, 0xd656, 0xd656, 0xd656, 0xd656, 0xd656, 0xd656, 0xd656, 0xd656, 0xd656, 0xd656,
  0xd656, 0xd656, 0xd656, 0xd656, 0xd656, 0xd656, 0xd656, 0xd656, 0xd656, 0xd656, 0xd656, 0xd656, 0xd656, 0xd656, 0xd656, 0xd656, 0xd656, 0xd656, 0xd656, 0xd656,
  0xd656, 0xd656, 0xd656, 0xd656, 0xd656, 0xd656, 0xd656, 0xd656, 0xd656, 0xd656, 0xd656, 0xd656, 0xd656, 0xd656, 0xd677, 0xd677, 0xd677, 0xd677, 0xd677, 0xd677,
  0xd677, 0xd677, 0xd677, 0xd677, 0xd677, 0xd677, 0xd677, 0xd677, 0xd677, 0xd677, 0xd677, 0xd677, 0xd677, 0xd656, 0xd677, 0xa4f1, 0x10a2, 0x10a2, 0x10a2, 0x10a2,
  0x10a2, 0x10a2, 0x10a2, 0x10a2, 0x4207, 0xd677, 0xd656, 0xd677, 0xd677, 0xd677, 0xd677, 0xd677, 0xd677, 0xd677, 0xd677, 0xd677, 0xd677, 0xd677, 0xd677, 0xd677,
  0xd677, 0xd677, 0xd677, 0xd677, 0xd677, 0xd677, 0xe6b8, 0xe6b8, 0xe6d8, 0xe6d8, 0xe6d8, 0xe6d8, 0xe6d8, 0xe6d8, 0xe6d8, 0xe6d8, 0xe6d8, 0xe6d8, 0xe6d8, 0xe6d8,
  0xe6d8, 0xe6d8, 0xe6d8, 0xe6d8, 0xe6b8, 0xe6d8, 0xe6d8, 0xe6d8, 0xe6d8, 0xe6d8, 0xe6d8, 0xe6d8, 0xe6d8, 0xe6d8, 0xe6d8, 0xe6d8, 0xe6d8, 0xe6d8, 0xe6d8, 0xe6d8,
  0xe6d8, 0xe6d8, 0xe6d8, 0xe6d8, 0xe6d8, 0xe6d8, 0xe6d8, 0xe6d8, 0xe6d8, 0xe6d8, 0xe6d8, 0xe6d8, 0xe6d8, 0xe6d8, 0xe6d8, 0xe6d8, 0xe6d8, 0xe6d8, 0xe6d8, 0xe6d8,
  0xe6d8, 0xe6d8, 0xe6d8, 0xe6d8, 0xe6d8, 0xe6d8, 0xe6d8, 0xe6d8, 0xe6d8, 0xe6d8, 0xe6d8, 0xe6d8, 0xe6d8, 0xe6d8, 0xe6d8, 0xe6d8, 0xe6d8, 0xe6d8, 0xe6d8, 0xe6d8,
  0xe6d8, 0xe6d8, 0xe6d8, 0xe6d8, 0xe6d8, 0xe6d8, 0xe6d8, 0xe6d8, 0xe6d8, 0xe6d8, 0xe6d8, 0xe6d8, 0xe6d8, 0xe6d8, 0xe6d8, 0xe6d8, 0xe6d8, 0xe6d8, 0xe6d8, 0xe6d8,
  0xe6d8, 0xe6d8, 0xe6d8, 0xe6d8, 0xe6d8, 0xe6d8, 0xe6d8, 0xe6d8, 0xe6d8, 0xe6d8, 0xe6d8, 0xe6d8, 0xe6d8, 0xe6d8, 0xe6d8, 0xe6d8, 0xe6d8, 0xe6d8, 0xe6d8, 0xe6d8,
  0xe6d8, 0xe6d8, 0xe6d8, 0xe6d8, 0xe6d8, 0xe6d8, 0xe6d8, 0xe6d8, 0xe6d8, 0xe6d8, 0xe6d8, 0xe6d8, 0xe6b8, 0xe6b8, 0xe6d8, 0xe6d8, 0xe6d8, 0xe6d8, 0xe6d8, 0xe6d8,
  0xe6d8, 0xe6d8, 0xe6d8, 0xe6d8, 0xe6d8, 0xe6d8, 0xe6d8, 0xe6d8, 0xe6d8, 0xe6d8, 0xe6d8, 0xe6d8, 0xe6d8, 0xe6d8, 0xe6d8, 0xe6d8, 0xe6d8, 0xe6d8, 0xe6d8, 0xe6d8,
  0xe6d8, 0xe6d8, 0xe6d8, 0xe6d8, 0xe6d8, 0xe6d8, 0xe6d8, 0xe6d8, 0xe6d8, 0xe6d8, 0xe6d8, 0xe6d8, 0xe6d8, 0xe6d8, 0xe6d8, 0xe6d8, 0xe6d8, 0xe6d8, 0xe6d8, 0xe6d8,
  0xe6d8, 0xe6d8, 0xe6d8, 0xe6d8, 0xe6d8, 0xe6d8, 0xe6d8, 0xe6d8, 0xe6d8, 0xe6d8, 0xe6d8, 0xe6d8, 0xe6d8, 0xe6d8, 0xe6d8, 0xe6d8, 0xe6d8, 0xe6d8, 0xe6d8, 0xe6d8,
  0xe6d8, 0xe6d8, 0xe6d8, 0xe6d8, 0xe6d8, 0xe6d8, 0xe6d8, 0xe6d8, 0xe6d8, 0xe6d8, 0xe6d8, 0xe6d8, 0xe6d8, 0xe6d8, 0xe6d8, 0xe6d8, 0xe6d8, 0xe6d8, 0xe6d8, 0xe6d8,
  0xe6d8, 0xe6d8, 0xe6d8, 0xe6d8, 0xe6d8, 0xe6d8, 0xe6d8, 0xe6d8, 0xe6d8, 0xe6d8, 0xe6d8, 0xe6d8, 0xe6d8, 0xe6d8, 0xd677, 0xd677, 0xd677, 0xd677, 0xd677, 0xd677,
  0xd677, 0xd677, 0xd677, 0xd677, 0xd677, 0xd677, 0xd677, 0xd677, 0xd677, 0xd677, 0xd677, 0xd677, 0xd677, 0xd656, 0xd677, 0x4207, 0x10a2, 0x10a2, 0x10a2, 0x10a2,
  0x10a2, 0x10a2, 0x10a2, 0x10a2, 0x10a2, 0xa4f1, 0xd677, 0xd656, 0xd677, 0xd677, 0xd677, 0xd677, 0xd677, 0xd677, 0xd677, 0xd677, 0xd677, 0xd677, 0xd677, 0xd677,
  0xd677, 0xd677, 0xd677, 0xd677, 0xd677, 0xd677, 0x6b2b, 0x6b2b, 0x6b2b, 0x6b2b, 0x6b0b, 0x630b, 0x632b, 0x630b, 0x630b, 0x630b, 0x630b, 0x630b, 0x630b, 0x630b,
  0x630b, 0x6b2b, 0x6b2b, 0x6b2b, 0x630b, 0x6b0b, 0x630b, 0x630b, 0x630b, 0x630b, 0x632b, 0x6b0b, 0x630b, 0x630b, 0x630b, 0x632b, 0x632b, 0x630b, 0x630b, 0x630b,
  0x630b, 0x630b, 0x630b, 0x630b, 0x6b0b, 0x6b2b, 0x6b2b, 0x6b2b, 0x6b2b, 0x6b0b, 0x6b0b, 0x630b, 0x630b, 0x6b2b, 0x6b2b, 0x6b2b, 0x630b, 0x630b, 0x630b, 0x630b,
  0x6b0b, 0x630b, 0x630b, 0x630b, 0x630b, 0x6b2b, 0x630b, 0x630b, 0x630b, 0x630b, 0x630b, 0x630b, 0x630b, 0x6b2b, 0x630b, 0x630b, 0x630b, 0x630b, 0x630b, 0x630b,
  0x630b, 0x630b, 0x630b, 0x6b0b, 0x630b, 0x6b2b, 0x6b2b, 0x630b, 0x630b, 0x630b, 0x630b, 0x630b, 0x630b, 0x630b, 0x630b, 0x630b, 0x630b, 0x630b, 0x630b, 0x630b,
  0x630b, 0x630b, 0x6b2b, 0x6b2b, 0x6b2b, 0x6b2b, 0x6b2b, 0x6b2b, 0x630b, 0x630b, 0x630b, 0x6b2b, 0x6b2b, 0x6b2b, 0x6b2b, 0x630b, 0x630b, 0x630b, 0x632b, 0x6b2b,
  0x630b, 0x630b, 0x630b, 0x630b, 0x6b2b, 0x6b2b, 0x630b, 0x6b2b, 0x6b2b, 0x630b, 0x6b0b, 0x6b2b, 0x6b2b, 0x6b0b, 0x630b, 0x630b, 0x630b, 0x630b, 0x630b, 0x630b,
  0x630b, 0x630b, 0x630b, 0x630b, 0x630b, 0x630b, 0x630b, 0x6b2b, 0x6b2b, 0x630b, 0x6b2b, 0x6b2b, 0x630b, 0x6b2b, 0x6b2b, 0x6b2b, 0x630b, 0x632b, 0x630b, 0x630b,
  0x630b, 0x630b, 0x6b2b, 0x6b2b, 0x6b2b, 0x6b2b, 0x6b0b, 0x630b, 0x630b, 0x630b, 0x630b, 0x630b, 0x630b, 0x630b, 0x630b, 0x630b, 0x630b, 0x630b, 0x630b, 0x630b,
  0x630b, 0x630b, 0x630b, 0x630b, 0x630b, 0x630b, 0x6b2b, 0x6b2b, 0x6b2b, 0x632b, 0x632b, 0x632b, 0x6b2b, 0x6b2b, 0x6b2b, 0x6b2b, 0x6b2b, 0x6b2b, 0x6b2b, 0x6b2b,
  0x6b2b, 0x6b2b, 0x6b2b, 0x6b2b, 0x6b2b, 0x630b, 0x6b2b, 0x6b2b, 0x6b2b, 0x630b, 0x630b, 0x630b, 0x630b, 0x632b, 0x630b, 0x6b2b, 0x6b2b, 0x632b, 0x630b, 0x630b,
  0x630b, 0x6b2b, 0x630b, 0x630b, 0x630b, 0x630b, 0x630b, 0x630b, 0x630b, 0x6b2b, 0x6b0b, 0x630b, 0x630b, 0x632b, 0xd677, 0xd677, 0xd677, 0xd677, 0xd677, 0xd677,
  0xd677, 0xd677, 0xd677, 0xd677, 0xd677, 0xd677, 0xd677, 0xd677, 0xd677, 0xd677, 0xd677, 0xd677, 0xd656, 0xd677, 0xa4f1, 0x10a2, 0x10a2, 0x10a2, 0x10a2, 0x10a2,
  0x10a2, 0x10a2, 0x10a2, 0x10a2, 0x10a2, 0x39c6, 0xd656, 0xd656, 0xd656, 0xd677, 0xd677, 0xd677, 0xd677, 0xd677, 0xd677, 0xd677, 0xd677, 0xd677, 0xd677, 0xd677,
  0xd677, 0xd677, 0xd677, 0xd677, 0xd677, 0xd677, 0x10c2, 0x10a2, 0x10a2, 0x10a2, 0x10a2, 0x10a2, 0x10a2, 0x10a2, 0x1082, 0x1082, 0x1082, 0x1082, 0x1082, 0x1082,
  0x1082, 0x10a2, 0x10a2, 0x10a2, 0x10a2, 0x10a2, 0x1082, 0x10a2, 0x10a2, 0x10a2, 0x10a2, 0x1082, 0x1082, 0x1082, 0x10a2, 0x1082, 0x1082, 0x1082, 0x1082, 0x0882,
  0x1082, 0x1082, 0x1082, 0x1082, 0x10a2, 0x10a2, 0x10a2, 0x10a2, 0x10a2, 0x10a2, 0x10a2, 0x10a2, 0x10a2, 0x10a2, 0x10a2, 0x10a2, 0x1082, 0x1082, 0x1082, 0x1082,
  0x10a2, 0x10a2, 0x10a2, 0x1082, 0x1082, 0x1082, 0x0882, 0x0882, 0x0881, 0x1082, 0x1082, 0x1082, 0x1082, 0x1082, 0x1082, 0x1082, 0x1082, 0x0882, 0x0882, 0x1082,
  0x1082, 0x1082, 0x1082, 0x1082, 0x1082, 0x1082, 0x10a2, 0x1082, 0x1082, 0x1082, 0x1082, 0x1082, 0x1082, 0x1082, 0x1082, 0x1082, 0x0882, 0x1082, 0x10a2, 0x10a2,
  0x10a2, 0x10a2, 0x10a2, 0x10a2, 0x10a2, 0x10a2, 0x10a2, 0x10a2, 0x10a2, 0x10a2, 0x10a2, 0x10a2, 0x10a2, 0x10a2, 0x1082, 0x1082, 0x1082, 0x10a2, 0x10a2, 0x10a2,
  0x10a2, 0x10a2, 0x1082, 0x10a2, 0x10a2, 0x10a2, 0x10a2, 0x10a2, 0x10a2, 0x1082, 0x10a2, 0x10a2, 0x10a2, 0x10a2, 0x1082, 0x1082, 0x1082, 0x1082, 0x1082, 0x1082,
  0x1082, 0x1082, 0x1082, 0x1082, 0x1082, 0x10a2, 0x10a2, 0x10a2, 0x10a2, 0x10a2, 0x10a2, 0x10a2, 0x1082, 0x10a2, 0x10a2, 0x10a2, 0x1082, 0x1082, 0x0882, 0x1082,
  0x1082, 0x1082, 0x1082, 0x1082, 0x1082, 0x1082, 0x10a2, 0x10a2, 0x1082, 0x1082, 0x1082, 0x1082, 0x10a2, 0x10a2, 0x1082, 0x1082, 0x1082, 0x1082, 0x0882, 0x0882,
  0x0882, 0x0882, 0x1082, 0x10a2, 0x10a2, 0x1082, 0x1082, 0x10a2, 0x10a2, 0x10a2, 0x10a2, 0x10a2, 0x10a2, 0x10a2, 0x10a2, 0x10a2, 0x10a2, 0x10a2, 0x10a2, 0x10a2,
  0x10a2, 0x10a2, 0x10a2, 0x10a2, 0x10a2, 0x10a2, 0x10a2, 0x10a2, 0x10a2, 0x10a2, 0x1082, 0x1082, 0x10a2, 0x10a2, 0x1082, 0x1082, 0x1082, 0x1082, 0x1082, 0x1082,
  0x10a2, 0x10a2, 0x1082, 0x1082, 0x1082, 0x1082, 0x1082, 0x1082, 0x1082, 0x10a2, 0x10a2, 0x10a2, 0x10a2, 0x10a2, 0xd677, 0xd677, 0xd677, 0xd677, 0xd677, 0xd677,
  0xd677, 0xd677, 0xd677, 0xd677, 0xd677, 0xd677, 0xd677, 0xd677, 0xd677, 0xd677, 0xd677, 0xd656, 0xd656, 0xd656, 0x39c6, 0x10a2, 0x10a2, 0x10a2, 0x10a2, 0x10a2,
  0x10a2, 0x10a2, 0x10a2, 0x10a2, 0x10a2, 0x10a2, 0x83ee, 0xd677, 0xd656, 0xd677, 0xd677, 0xd677, 0xd677, 0xd677, 0xd677, 0xd677, 0xd677, 0xd677, 0xd677, 0xd677,
  0xd677, 0xd677, 0xd677, 0xd677, 0xd677, 0xd677, 0xc5f5, 0xcdf5, 0xc5f5, 0xc615, 0xc615, 0xc615, 0xc5f5, 0xc5f5, 0xc5f5, 0xc5f5, 0xc615, 0xc615, 0xc615, 0xc5f5,
  0xc5f5, 0xc5f5, 0xc615, 0xc5f5, 0xc5f5, 0xc5f5, 0xc615, 0xce16, 0xce16, 0xc5f5, 0xc5f5, 0xc5f5, 0xc5f5, 0xc5f5, 0xc5f5, 0xc5f5, 0xc5f5, 0xc5f5, 0xc5f5, 0xc5f5,
  0xc5f5, 0xc615, 0xc615, 0xc615, 0xc5f5, 0xc5f5, 0xc5f5, 0xcdf5, 0xcdf5, 0xcdf5, 0xc5f5, 0xcdf5, 0xce16, 0xce16, 0xce16, 0xcdf5, 0xc5f5, 0xc5f5, 0xc5f5, 0xc5f5,
  0xc5f5, 0xc5f5, 0xc5f5, 0xc5f5, 0xc5f5, 0xc5f5, 0xc5f5, 0xc5f5, 0xc5f5, 0xc5f5, 0xc5f5, 0xc5f5, 0xc5f5, 0xc5f5, 0xc5f5, 0xc5f5, 0xc5f5, 0xc5f5, 0xc5f5, 0xc5f5,
  0xc5f5, 0xc5f5, 0xc5f5, 0xc5f5, 0xc5f5, 0xc5f5, 0xc5f5, 0xc5f5, 0xc5f5, 0xc5f5, 0xc5f5, 0xc5f5, 0xc5d5, 0xc5d5, 0xc5d5, 0xc5f5, 0xc5d5, 0xc5f5, 0xc5f5, 0xc5f5,
  0xc5f5, 0xc5f5, 0xc5f5, 0xc5f5, 0xc5f5, 0xc5f5, 0xc5f5, 0xc5f5, 0xce15, 0xce15, 0xc5f5, 0xc5f5, 0xc5f5, 0xc5f5, 0xc5f5, 0xc5d5, 0xc5d5, 0xc5d5, 0xc5f5, 0xc5d5,
  0xc5d5, 0xc5d5, 0xc5f5, 0xc5f5, 0xc5f5, 0xc5f5, 0xc5f5, 0xc5f5, 0xc5f5, 0xc5f5, 0xc5f5, 0xc5f5, 0xc5f5, 0xc5f5, 0xc5f5, 0xc5f5, 0xc5f5, 0xc5f5, 0xc5f5, 0xc5f5,
  0xc5f5, 0xc5f5, 0xc5f5, 0xc5f5, 0xc5f5, 0xc5f5, 0xc5f5, 0xc5f5, 0xc5f5, 0xc5f5, 0xc5f5, 0xc5f5, 0xc5f5, 0xc5f5, 0xce16, 0xc5f5, 0xc5f5, 0xc5f5, 0xc5f5, 0xc5f5,
  0xc5f5, 0xc5f5, 0xc5f5, 0xc5f5, 0xc5f5, 0xc5f5, 0xc5f5, 0xc5f5, 0xc5f5, 0xc5f5, 0xc5f5, 0xc5f5, 0xc5f5, 0xc5d5, 0xc5f5, 0xc5f5, 0xc5f5, 0xc5f5, 0xc5f5, 0xc5f5,
  0xc5f5, 0xc5f5, 0xc5f5, 0xc5f5, 0xc5f5, 0xc5f5, 0xc5f5, 0xc5f5, 0xc5f5, 0xcdf5, 0xcdf5, 0xcdf5, 0xc5f5, 0xc5f5, 0xcdf5, 0xce16, 0xce16, 0xcdf5, 0xc5f5, 0xc5f5,
  0xc5f5, 0xc5f5, 0xcdf5, 0xcdf5, 0xcdf5, 0xc5f5, 0xc5f5, 0xc5f5, 0xc5f5, 0xc5f5, 0xc5f5, 0xc5f5, 0xc5f5, 0xc5f5, 0xc5f5, 0xc5f5, 0xc5f5, 0xc5f5, 0xc5f5, 0xc5f5,
  0xc5f5, 0xc5f5, 0xc5f5, 0xc5f5, 0xc5f5, 0xc5f5, 0xcdf5, 0xc5f5, 0xcdf5, 0xc5f5, 0xc5f5, 0xc5f5, 0xc5f5, 0xcdf5, 0xd677, 0xd677, 0xd677, 0xd677, 0xd677, 0xd677,
  0xd677, 0xd677, 0xd677, 0xd677, 0xd677, 0xd677, 0xd677, 0xd677, 0xd677, 0xd677, 0xd677, 0xd656, 0xd677, 0x83ee, 0x10a2, 0x10a2, 0x10a2, 0x10a2, 0x10a2, 0x10a2,
  0x10a2, 0x10a2, 0x10a2, 0x10a2, 0x10a2, 0x10a2, 0x18e3, 0xbd94, 0xd677, 0xd656, 0xd677, 0xd677, 0xd677, 0xd677, 0xd677, 0xd677, 0xd677, 0xd677, 0xd677, 0xd677,
  0xd677, 0xd677, 0xd677, 0xd677, 0xd677, 0xd677, 0xef19, 0xef19, 0xef19, 0xef39, 0xef19, 0xef19, 0xef19, 0xef19, 0xef19, 0xef19, 0xef19, 0xef3a, 0xef39, 0xef19,
  0xef19, 0xef19, 0xef19, 0xef19, 0xef39, 0xef19, 0xef39, 0xef39, 0xef39, 0xef19, 0xef19, 0xef19, 0xef19, 0xef19, 0xef19, 0xef19, 0xef19, 0xef19, 0xef19, 0xef19,
  0xef19, 0xef39, 0xef39, 0xef19, 0xef19, 0xef19, 0xef39, 0xef39, 0xef19, 0xef39, 0xef19, 0xef19, 0xef39, 0xef19, 0xef19, 0xef19, 0xef19, 0xef19, 0xef19, 0xef19,
  0xef19, 0xef19, 0xef19, 0xef19, 0xef19, 0xef19, 0xef19, 0xef19, 0xef19, 0xef19, 0xef19, 0xef19, 0xef19, 0xef19, 0xef19, 0xef19, 0xef19, 0xef19, 0xef19, 0xef19,
  0xef39, 0xef19, 0xef19, 0xef19, 0xef19, 0xef19, 0xef19, 0xef19, 0xef19, 0xef19, 0xef19, 0xef19, 0xef19, 0xef19, 0xef19, 0xef19, 0xef19, 0xef19, 0xef19, 0xef19,
  0xef19, 0xef19, 0xef19, 0xef19, 0xef19, 0xef19, 0xef19, 0xef39, 0xef3a, 0xef39, 0xef39, 0xef19, 0xef19, 0xef19, 0xef19, 0xef19, 0xef19, 0xef19, 0xef19, 0xef19,
  0xef19, 0xef19, 0xef19, 0xef19, 0xef19, 0xef19, 0xef19, 0xef19, 0xef19, 0xef19, 0xef19, 0xef19, 0xef19, 0xef19, 0xef19, 0xef19, 0xef19, 0xef19, 0xef19, 0xef19,
  0xef19, 0xef19, 0xef19, 0xef19, 0xef19, 0xef19, 0xef19, 0xef19, 0xef19, 0xef19, 0xef19, 0xef19, 0xef19, 0xef19, 0xef19, 0xef19, 0xef19, 0xef19, 0xef19, 0xef19,
  0xef19, 0xef19, 0xef19, 0xef19, 0xef19, 0xef19, 0xef19, 0xef19, 0xef39, 0xef39, 0xef19, 0xef19, 0xef19, 0xef19, 0xef19, 0xef19, 0xef19, 0xef19, 0xef19, 0xef19,
  0xef19, 0xef19, 0xef19, 0xef19, 0xef19, 0xef19, 0xef19, 0xef19, 0xef19, 0xef19, 0xef19, 0xef19, 0xef39, 0xef39, 0xef39, 0xef19, 0xef39, 0xef19, 0xef19, 0xef19,
  0xef19, 0xef19, 0xef19, 0xef19, 0xef19, 0xef19, 0xef19, 0xef19, 0xef19, 0xef19, 0xef19, 0xef19, 0xef19, 0xef19, 0xef19, 0xef19, 0xef19, 0xef19, 0xef19, 0xef19,
  0xef19, 0xef19, 0xef19, 0xef19, 0xef19, 0xef19, 0xef19, 0xef19, 0xef19, 0xef19, 0xef19, 0xef19, 0xef19, 0xef19, 0xd677, 0xd677, 0xd677, 0xd677, 0xd677, 0xd677,
  0xd677, 0xd677, 0xd677, 0xd677, 0xd677, 0xd677, 0xd677, 0xd677, 0xd677, 0xd677, 0xd656, 0xd677, 0xbd94, 0x18e3, 0x10a2, 0x10a2, 0x10a2, 0x10a2, 0x10a2, 0x10a2,
  0x10a2, 0x10a2, 0x10a2, 0x10a2, 0x10a2, 0x10a2, 0x10a2, 0x4227, 0xd656, 0xd656, 0xd677, 0xd677, 0xd677, 0xd677, 0xd677, 0xd677, 0xd677, 0xd677, 0xd677, 0xd677,
  0xd677, 0xd677, 0xd677, 0xd677, 0xd677, 0xd677, 0xd656, 0xd656, 0xd656, 0xd656, 0xd656, 0xd656, 0xd656, 0xd656, 0xd656, 0xde77, 0xde76, 0xd656, 0xde77, 0xd676,
  0xd656, 0xd656, 0xd656, 0xd656, 0xd656, 0xd656, 0xd656, 0xd656, 0xd656, 0xd656, 0xd656, 0xd656, 0xd656, 0xd656, 0xd656, 0xd656, 0xd656, 0xd656, 0xd656, 0xd676,
  0xd676, 0xd636, 0xd656, 0xd656, 0xd656, 0xd656, 0xd656, 0xd656, 0xd656, 0xd656, 0xd656, 0xd656, 0xd656, 0xd656, 0xd656, 0xd656, 0xd656, 0xd656, 0xd656, 0xd656,
  0xd656, 0xd656, 0xd656, 0xd656, 0xd656, 0xd656, 0xd656, 0xd656, 0xd656, 0xd656, 0xd656, 0xd656, 0xd656, 0xd656, 0xd656, 0xd656, 0xd656, 0xd656, 0xd656, 0xd656,
  0xd656, 0xd656, 0xd656, 0xd656, 0xd656, 0xd656, 0xd656, 0xd656, 0xd656, 0xd656, 0xd656, 0xd656, 0xd656, 0xd656, 0xd656, 0xd656, 0xd656, 0xd656, 0xd656, 0xd656,
  0xd656, 0xd656, 0xd656, 0xd656, 0xd656, 0xd656, 0xd656, 0xd656, 0xd656, 0xd656, 0xd656, 0xd656, 0xd656, 0xd656, 0xd656, 0xd656, 0xd656, 0xd656, 0xd656, 0xd656,
  0xd656, 0xd656, 0xd656, 0xd656, 0xd656, 0xd656, 0xd656, 0xd656, 0xd656, 0xd656, 0xd656, 0xd656, 0xd656, 0xd656, 0xd656, 0xd656, 0xd656, 0xd656, 0xd656, 0xd656,
  0xd656, 0xd656, 0xd656, 0xd656, 0xd656, 0xd656, 0xd636, 0xd656, 0xd656, 0xd656, 0xd656, 0xd656, 0xd656, 0xd656, 0xd656, 0xd656, 0xd656, 0xd656, 0xd656, 0xd656,
  0xd656, 0xd656, 0xd656, 0xd656, 0xd656, 0xd656, 0xd656, 0xd656, 0xd656, 0xd656, 0xd656, 0xd656, 0xd656, 0xd656, 0xd656, 0xd656, 0xd636, 0xd636, 0xd656, 0xd656,
  0xd656, 0xd656, 0xd656, 0xd656, 0xd656, 0xd656, 0xd677, 0xdeb7, 0xd656, 0xd656, 0xd656, 0xd656, 0xd656, 0xd656, 0xd656, 0xd656, 0xd656, 0xd656, 0xd656, 0xd656,
  0xd656, 0xd656, 0xd656, 0xd656, 0xd656, 0xd656, 0xd656, 0xd656, 0xd656, 0xd636, 0xd656, 0xd656, 0xd656, 0xd656, 0xd656, 0xd656, 0xd656, 0xd656, 0xd656, 0xd656,
  0xd656, 0xd656, 0xd656, 0xd656, 0xd656, 0xd656, 0xd656, 0xd656, 0xd656, 0xd656, 0xd656, 0xd656, 0xd656, 0xd656, 0xd677, 0xd677, 0xd677, 0xd677, 0xd677, 0xd677,
  0xd677, 0xd677, 0xd677, 0xd677, 0xd677, 0xd677, 0xd677, 0xd677, 0xd677, 0xd677, 0xd656, 0xd656, 0x4227, 0x10a2, 0x10a2, 0x10a2, 0x10a2, 0x10a2, 0x10a2, 0x10a2,
  0x10a2, 0x10a2, 0x10a2, 0x10a2, 0x10a2, 0x10a2, 0x10a2, 0x10a2, 0x738c, 0xd677, 0xd656, 0xd677, 0xd677, 0xd677, 0xd677, 0xd677, 0xd677, 0xd677, 0xd677, 0xd677,
  0xd677, 0xd677, 0xd677, 0xd677, 0xd677, 0xd677, 0xd656, 0xd656, 0xd656, 0xd656, 0xd677, 0xd677, 0xd656, 0xde77, 0xd656, 0xbdb4, 0xbd93, 0xbd94, 0xbdb4, 0xce36,
  0xd656, 0xd656, 0xd656, 0xd636, 0xd656, 0xd656, 0xd656, 0xd656, 0xd656, 0xd656, 0xd656, 0xd656, 0xd656, 0xd656, 0xd656, 0xd656, 0xd656, 0xd656, 0xde77, 0xc5f6,
  0xce16, 0xde77, 0xc5f4, 0xbdb4, 0xd657, 0xd677, 0xd656, 0xd656, 0xd656, 0xd677, 0xd656, 0xd656, 0xd656, 0xd656, 0xd656, 0xd656, 0xd656, 0xd656, 0xd656, 0xd677,
  0xd656, 0xd656, 0xd656, 0xd656, 0xd656, 0xd656, 0xd656, 0xd656, 0xd656, 0xd656, 0xd656, 0xd656, 0xd656, 0xd656, 0xd656, 0xd656, 0xd656, 0xd656, 0xd656, 0xd656,
  0xd656, 0xd656, 0xd656, 0xd677, 0xd677, 0xd677, 0xd656, 0xd677, 0xd677, 0xd677, 0xd677, 0xd677, 0xd656, 0xd656, 0xd656, 0xd656, 0xd656, 0xd656, 0xd656, 0xd656,
  0xd656, 0xd656, 0xd656, 0xd656, 0xd656, 0xd656, 0xd656, 0xd656, 0xd656, 0xd656, 0xd656, 0xd656, 0xd656, 0xd656, 0xd656, 0xd656, 0xd656, 0xd656, 0xd656, 0xd656,
  0xd656, 0xd656, 0xd656, 0xd656, 0xd656, 0xd656, 0xd656, 0xd656, 0xd656, 0xd656, 0xd656, 0xd656, 0xd656, 0xd656, 0xd656, 0xd656, 0xd656, 0xd656, 0xd656, 0xd656,
  0xd656, 0xd656, 0xd656, 0xd656, 0xd656, 0xd656, 0xd656, 0xd656, 0xd656, 0xd656, 0xd656, 0xd656, 0xd656, 0xd656, 0xd656, 0xd656, 0xd656, 0xd656, 0xd656, 0xd656,
  0xd656, 0xd656, 0xd656, 0xd656, 0xd656, 0xd656, 0xd656, 0xd656, 0xd656, 0xd656, 0xd656, 0xd656, 0xd656, 0xd656, 0xd656, 0xd656, 0xd656, 0xd656, 0xd656, 0xd656,
  0xd656, 0xd656, 0xd656, 0xd656, 0xd656, 0xde77, 0xce36, 0x9c90, 0xbd73, 0xde77, 0xd657, 0xd677, 0xd656, 0xd656, 0xd656, 0xd656, 0xd656, 0xd656, 0xd656, 0xd656,
  0xd656, 0xd656, 0xd656, 0xd636, 0xd656, 0xd656, 0xd656, 0xd636, 0xd636, 0xd656, 0xd656, 0xd656, 0xd656, 0xd656, 0xd677, 0xd677, 0xd656, 0xd656, 0xd656, 0xd656,
  0xd656, 0xd636, 0xd636, 0xd656, 0xd656, 0xd656, 0xd656, 0xd656, 0xd656, 0xd656, 0xd656, 0xd656, 0xd656, 0xd656, 0xd677, 0xd677, 0xd677, 0xd677, 0xd677, 0xd677,
  0xd677, 0xd677, 0xd677, 0xd677, 0xd677, 0xd677, 0xd677, 0xd677, 0xd677, 0xd656, 0xd677, 0x738c, 0x10a2, 0x10a2, 0x10a2, 0x10a2, 0x10a2, 0x10a2, 0x10a2, 0x10a2,
  0x10a2, 0x10a2, 0x10a2, 0x10a2, 0x10a2, 0x10a2, 0x10a2, 0x10a2, 0x10a2, 0xa4d1, 0xd677, 0xd656, 0xd677, 0xd677, 0xd677, 0xd677, 0xd677, 0xd677, 0xd677, 0xd677,
  0xd677, 0xd677, 0xd677, 0xd677, 0xd677, 0xd677, 0xd656, 0xd656, 0xd656, 0xd656, 0xd677, 0xd677, 0xd656, 0xde97, 0xbd94, 0x39a6, 0x2124, 0x2965, 0x3185, 0xa4d1,
  0xeef9, 0xd656, 0xd656, 0xdeb7, 0xde97, 0xde97, 0xe6d8, 0xe6d8, 0xdeb7, 0xd656, 0xd656, 0xde97, 0xe6d8, 0xe6b8, 0xd656, 0xd657, 0xd656, 0xd656, 0xe6b8, 0x4a48,
  0x62ea, 0xf75a, 0x738c, 0x2944, 0xd636, 0xde98, 0xe6d8, 0xe6b8, 0xde77, 0xde76, 0xe6d8, 0xe6f8, 0xe6f8, 0xde97, 0xd656, 0xe6b8, 0xe6d8, 0xe6d8, 0xe6b8, 0xd656,
  0xdeb8, 0xde97, 0xd656, 0xde97, 0xe6b8, 0xd656, 0xd656, 0xd656, 0xd656, 0xd656, 0xd656, 0xd656, 0xd656, 0xd656, 0xd656, 0xd656, 0xd656, 0xd656, 0xd656, 0xd656,
  0xd677, 0xd677, 0xd656, 0xd677, 0xd677, 0xd677, 0xd677, 0xd677, 0xd677, 0xd677, 0xd677, 0xd677, 0xd656, 0xd656, 0xd656, 0xd656, 0xd656, 0xd656, 0xd656, 0xd656,
  0xd656, 0xd656, 0xd656, 0xd656, 0xd656, 0xd677, 0xd677, 0xd677, 0xd677, 0xd656, 0xd656, 0xd656, 0xd656, 0xd656, 0xd656, 0xd656, 0xd656, 0xd656, 0xd656, 0xd656,
  0xd656, 0xd656, 0xd656, 0xd656, 0xd656, 0xd656, 0xd656, 0xd656, 0xd656, 0xd656, 0xd656, 0xd677, 0xd656, 0xd656, 0xd656, 0xd656, 0xd656, 0xd656, 0xd656, 0xd656,
  0xd656, 0xd656, 0xd656, 0xd656, 0xd656, 0xd656, 0xd656, 0xd656, 0xd656, 0xd656, 0xd656, 0xd656, 0xd656, 0xd656, 0xd656, 0xd656, 0xd656, 0xd656, 0xd656, 0xd656,
  0xd656, 0xd656, 0xd656, 0xd656, 0xd656, 0xd656, 0xd656, 0xd656, 0xd656, 0xd656, 0xd656, 0xd656, 0xd656, 0xd656, 0xd656, 0xd656, 0xd656, 0xd656, 0xd656, 0xd656,
  0xd656, 0xd656, 0xd656, 0xd656, 0xd656, 0xe6d8, 0xce15, 0x0000, 0x8c4f, 0xf75a, 0xd656, 0xd676, 0xd656, 0xd656, 0xd656, 0xd656, 0xd656, 0xd656, 0xd656, 0xd656,
  0xde77, 0xd656, 0xde77, 0xe6b8, 0xd656, 0xd636, 0xde77, 0xe6d8, 0xe6b8, 0xd656, 0xd656, 0xd657, 0xd656, 0xd656, 0xde77, 0xd677, 0xde77, 0xe6d8, 0xe6d8, 0xde77,
  0xd677, 0xe6d8, 0xe6d8, 0xe6d8, 0xe6b8, 0xde77, 0xd656, 0xd656, 0xd656, 0xd656, 0xd656, 0xd656, 0xd656, 0xd656, 0xd677, 0xd677, 0xd677, 0xd677, 0xd677, 0xd677,
  0xd677, 0xd677, 0xd677, 0xd677, 0xd677, 0xd677, 0xd677, 0xd677, 0xd656, 0xd677, 0xa4d1, 0x10a2, 0x10a2, 0x10a2, 0x10a2, 0x10a2, 0x10a2, 0x10a2, 0x10a2, 0x10a2,
  0x10a2, 0x10a2, 0x10a2, 0x10a2, 0x10a2, 0x10a2, 0x10a2, 0x10a2, 0x10a2, 0x2104, 0xbdb4, 0xd677, 0xd656, 0xd677, 0xd677, 0xd677, 0xd677, 0xd677, 0xd677, 0xd677,
  0xd677, 0xd677, 0xd677, 0xd677, 0xd677, 0xd677, 0xd656, 0xd656, 0xd656, 0xd656, 0xd677, 0xd677, 0xd677, 0xd677, 0xd656, 0xde97, 0x5aaa, 0x4207, 0xd657, 0xce35,
  0xa4d1, 0xc5f5, 0xde97, 0x9c90, 0xb553, 0xb573, 0x9470, 0x944f, 0xa4f1, 0xde97, 0xde97, 0xb553, 0x8c4f, 0xa4d1, 0xd677, 0xde77, 0xd656, 0xd656, 0xdeb8, 0x41e7,
  0x5289, 0xf75a, 0x736c, 0x2104, 0xd636, 0xcdf5, 0x8c4f, 0x8c2f, 0xc5d4, 0xdeb8, 0xa4f2, 0x9470, 0x840e, 0xb553, 0xe6b8, 0xad12, 0x8c2f, 0x8c0f, 0xad12, 0xef19,
  0xb574, 0xa4f1, 0xde97, 0xbd94, 0x9cb0, 0xd656, 0xd676, 0xd656, 0xd656, 0xd656, 0xd656, 0xd656, 0xd656, 0xd656, 0xd656, 0xd656, 0xd656, 0xd656, 0xd677, 0xd677,
  0xd677, 0xd677, 0xd656, 0xd677, 0xd677, 0xd677, 0xd677, 0xd677, 0xd677, 0xd677, 0xd677, 0xd656, 0xd677, 0xd656, 0xd656, 0xd656, 0xd656, 0xd656, 0xd656, 0xd656,
  0xd656, 0xd656, 0xd656, 0xd656, 0xd656, 0xd677, 0xd677, 0xd677, 0xd677, 0xd677, 0xd677, 0xd656, 0xd656, 0xd656, 0xd656, 0xd656, 0xd656, 0xd656, 0xd656, 0xd656,
  0xd656, 0xd656, 0xd656, 0xd656, 0xd656, 0xd656, 0xd677, 0xd677, 0xd656, 0xd656, 0xd677, 0xd677, 0xd656, 0xd656, 0xd656, 0xd656, 0xd656, 0xd656, 0xd677, 0xd677,
  0xd656, 0xd656, 0xd656, 0xd656, 0xd656, 0xd656, 0xd656, 0xd656, 0xd656, 0xd656, 0xd656, 0xd656, 0xd656, 0xd656, 0xd656, 0xd656, 0xd656, 0xd656, 0xd656, 0xd656,
  0xd656, 0xd656, 0xd656, 0xd656, 0xd656, 0xd656, 0xd656, 0xd656, 0xd656, 0xd656, 0xd656, 0xd656, 0xd656, 0xd656, 0xd656, 0xd656, 0xd656, 0xd656, 0xd656, 0xd656,
  0xd656, 0xd656, 0xd656, 0xd656, 0xd676, 0xc5f4, 0x7b8d, 0x2945, 0x4228, 0xb553, 0xde77, 0xd656, 0xd676, 0xd656, 0xd656, 0xd656, 0xd656, 0xd656, 0xd677, 0xd677,
  0xd656, 0xe6b8, 0xc5d5, 0x9cb0, 0xd656, 0xdeb7, 0xb573, 0x7bcd, 0x942f, 0xd656, 0xde97, 0xd656, 0xe6b8, 0xdeb7, 0xd657, 0xdeb7, 0xc5f5, 0x7bad, 0x840e, 0xd636,
  0xd677, 0x8c2f, 0x83ee, 0x83ee, 0x944f, 0xce15, 0xde77, 0xd656, 0xd656, 0xd656, 0xd656, 0xd656, 0xd656, 0xd656, 0xd677, 0xd677, 0xd677, 0xd677, 0xd677, 0xd677,
  0xd677, 0xd677, 0xd677, 0xd677, 0xd677, 0xd677, 0xd677, 0xd656, 0xd677, 0xbdb4, 0x2104, 0x10a2, 0x10a2, 0x10a2, 0x10a2, 0x10a2, 0x10a2, 0x10a2, 0x10a2, 0x10a2,
  0x10a2, 0x10a2, 0x10a2, 0x10a2, 0x10a2, 0x10a2, 0x10a2, 0x10a2, 0x10a2, 0x10a2, 0x39c6, 0xce15, 0xd677, 0xd656, 0xd677, 0xd677, 0xd677, 0xd677, 0xd677, 0xd677,
  0xd677, 0xd677, 0xd677, 0xd677, 0xd677, 0xd677, 0xd656, 0xd656, 0xd656, 0xd656, 0xd677, 0xd677, 0xde77, 0xd656, 0xd656, 0xe6f8, 0x5aca, 0x4227, 0xe6f8, 0xc615,
  0x2124, 0x9cb0, 0xe6d8, 0x2104, 0x736c, 0x5aea, 0x1081, 0x5269, 0x2124, 0x9cd1, 0xbdb4, 0x3185, 0x4207, 0x2965, 0x840e, 0xdeb7, 0xd636, 0xd677, 0xe6b8, 0x39c7,
  0x5268, 0xf75a, 0x738d, 0x2944, 0xde97, 0x7bad, 0x31a5, 0x2944, 0x5269, 0xce36, 0x2944, 0x20e3, 0x39c6, 0x2944, 0xc5b4, 0x4a48, 0x0841, 0x41e6, 0x18c2, 0xad33,
  0x6b4c, 0x3166, 0xef39, 0x83ee, 0x18c2, 0xce15, 0xde77, 0xd636, 0xd656, 0xd656, 0xd656, 0xd656, 0xd656, 0xd656, 0xd656, 0xd656, 0xd656, 0xd656, 0xd677, 0xd677,
  0xd677, 0xd677, 0xd677, 0xd677, 0xd677, 0xd677, 0xd677, 0xd677, 0xd677, 0xd677, 0xd677, 0xd677, 0xd677, 0xd656, 0xd656, 0xd656, 0xd656, 0xd656, 0xd656, 0xd656,
  0xd656, 0xd656, 0xd656, 0xd656, 0xd656, 0xd677, 0xd677, 0xd677, 0xd677, 0xd677, 0xd677, 0xd656, 0xd656, 0xd656, 0xd656, 0xd656, 0xd656, 0xd656, 0xd656, 0xd656,
  0xd656, 0xd656, 0xd656, 0xd656, 0xd656, 0xd656, 0xd677, 0xd677, 0xd656, 0xd656, 0xd677, 0xd677, 0xd656, 0xd656, 0xd656, 0xd656, 0xd656, 0xd656, 0xd677, 0xd677,
  0xd656, 0xd656, 0xd656, 0xd656, 0xd656, 0xd656, 0xd656, 0xd656, 0xd656, 0xd656, 0xd656, 0xd656, 0xd656, 0xd656, 0xd656, 0xd656, 0xd656, 0xd656, 0xd656, 0xd656,
  0xd656, 0xd656, 0xd656, 0xd656, 0xd656, 0xd656, 0xd656, 0xd656, 0xd656, 0xd656, 0xd656, 0xd656, 0xd656, 0xd656, 0xd656, 0xd656, 0xd656, 0xd656, 0xd656, 0xd656,
  0xd656, 0xd656, 0xd677, 0xd636, 0xeef8, 0x9cd1, 0x4a28, 0x840f, 0x0000, 0x736c, 0xef19, 0xd636, 0xd677, 0xd656, 0xd656, 0xd656, 0xd656, 0xd656, 0xd677, 0xd656,
  0xd676, 0xce36, 0x41e7, 0x2965, 0xe6d9, 0xbd93, 0x3185, 0x5289, 0x3185, 0x7b8d, 0xe6b8, 0xd677, 0xad12, 0xbd94, 0xdeb7, 0xd656, 0x39c6, 0x39c6, 0x39e6, 0x5aaa,
  0xce36, 0x62ca, 0x52a9, 0x4a28, 0x0841, 0xad52, 0xe6b7, 0xd656, 0xd656, 0xd656, 0xd656, 0xd656, 0xd656, 0xd656, 0xd677, 0xd677, 0xd677, 0xd677, 0xd677, 0xd677,
  0xd677, 0xd677, 0xd677, 0xd677, 0xd677, 0xd677, 0xd656, 0xd677, 0xce15, 0x39c6, 0x10a2, 0x10a2, 0x10a2, 0x10a2, 0x10a2, 0x10a2, 0x10a2, 0x10a2, 0x10a2, 0x10a2,
  0x10a2, 0x10a2, 0x10a2, 0x10a2, 0x10a2, 0x10a2, 0x10a2, 0x10a2, 0x10a2, 0x10a2, 0x10a2, 0x39c6, 0xce15, 0xd677, 0xd656, 0xd677, 0xd677, 0xd677, 0xd677, 0xd677,
  0xd677, 0xd677, 0xd677, 0xd677, 0xd677, 0xd677, 0xd656, 0xd656, 0xd656, 0xd656, 0xd677, 0xd677, 0xd677, 0xd657, 0xd656, 0xe6d8, 0x62ea, 0x4a28, 0xe6f9, 0xce16,
  0x2965, 0x9cb0, 0xde97, 0x2965, 0x83ee, 0x62ea, 0x4a28, 0xf75a, 0x39a6, 0x62eb, 0x7bcd, 0x18e3, 0xf73a, 0x6b2c, 0x3185, 0xde97, 0xd656, 0xd677, 0xdeb8, 0x4a68,
  0x18c3, 0x4207, 0x2104, 0x39c6, 0xd656, 0xd636, 0xe6f8, 0xbdb4, 0x10a2, 0xa4f2, 0x2945, 0x6b2b, 0xef19, 0x18c2, 0x840e, 0x5289, 0x41e7, 0xf73a, 0x2944, 0x5289,
  0x7bad, 0x39a6, 0xef19, 0x840e, 0x2104, 0xce15, 0xde77, 0xd636, 0xd656, 0xd656, 0xd656, 0xd656, 0xd656, 0xd656, 0xd656, 0xd656, 0xd656, 0xd656, 0xd677, 0xd677,
  0xd677, 0xd677, 0xd677, 0xd677, 0xd677, 0xd677, 0xd656, 0xd677, 0xd677, 0xd677, 0xd677, 0xd677, 0xd677, 0xd677, 0xd677, 0xd677, 0xd656, 0xd656, 0xd656, 0xd656,
  0xd656, 0xd656, 0xd656, 0xd656, 0xd656, 0xd677, 0xd677, 0xd656, 0xd656, 0xd677, 0xd677, 0xd656, 0xd656, 0xd677, 0xd677, 0xd656, 0xd656, 0xd677, 0xd656, 0xd656,
  0xd656, 0xd656, 0xd656, 0xd677, 0xd677, 0xd677, 0xd656, 0xd677, 0xd677, 0xd656, 0xd656, 0xd677, 0xd656, 0xd656, 0xd656, 0xd677, 0xd656, 0xd656, 0xd656, 0xd656,
  0xd656, 0xd656, 0xd656, 0xd656, 0xd677, 0xd656, 0xd656, 0xd656, 0xd656, 0xd656, 0xd656, 0xd656, 0xd656, 0xd656, 0xd656, 0xd656, 0xd656, 0xd656, 0xd656, 0xd656,
  0xd656, 0xd656, 0xd656, 0xd656, 0xd656, 0xd656, 0xd656, 0xd656, 0xd656, 0xd656, 0xd656, 0xd656, 0xd656, 0xd656, 0xd656, 0xd656, 0xd656, 0xd656, 0xd656, 0xd656,
  0xd656, 0xd656, 0xd656, 0xde97, 0x9c90, 0x6b4b, 0x9490, 0x39c6, 0x1082, 0x39c6, 0x944f, 0xde76, 0xd656, 0xd677, 0xd656, 0xd656, 0xd656, 0xd677, 0xd677, 0xd656,
  0xdeb8, 0x944f, 0x39c6, 0x39c6, 0xe6b8, 0xc5b5, 0x9c90, 0xffdc, 0x7bce, 0x3165, 0xde97, 0xdeb7, 0x20e3, 0x5289, 0xef19, 0xcdf5, 0x8c0e, 0xf77b, 0xb594, 0x1061,
  0xc5f5, 0xe6f8, 0xef19, 0xbd94, 0x2965, 0xbd93, 0xde97, 0xd656, 0xd656, 0xd656, 0xd656, 0xd656, 0xd656, 0xd656, 0xd677, 0xd677, 0xd677, 0xd677, 0xd677, 0xd677,
  0xd677, 0xd677, 0xd677, 0xd677, 0xd677, 0xd656, 0xd677, 0xce15, 0x39c6, 0x10a2, 0x10a2, 0x10a2, 0x10a2, 0x10a2, 0x10a2, 0x10a2, 0x10a2, 0x10a2, 0x10a2, 0x10a2,
  0x10a2, 0x10a2, 0x10a2, 0x10a2, 0x10a2, 0x10a2, 0x10a2, 0x10a2, 0x10a2, 0x10a2, 0x10a2, 0x10a2, 0x39c6, 0xce15, 0xd677, 0xd656, 0xd677, 0xd677, 0xd677, 0xd677,
  0xd677, 0xd677, 0xd677, 0xd677, 0xd677, 0xd677, 0xd656, 0xd656, 0xd656, 0xd656, 0xd677, 0xd677, 0xd677, 0xd656, 0xd656, 0xe6d8, 0x5aca, 0x4207, 0xdeb8, 0xe6d8,
  0x632b, 0x5269, 0x9c90, 0x31a6, 0xd677, 0x528a, 0x4a28, 0xe6b7, 0x3186, 0x632b, 0x8c4f, 0x10a3, 0x41e6, 0x2103, 0x5289, 0xde97, 0xd656, 0xd656, 0xdeb7, 0x4228,
  0x4207, 0xb553, 0x5268, 0x2944, 0xde77, 0x9cb0, 0x3185, 0x39c6, 0x1903, 0xad13, 0x2965, 0x6b2b, 0xde77, 0x18c2, 0x8c2f, 0x5289, 0x41e6, 0xeef9, 0x2965, 0x5269,
  0xc5d4, 0x18c3, 0xb533, 0x4a68, 0x7bad, 0xe6d8, 0xd656, 0xde76, 0xd656, 0xd656, 0xd656, 0xd656, 0xd656, 0xd656, 0xd656, 0xd656, 0xd656, 0xd656, 0xd677, 0xd677,
  0xd677, 0xd677, 0xd677, 0xd677, 0xd656, 0xd656, 0xd656, 0xd656, 0xd677, 0xd677, 0xd677, 0xd677, 0xd677, 0xd677, 0xd677, 0xd677, 0xd656, 0xd656, 0xd656, 0xd656,
  0xd656, 0xd656, 0xd656, 0xd656, 0xd677, 0xd656, 0xd656, 0xd677, 0xd677, 0xd677, 0xd677, 0xd677, 0xd677, 0xd677, 0xd677, 0xd677, 0xd677, 0xd656, 0xd656, 0xd656,
  0xd656, 0xd656, 0xd656, 0xd677, 0xd677, 0xd677, 0xd677, 0xd677, 0xd677, 0xd677, 0xd677, 0xd677, 0xd656, 0xd656, 0xd656, 0xd677, 0xd656, 0xd656, 0xd656, 0xd656,
  0xd656, 0xd656, 0xd677, 0xd677, 0xd656, 0xd677, 0xd677, 0xd677, 0xd677, 0xd656, 0xd656, 0xd656, 0xd656, 0xd656, 0xd656, 0xd656, 0xd656, 0xd656, 0xd656, 0xd656,
  0xd656, 0xd656, 0xd656, 0xd656, 0xd656, 0xd656, 0xd656, 0xd656, 0xd656, 0xd656, 0xd656, 0xd656, 0xd656, 0xd656, 0xd656, 0xd656, 0xd656, 0xd656, 0xd656, 0xd656,
  0xd656, 0xd656, 0xd636, 0xf75a, 0x736c, 0x5aa9, 0x9c90, 0x4a48, 0x10a2, 0x0020, 0x41e7, 0xf73a, 0xd676, 0xd676, 0xd657, 0xd677, 0xd677, 0xd677, 0xd677, 0xde77,
  0xd636, 0xe6d8, 0x83ee, 0x3165, 0xd656, 0xdeb7, 0xd677, 0x736c, 0x39e7, 0x946f, 0xe6b8, 0xd656, 0x9cb0, 0xad32, 0xde97, 0xd677, 0xe719, 0x9450, 0x39a6, 0x6b2b,
  0xd656, 0xce35, 0xe6d8, 0x5248, 0x6b2b, 0xe6d8, 0xd656, 0xd657, 0xd656, 0xd656, 0xd656, 0xd656, 0xd656, 0xd656, 0xd677, 0xd677, 0xd677, 0xd677, 0xd677, 0xd677,
  0xd677, 0xd677, 0xd677, 0xd677, 0xd656, 0xd677, 0xce15, 0x39c6, 0x10a2, 0x10a2, 0x10a2, 0x10a2, 0x10a2, 0x10a2, 0x10a2, 0x10a2, 0x10a2, 0x10a2, 0x10a2, 0x10a2,
  0x10a2, 0x10a2, 0x10a2, 0x10a2, 0x10a2, 0x10a2, 0x10a2, 0x10a2, 0x10a2, 0x10a2, 0x10a2, 0x10a2, 0x10a2, 0x39c6, 0xce15, 0xd677, 0xd656, 0xd677, 0xd677, 0xd677,
  0xd677, 0xd677, 0xd677, 0xd677, 0xd677, 0xd677, 0xd656, 0xd656, 0xd656, 0xd656, 0xd677, 0xd677, 0xd677, 0xd656, 0xd656, 0xe6d8, 0x5aca, 0x4207, 0xde97, 0xe6d8,
  0x8c4f, 0x3186, 0x5aaa, 0x4a28, 0xe6f8, 0x4a48, 0x4207, 0xe6b7, 0x2944, 0x62ca, 0x83ee, 0x2104, 0xb553, 0xb573, 0xb594, 0xde97, 0xd656, 0xd656, 0xde97, 0x39c6,
  0x5aaa, 0xffbc, 0x7bad, 0x3185, 0xbdb4, 0x1082, 0x83ee, 0xa4f1, 0x18c3, 0xad33, 0x3165, 0x630a, 0xd676, 0x10a2, 0x9450, 0x5aa9, 0x39a6, 0xe6d8, 0x2965, 0x5269,
  0xdeb8, 0x2945, 0x5aca, 0x2965, 0x9c70, 0xef19, 0xce15, 0xce36, 0xd676, 0xd656, 0xd656, 0xd656, 0xd656, 0xd656, 0xd656, 0xd656, 0xd656, 0xd656, 0xd677, 0xd677,
  0xd677, 0xd677, 0xd677, 0xd677, 0xd656, 0xd656, 0xd656, 0xd656, 0xd677, 0xd677, 0xd677, 0xd677, 0xd677, 0xd677, 0xd677, 0xd677, 0xd656, 0xd656, 0xd656, 0xd656,
  0xd656, 0xd656, 0xd656, 0xd656, 0xd677, 0xd656, 0xd656, 0xd656, 0xd677, 0xd656, 0xd677, 0xd677, 0xd677, 0xd677, 0xd677, 0xd677, 0xd677, 0xd656, 0xd656, 0xd656,
  0xd656, 0xd656, 0xd656, 0xd677, 0xd656, 0xd656, 0xd677, 0xd677, 0xd677, 0xd677, 0xd677, 0xd677, 0xd656, 0xd656, 0xd656, 0xd677, 0xd656, 0xd656, 0xd656, 0xd656,
  0xd656, 0xd656, 0xd677, 0xd677, 0xd656, 0xd677, 0xd677, 0xd677, 0xd677, 0xd656, 0xd656, 0xd656, 0xd656, 0xd656, 0xd656, 0xd656, 0xd656, 0xd656, 0xd656, 0xd656,
  0xd656, 0xd656, 0xd656, 0xd656, 0xd656, 0xd656, 0xd656, 0xd656, 0xd656, 0xd656, 0xd656, 0xd656, 0xd656, 0xd656, 0xd656, 0xd656, 0xd656, 0xd656, 0xd656, 0xd656,
  0xd656, 0xd676, 0xde97, 0x9c90, 0x7bce, 0x83ee, 0x736c, 0x3185, 0x10a2, 0x18e3, 0x31a6, 0x7bce, 0xce36, 0xde77, 0xd656, 0xd677, 0xd677, 0xd677, 0xd677, 0xde77,
  0xd636, 0xeed8, 0x83ee, 0x31a6, 0xd677, 0xde97, 0xce16, 0x5aca, 0x3165, 0x9cb0, 0xe6d9, 0xd636, 0xeef8, 0xe6b7, 0xd656, 0xd677, 0xe6b8, 0x83ee, 0x2104, 0x6b0b,
  0xd677, 0xe6b8, 0xa4d1, 0x31a6, 0xbdd5, 0xde97, 0xd657, 0xd656, 0xd656, 0xd656, 0xd656, 0xd656, 0xd656, 0xd656, 0xd677, 0xd677, 0xd677, 0xd677, 0xd677, 0xd677,
  0xd677, 0xd677, 0xd677, 0xd656, 0xd677, 0xce15, 0x39c6, 0x10a2, 0x10a2, 0x10a2, 0x10a2, 0x10a2, 0x10a2, 0x10a2, 0x10a2, 0x10a2, 0x10a2, 0x10a2, 0x10a2, 0x10a2,
  0x10a2, 0x10a2, 0x10a2, 0x10a2, 0x10a2, 0x10a2, 0x10a2, 0x10a2, 0x10a2, 0x10a2, 0x10a2, 0x10a2, 0x10a2, 0x10a2, 0x39c6, 0xbd94, 0xd677, 0xd656, 0xd677, 0xd677,
  0xd677, 0xd677, 0xd677, 0xd677, 0xd677, 0xd677, 0xd656, 0xd656, 0xd656, 0xd677, 0xd677, 0xd677, 0xd677, 0xd656, 0xd656, 0xe6d8, 0x5289, 0x39c6, 0xdeb8, 0xd677,
  0xd677, 0x5aa9, 0x0861, 0xad33, 0xe6d8, 0x5289, 0x10a3, 0x39a6, 0x2944, 0xbd73, 0x9c90, 0x2965, 0xa4f2, 0x6b2b, 0x62ea, 0xde98, 0xd656, 0xd656, 0xdeb7, 0x3185,
  0x4a28, 0xf75a, 0x736c, 0x2144, 0xce16, 0x3185, 0x630b, 0x83ee, 0x0000, 0xa4d1, 0x39a6, 0x10a2, 0x2924, 0x4a48, 0xde97, 0x5289, 0x0841, 0x2944, 0x39e6, 0xbdd5,
  0xe6f9, 0xa4d1, 0x1081, 0x39c7, 0xd656, 0xe6b8, 0x39c6, 0x4a07, 0xe6d8, 0xd656, 0xd656, 0xd656, 0xd656, 0xd656, 0xd656, 0xd656, 0xd656, 0xd656, 0xd677, 0xd656,
  0xd656, 0xd656, 0xd656, 0xd656, 0xd656, 0xd656, 0xd656, 0xd656, 0xd677, 0xd677, 0xd677, 0xd677, 0xd677, 0xd677, 0xd677, 0xd677, 0xd677, 0xd656, 0xd656, 0xd656,
  0xd656, 0xd656, 0xd656, 0xd656, 0xd656, 0xd656, 0xd656, 0xd677, 0xd677, 0xd677, 0xd656, 0xd677, 0xd677, 0xd656, 0xd656, 0xd677, 0xd656, 0xd677, 0xd656, 0xd656,
  0xd656, 0xd656, 0xd656, 0xd656, 0xd677, 0xd677, 0xd677, 0xd677, 0xd677, 0xd677, 0xd656, 0xd677, 0xd677, 0xd656, 0xd656, 0xd656, 0xd656, 0xd656, 0xd656, 0xd656,
  0xd656, 0xd656, 0xd656, 0xd656, 0xd677, 0xd677, 0xd677, 0xd677, 0xd677, 0xd677, 0xd677, 0xd677, 0xd656, 0xd656, 0xd656, 0xd656, 0xd656, 0xd656, 0xd656, 0xd656,
  0xd656, 0xd656, 0xd656, 0xd656, 0xd656, 0xd656, 0xd656, 0xd656, 0xd656, 0xd656, 0xd656, 0xd656, 0xd656, 0xd677, 0xd677, 0xd656, 0xd656, 0xd656, 0xd656, 0xd656,
  0xd656, 0xd656, 0xef39, 0x5269, 0x2124, 0x4a68, 0x944f, 0x5289, 0x0861, 0x2124, 0x10a3, 0x2103, 0xd657, 0xdeb8, 0xd656, 0xd677, 0xd656, 0xd677, 0xd656, 0xd677,
  0xce36, 0xeef9, 0x9450, 0x4207, 0xef39, 0xcdf5, 0xb552, 0xff7a, 0x736c, 0x3165, 0xe6b8, 0xdeb8, 0x8c2e, 0x9cb0, 0xdeb7, 0xce35, 0xad33, 0xf75a, 0xad12, 0x0841,
  0xc5f5, 0xef19, 0x6b4b, 0x4a27, 0xdeb7, 0xde77, 0xd657, 0xd677, 0xd656, 0xd656, 0xd656, 0xd656, 0xd656, 0xd656, 0xd677, 0xd677, 0xd677, 0xd677, 0xd677, 0xd677,
  0xd677, 0xd677, 0xd656, 0xd677, 0xbd94, 0x39c6, 0x10a2, 0x10a2, 0x10a2, 0x10a2, 0x10a2, 0x10a2, 0x10a2, 0x10a2, 0x10a2, 0x10a2, 0x10a2, 0x10a2, 0x10a2, 0x10a2,
  0x10a2, 0x10a2, 0x10a2, 0x10a2, 0x10a2, 0x10a2, 0x10a2, 0x10a2, 0x10a2, 0x10a2, 0x10a2, 0x10a2, 0x10a2, 0x10a2, 0x10a2, 0x2104, 0xa4d1, 0xd677, 0xd656, 0xd656,
  0xd677, 0xd677, 0xd677, 0xd677, 0xd677, 0xd677, 0xd656, 0xd656, 0xd656, 0xd677, 0xd677, 0xd677, 0xd677, 0xd676, 0xd656, 0xdeb8, 0x8c0e, 0x7bad, 0xde97, 0xce36,
  0xe6d8, 0x9cd1, 0x39c6, 0xcdf5, 0xef19, 0x5289, 0x39e6, 0xb553, 0xb573, 0xde76, 0xe6d8, 0x8c2f, 0x4a27, 0x5aa9, 0xbd93, 0xde77, 0xd656, 0xd677, 0xdeb8, 0x7b8d,
  0x83ee, 0xeef9, 0x9c90, 0x630b, 0xe6b8, 0xb552, 0x4a07, 0x5aca, 0x5aa9, 0xb573, 0x2965, 0x5269, 0xb553, 0xc5d5, 0xeef9, 0x4227, 0x39c6, 0xb573, 0xc5b4, 0xde77,
  0xd656, 0xe697, 0x4207, 0x736c, 0xe6b7, 0xde97, 0x734c, 0x7b8c, 0xdeb7, 0xd656, 0xd656, 0xd656, 0xd656, 0xd656, 0xd656, 0xd656, 0xd656, 0xd656, 0xd677, 0xd656,
  0xd656, 0xd656, 0xd656, 0xd656, 0xd656, 0xd656, 0xd656, 0xd656, 0xd677, 0xd677, 0xd677, 0xd677, 0xd677, 0xd677, 0xd677, 0xd656, 0xd677, 0xd656, 0xd656, 0xd656,
  0xd656, 0xd656, 0xd656, 0xd656, 0xd656, 0xd656, 0xd656, 0xd677, 0xd677, 0xd677, 0xd677, 0xd677, 0xd677, 0xd677, 0xd677, 0xd677, 0xd656, 0xd677, 0xd656, 0xd656,
  0xd656, 0xd656, 0xd656, 0xd656, 0xd656, 0xd677, 0xd677, 0xd677, 0xd677, 0xd677, 0xd677, 0xd656, 0xd656, 0xd677, 0xd677, 0xd656, 0xd656, 0xd656, 0xd656, 0xd656,
  0xd656, 0xd656, 0xd656, 0xd656, 0xd677, 0xd677, 0xd677, 0xd677, 0xd677, 0xd677, 0xd677, 0xd677, 0xd656, 0xd656, 0xd656, 0xd656, 0xd656, 0xd656, 0xd656, 0xd656,
  0xd656, 0xd656, 0xd656, 0xd656, 0xd656, 0xd656, 0xd656, 0xd656, 0xd656, 0xd656, 0xd656, 0xd656, 0xd656, 0xd677, 0xd677, 0xd656, 0xd656, 0xd656, 0xd656, 0xd677,
  0xd656, 0xde77, 0x7bad, 0x6b4c, 0x39c6, 0x5268, 0x9c90, 0x39c6, 0x18c3, 0x2104, 0x18e3, 0x2124, 0x4a48, 0xbd93, 0xde97, 0xd656, 0xd656, 0xd677, 0xd677, 0xd656,
  0xde77, 0xbdb4, 0x4a48, 0x18e3, 0xb553, 0xa4f1, 0x20e3, 0x840e, 0x39c6, 0x4a68, 0xde97, 0xe6d8, 0x31a5, 0x630a, 0xef19, 0xcdf5, 0x2944, 0x6b2b, 0x630b, 0x3165,
  0xd657, 0xd656, 0x2103, 0x946f, 0xeef8, 0xd656, 0xde76, 0xd677, 0xd656, 0xd656, 0xd656, 0xd656, 0xd656, 0xd656, 0xd677, 0xd677, 0xd677, 0xd677, 0xd677, 0xd677,
  0xd656, 0xd656, 0xd677, 0xa4d1, 0x2104, 0x10a2, 0x10a2, 0x10a2, 0x10a2, 0x10a2, 0x10a2, 0x10a2, 0x10a2, 0x10a2, 0x10a2, 0x10a2, 0x10a2, 0x10a2, 0x10a2, 0x10a2,
  0x10a2, 0x10a2, 0x10a2, 0x10a2, 0x10a2, 0x10a2, 0x10a2, 0x10a2, 0x10a2, 0x10a2, 0x10a2, 0x10a2, 0x10a2, 0x10a2, 0x10a2, 0x10a2, 0x10a2, 0x738c, 0xd677, 0xd677,
  0xd656, 0xd677, 0xd677, 0xd677, 0xd677, 0xd677, 0xd656, 0xd656, 0xd656, 0xd656, 0xd677, 0xd677, 0xd677, 0xd677, 0xd677, 0xd656, 0xde97, 0xde97, 0xd636, 0xd656,
  0xde97, 0x5269, 0x73ad, 0xe6f8, 0xe6d8, 0x5289, 0x4a48, 0xeef8, 0xde97, 0xd656, 0xd656, 0xde97, 0xe6d8, 0xe6b8, 0xd656, 0xd656, 0xd656, 0xd656, 0xd657, 0xe6b8,
  0xe6b8, 0xd656, 0xde77, 0xe6b8, 0xd656, 0xde77, 0xe6d8, 0xe6b8, 0xe6b8, 0xd677, 0x2145, 0x6b4c, 0xf73a, 0xd656, 0xdeb7, 0x4207, 0x4a28, 0xeef8, 0xd676, 0xd636,
  0xdeb7, 0xa4d1, 0x3185, 0xce36, 0xde97, 0xd677, 0xe6b8, 0xe6b8, 0xd656, 0xd656, 0xd656, 0xd656, 0xd656, 0xd656, 0xd656, 0xd656, 0xd656, 0xd656, 0xd677, 0xd677,
  0xd677, 0xd677, 0xd656, 0xd656, 0xd656, 0xd656, 0xd656, 0xd656, 0xd677, 0xd677, 0xd677, 0xd677, 0xd677, 0xd677, 0xd656, 0xd677, 0xd677, 0xd677, 0xd677, 0xd656,
  0xd656, 0xd677, 0xd677, 0xd656, 0xd677, 0xd656, 0xd656, 0xd677, 0xd677, 0xd656, 0xd677, 0xd677, 0xd677, 0xd677, 0xd677, 0xd677, 0xd677, 0xd677, 0xd656, 0xd656,
  0xd656, 0xd677, 0xd656, 0xd656, 0xd677, 0xd677, 0xd656, 0xd677, 0xd656, 0xd656, 0xd656, 0xd656, 0xd656, 0xd656, 0xd677, 0xd677, 0xd656, 0xd656, 0xd656, 0xd656,
  0xd656, 0xd656, 0xd656, 0xd656, 0xd677, 0xd677, 0xd677, 0xd677, 0xd677, 0xd656, 0xd656, 0xd656, 0xd656, 0xd656, 0xd656, 0xd656, 0xd656, 0xd656, 0xd656, 0xd656,
  0xd656, 0xd656, 0xd656, 0xd656, 0xd656, 0xd656, 0xd656, 0xd656, 0xd656, 0xd656, 0xd656, 0xd656, 0xd656, 0xd656, 0xd656, 0xd656, 0xd656, 0xd677, 0xd677, 0xd677,
  0xde77, 0xde97, 0x39a6, 0x18c2, 0x6b0b, 0x736c, 0x8c50, 0x5aa9, 0x18c2, 0x2104, 0x2104, 0x18e3, 0x0840, 0xad12, 0xe6d8, 0xd656, 0xd656, 0xd656, 0xd677, 0xd656,
  0xe6b7, 0x9cb0, 0x4a48, 0x4a68, 0x6b0a, 0xe6b8, 0x8c50, 0x4207, 0x5aca, 0xc5f5, 0xde97, 0xd676, 0xbdb5, 0xcdf5, 0xde77, 0xde97, 0xad12, 0x4207, 0x4a48, 0xb573,
  0xdeb7, 0xce16, 0x630a, 0xad12, 0xe6b8, 0xd656, 0xd677, 0xd677, 0xd677, 0xd656, 0xd656, 0xd656, 0xd656, 0xd656, 0xd677, 0xd677, 0xd677, 0xd677, 0xd677, 0xd656,
  0xd677, 0xd677, 0x738c, 0x10a2, 0x10a2, 0x10a2, 0x10a2, 0x10a2, 0x10a2, 0x10a2, 0x10a2, 0x10a2, 0x10a2, 0x10a2, 0x10a2, 0x10a2, 0x10a2, 0x10a2, 0x10a2, 0x10a2,
  0x10a2, 0x10a2, 0x10a2, 0x10a2, 0x10a2, 0x10a2, 0x10a2, 0x10a2, 0x10a2, 0x10a2, 0x10a2, 0x10a2, 0x10a2, 0x10a2, 0x10a2, 0x10a2, 0x10a2, 0x10a2, 0x4a28, 0xbd94,
  0xd677, 0xd677, 0xd656, 0xd677, 0xd677, 0xd677, 0xd656, 0xd656, 0xd656, 0xd656, 0xd656, 0xd656, 0xd656, 0xd677, 0xd677, 0xd677, 0xd656, 0xd656, 0xd656, 0xe6d8,
  0x840e, 0x3185, 0xc5d5, 0xd676, 0xdeb7, 0x5aca, 0x5288, 0xde97, 0xd656, 0xd677, 0xd676, 0xd656, 0xd656, 0xd656, 0xd656, 0xd656, 0xd656, 0xd656, 0xd656, 0xd656,
  0xd656, 0xd656, 0xd656, 0xd656, 0xd656, 0xd656, 0xd656, 0xd636, 0xd656, 0xd656, 0x3185, 0x736c, 0xe6d8, 0xce36, 0xdeb8, 0x5268, 0x5268, 0xe6b8, 0xd636, 0xde77,
  0xce16, 0x3165, 0x840e, 0xe6b8, 0xd676, 0xde77, 0xd656, 0xd656, 0xd656, 0xd656, 0xd656, 0xd656, 0xd656, 0xd656, 0xd656, 0xd656, 0xd656, 0xd656, 0xd677, 0xd656,
  0xd677, 0xd677, 0xd656, 0xd656, 0xd656, 0xd656, 0xd656, 0xd677, 0xd677, 0xd677, 0xd677, 0xd677, 0xd677, 0xd677, 0xd656, 0xd656, 0xd656, 0xd656, 0xd656, 0xd656,
  0xd656, 0xd677, 0xd677, 0xd677, 0xd677, 0xd656, 0xd656, 0xd656, 0xd656, 0xd677, 0xd677, 0xd677, 0xd677, 0xd677, 0xd677, 0xd677, 0xd677, 0xd656, 0xd656, 0xd677,
  0xd677, 0xd656, 0xd677, 0xd677, 0xd677, 0xd677, 0xd656, 0xd656, 0xd656, 0xd656, 0xd656, 0xd656, 0xd677, 0xd677, 0xd656, 0xd677, 0xd656, 0xd656, 0xd677, 0xd677,
  0xd656, 0xd656, 0xd656, 0xd656, 0xd677, 0xd656, 0xd656, 0xd656, 0xd656, 0xd656, 0xd656, 0xd656, 0xd656, 0xd656, 0xd677, 0xd656, 0xd656, 0xd656, 0xd656, 0xd656,
  0xd656, 0xd656, 0xd656, 0xd656, 0xd656, 0xd656, 0xd656, 0xd656, 0xd656, 0xd656, 0xd656, 0xd656, 0xd656, 0xd656, 0xd656, 0xd656, 0xd656, 0xd677, 0xd656, 0xde77,
  0xce36, 0x4227, 0x31a6, 0x5ac9, 0x5ac9, 0x5aa9, 0xa4f1, 0x3185, 0x10a3, 0x18c3, 0x10a2, 0x10a2, 0x18c3, 0x2104, 0x9c90, 0xe6b8, 0xd656, 0xd677, 0xd677, 0xd677,
  0xd656, 0xde97, 0xe6d8, 0xdeb8, 0xde97, 0xd656, 0xdeb8, 0xe6d9, 0xe6d8, 0xde77, 0xd676, 0xd676, 0xde97, 0xde77, 0xd677, 0xd656, 0xde76, 0xe6d8, 0xe6d8, 0xde77,
  0xd656, 0xd657, 0xdeb7, 0xde77, 0xd656, 0xd677, 0xd677, 0xd656, 0xd656, 0xd656, 0xd656, 0xd656, 0xd656, 0xd656, 0xd677, 0xd677, 0xd677, 0xd656, 0xd677, 0xd677,
  0xbd94, 0x4a28, 0x10a2, 0x10a2, 0x10a2, 0x10a2, 0x10a2, 0x10a2, 0x10a2, 0x10a2, 0x10a2, 0x10a2, 0x10a2, 0x10a2, 0x10a2, 0x10a2, 0x10a2, 0x10a2, 0x10a2, 0x10a2,
  0x10a2, 0x10a2, 0x10a2, 0x10a2, 0x10a2, 0x10a2, 0x10a2, 0x10a2, 0x10a2, 0x10a2, 0x10a2, 0x10a2, 0x10a2, 0x10a2, 0x10a2, 0x10a2, 0x10a2, 0x10a2, 0x10a2, 0x18e3,
  0x83ee, 0xd656, 0xd677, 0xd656, 0xd656, 0xd677, 0xd656, 0xd656, 0xd656, 0xd656, 0xd656, 0xd656, 0xd656, 0xd677, 0xd677, 0xd677, 0xd656, 0xd656, 0xd656, 0xde77,
  0xce36, 0xce15, 0xde77, 0xd656, 0xd676, 0xce16, 0xce15, 0xde77, 0xd657, 0xd677, 0xd656, 0xd656, 0xd656, 0xd656, 0xd656, 0xd656, 0xd656, 0xd656, 0xd656, 0xd656,
  0xd656, 0xd656, 0xd656, 0xd656, 0xd656, 0xd656, 0xd656, 0xd656, 0xd676, 0xd656, 0xc5f5, 0xce16, 0xde77, 0xd656, 0xd677, 0xce36, 0xce15, 0xde76, 0xd656, 0xd656,
  0xd656, 0xc5f5, 0xde76, 0xde76, 0xd677, 0xde77, 0xd677, 0xd677, 0xd656, 0xd656, 0xd656, 0xd656, 0xd656, 0xd656, 0xd656, 0xd656, 0xd656, 0xd656, 0xd677, 0xd677,
  0xd677, 0xd677, 0xd656, 0xd656, 0xd656, 0xd656, 0xd656, 0xd677, 0xd677, 0xd677, 0xd677, 0xd677, 0xd677, 0xd656, 0xd677, 0xd656, 0xd656, 0xd656, 0xd656, 0xd656,
  0xd656, 0xd677, 0xd677, 0xd677, 0xd677, 0xd656, 0xd656, 0xd656, 0xd656, 0xd677, 0xd677, 0xd677, 0xd677, 0xd677, 0xd656, 0xd677, 0xd677, 0xd656, 0xd656, 0xd677,
  0xd677, 0xd656, 0xd677, 0xd677, 0xd677, 0xd677, 0xd656, 0xd656, 0xd656, 0xd656, 0xd656, 0xd656, 0xd677, 0xd677, 0xd656, 0xd677, 0xd656, 0xd656, 0xd677, 0xd677,
  0xd656, 0xd656, 0xd656, 0xd656, 0xd656, 0xd656, 0xd656, 0xd656, 0xd656, 0xd656, 0xd656, 0xd656, 0xd656, 0xd656, 0xd677, 0xd656, 0xd656, 0xd656, 0xd656, 0xd656,
  0xd656, 0xd656, 0xd656, 0xd656, 0xd656, 0xd656, 0xd656, 0xd656, 0xd656, 0xd656, 0xd656, 0xd656, 0xd656, 0xd656, 0xd656, 0xd656, 0xd656, 0xd677, 0xd656, 0xde97,
  0xce16, 0x39c6, 0x630b, 0x7bad, 0x5268, 0x8c0e, 0x8c2e, 0x5289, 0x31a5, 0x39c6, 0x39a6, 0x39a6, 0x41e7, 0x2103, 0x946f, 0xe6b8, 0xd636, 0xd677, 0xd677, 0xd677,
  0xd677, 0xd656, 0xd656, 0xd656, 0xd656, 0xd676, 0xd656, 0xd656, 0xd656, 0xd656, 0xd676, 0xd677, 0xd676, 0xd656, 0xd677, 0xd677, 0xd656, 0xd656, 0xd656, 0xd656,
  0xd657, 0xd656, 0xd656, 0xd656, 0xd656, 0xd677, 0xd677, 0xd656, 0xd656, 0xd656, 0xd656, 0xd656, 0xd656, 0xd656, 0xd677, 0xd656, 0xd656, 0xd677, 0xd656, 0x83ee,
  0x18e3, 0x10a2, 0x10a2, 0x10a2, 0x10a2, 0x10a2, 0x10a2, 0x10a2, 0x10a2, 0x10a2, 0x10a2, 0x10a2, 0x10a2, 0x10a2, 0x10a2, 0x10a2, 0x10a2, 0x10a2, 0x10a2, 0x10a2,
  0x10a2, 0x10a2, 0x10a2, 0x10a2, 0x10a2, 0x10a2, 0x10a2, 0x10a2, 0x10a2, 0x10a2, 0x10a2, 0x10a2, 0x10a2, 0x10a2, 0x10a2, 0x10a2, 0x10a2, 0x10a2, 0x10a2, 0x10a2,
  0x10a2, 0x39e7, 0xa4d1, 0xd677, 0xd677, 0xd656, 0xd656, 0xd656, 0xd656, 0xd656, 0xd656, 0xd656, 0xd677, 0xd677, 0xd656, 0xd656, 0xd656, 0xd656, 0xd656, 0xd656,
  0xde77, 0xde77, 0xd656, 0xd656, 0xd656, 0xde77, 0xde77, 0xd677, 0xd677, 0xd656, 0xd656, 0xd656, 0xd656, 0xd656, 0xd656, 0xd656, 0xd656, 0xd656, 0xd656, 0xd656,
  0xd656, 0xd656, 0xd656, 0xd656, 0xd656, 0xd656, 0xd656, 0xd656, 0xd656, 0xd656, 0xde77, 0xd677, 0xd656, 0xd677, 0xd677, 0xde77, 0xde77, 0xd677, 0xd656, 0xd656,
  0xd677, 0xde77, 0xd677, 0xd677, 0xd677, 0xd677, 0xd677, 0xd677, 0xd677, 0xd677, 0xd656, 0xd656, 0xd656, 0xd656, 0xd656, 0xd656, 0xd656, 0xd656, 0xd656, 0xd656,
  0xd656, 0xd656, 0xd656, 0xd656, 0xd656, 0xd656, 0xd656, 0xd677, 0xd677, 0xd677, 0xd677, 0xd677, 0xd677, 0xd677, 0xd677, 0xd656, 0xd656, 0xd656, 0xd656, 0xd656,
  0xd656, 0xd656, 0xd656, 0xd656, 0xd656, 0xd656, 0xd656, 0xd656, 0xd656, 0xd656, 0xd677, 0xd677, 0xd677, 0xd677, 0xd677, 0xd677, 0xd677, 0xd677, 0xd656, 0xd656,
  0xd656, 0xd656, 0xd677, 0xd677, 0xd677, 0xd677, 0xd677, 0xd656, 0xd656, 0xd656, 0xd656, 0xd656, 0xd656, 0xd656, 0xd677, 0xd656, 0xd656, 0xd656, 0xd656, 0xd656,
  0xd656, 0xd656, 0xd656, 0xd656, 0xd656, 0xd656, 0xd656, 0xd656, 0xd656, 0xd656, 0xd656, 0xd656, 0xd656, 0xd677, 0xd677, 0xd677, 0xd656, 0xd656, 0xd656, 0xd656,
  0xd656, 0xd656, 0xd656, 0xd656, 0xd656, 0xd656, 0xd656, 0xd656, 0xd656, 0xd656, 0xd656, 0xd656, 0xd656, 0xd656, 0xd656, 0xd656, 0xd656, 0xd677, 0xd677, 0xd677,
  0xd677, 0xde77, 0xde77, 0xd636, 0xd656, 0xd656, 0xd636, 0xde77, 0xd656, 0xd657, 0xd677, 0xd677, 0xd676, 0xde77, 0xd677, 0xd656, 0xd656, 0xd677, 0xd677, 0xd677,
  0xd677, 0xd677, 0xd677, 0xd677, 0xd656, 0xd656, 0xd656, 0xd656, 0xd656, 0xd656, 0xd656, 0xd656, 0xd656, 0xd656, 0xd677, 0xd677, 0xd677, 0xd677, 0xd677, 0xd677,
  0xd677, 0xd677, 0xd677, 0xd656, 0xd656, 0xd656, 0xd656, 0xd656, 0xd677, 0xd656, 0xd656, 0xd656, 0xd656, 0xd656, 0xd656, 0xd677, 0xd677, 0xa4d1, 0x39e7, 0x10a2,
  0x10a2, 0x10a2, 0x10a2, 0x10a2, 0x10a2, 0x10a2, 0x10a2, 0x10a2, 0x10a2, 0x10a2, 0x10a2, 0x10a2, 0x10a2, 0x10a2, 0x10a2, 0x10a2, 0x10a2, 0x10a2, 0x10a2, 0x10a2,
  0x10a2, 0x10a2, 0x10a2, 0x10a2, 0x10a2, 0x10a2, 0x10a2, 0x10a2, 0x10a2, 0x10a2, 0x10a2, 0x10a2, 0x10a2, 0x10a2, 0x10a2, 0x10a2, 0x10a2, 0x10a2, 0x10a2, 0x10a2,
  0x10a2, 0x10a2, 0x10a2, 0x4a28, 0xa4d1, 0xd677, 0xd656, 0xd656, 0xd656, 0xd656, 0xd656, 0xd656, 0xd677, 0xd677, 0xd677, 0xd677, 0xd677, 0xd656, 0xd656, 0xd656,
  0xd656, 0xd677, 0xd656, 0xd656, 0xd656, 0xd656, 0xd677, 0xd677, 0xd656, 0xd677, 0xd656, 0xd656, 0xd656, 0xd656, 0xd656, 0xd656, 0xd656, 0xd656, 0xd656, 0xd656,
  0xd656, 0xd656, 0xd656, 0xd656, 0xd656, 0xd656, 0xd656, 0xd656, 0xd656, 0xd656, 0xd656, 0xd656, 0xd656, 0xd677, 0xd677, 0xd677, 0xd656, 0xd677, 0xd656, 0xd656,
  0xd657, 0xd656, 0xd657, 0xd656, 0xd656, 0xd656, 0xd656, 0xd656, 0xd656, 0xd656, 0xd656, 0xd656, 0xd656, 0xd656, 0xd656, 0xd656, 0xd656, 0xd656, 0xd656, 0xd656,
  0xd656, 0xd656, 0xd656, 0xd656, 0xd656, 0xd656, 0xd677, 0xd677, 0xd677, 0xd677, 0xd677, 0xd677, 0xd656, 0xd656, 0xd677, 0xd656, 0xd656, 0xd656, 0xd656, 0xd656,
  0xd656, 0xd656, 0xd656, 0xd656, 0xd656, 0xd656, 0xd656, 0xd677, 0xd677, 0xd656, 0xd677, 0xd677, 0xd677, 0xd677, 0xd677, 0xd677, 0xd677, 0xd677, 0xd656, 0xd677,
  0xd677, 0xd656, 0xd677, 0xd656, 0xd656, 0xd656, 0xd677, 0xd677, 0xd656, 0xd656, 0xd656, 0xd656, 0xd656, 0xd656, 0xd656, 0xd656, 0xd656, 0xd656, 0xd656, 0xd656,
  0xd656, 0xd656, 0xd656, 0xd656, 0xd656, 0xd656, 0xd656, 0xd656, 0xd656, 0xd656, 0xd656, 0xd656, 0xd677, 0xd656, 0xd656, 0xd656, 0xd656, 0xd656, 0xd656, 0xd656,
  0xd656, 0xd656, 0xd656, 0xd656, 0xd656, 0xd656, 0xd677, 0xd677, 0xd677, 0xd677, 0xd656, 0xd656, 0xd656, 0xd656, 0xd656, 0xd656, 0xd656, 0xd656, 0xd656, 0xd677,
  0xd677, 0xd656, 0xd656, 0xd656, 0xd656, 0xd656, 0xd656, 0xd656, 0xd657, 0xd677, 0xd677, 0xd677, 0xd677, 0xd677, 0xd656, 0xd656, 0xd656, 0xd677, 0xd677, 0xd677,
  0xd656, 0xd656, 0xd656, 0xd656, 0xd656, 0xd656, 0xd656, 0xd656, 0xd656, 0xd656, 0xd656, 0xd656, 0xd656, 0xd656, 0xd656, 0xd656, 0xd677, 0xd677, 0xd677, 0xd677,
  0xd677, 0xd677, 0xd677, 0xd656, 0xd656, 0xd656, 0xd656, 0xd677, 0xd656, 0xd656, 0xd656, 0xd656, 0xd656, 0xd656, 0xd677, 0xa4d1, 0x4a28, 0x10a2, 0x10a2, 0x10a2,
  0x10a2, 0x10a2, 0x10a2, 0x10a2, 0x10a2, 0x10a2, 0x10a2, 0x10a2, 0x10a2, 0x10a2, 0x10a2, 0x10a2, 0x10a2, 0x10a2, 0x10a2, 0x10a2, 0x10a2, 0x10a2, 0x10a2, 0x10a2,
  0x10a2, 0x10a2, 0x10a2, 0x10a2, 0x10a2, 0x10a2, 0x10a2, 0x10a2, 0x10a2, 0x10a2, 0x10a2, 0x10a2, 0x10a2, 0x10a2, 0x10a2, 0x10a2, 0x10a2, 0x10a2, 0x10a2, 0x10a2,
  0x10a2, 0x10a2, 0x10a2, 0x10a2, 0x10a2, 0x4a28, 0x8c4f, 0xce15, 0xd656, 0xd656, 0xd656, 0xd656, 0xd656, 0xd656, 0xd656, 0xd677, 0xd677, 0xd656, 0xd656, 0xd656,
  0xd677, 0xd677, 0xd656, 0xd656, 0xd656, 0xd656, 0xd677, 0xd656, 0xd677, 0xd677, 0xd656, 0xd656, 0xd656, 0xd656, 0xd656, 0xd656, 0xd656, 0xd656, 0xd656, 0xd656,
  0xd656, 0xd656, 0xd656, 0xd656, 0xd656, 0xd656, 0xd656, 0xd656, 0xd656, 0xd656, 0xd656, 0xd656, 0xd656, 0xd677, 0xd677, 0xd677, 0xd677, 0xd677, 0xd656, 0xd656,
  0xd656, 0xd656, 0xd656, 0xd656, 0xd656, 0xd656, 0xd656, 0xd656, 0xd656, 0xd656, 0xd656, 0xd656, 0xd656, 0xd656, 0xd656, 0xd656, 0xd656, 0xd656, 0xd656, 0xd656,
  0xd656, 0xd656, 0xd656, 0xd656, 0xd656, 0xd656, 0xd677, 0xd677, 0xd677, 0xd677, 0xd677, 0xd677, 0xd677, 0xd656, 0xd656, 0xd656, 0xd656, 0xd656, 0xd656, 0xd656,
  0xd656, 0xd656, 0xd656, 0xd656, 0xd656, 0xd656, 0xd656, 0xd677, 0xd677, 0xd677, 0xd677, 0xd677, 0xd677, 0xd677, 0xd677, 0xd677, 0xd677, 0xd677, 0xd656, 0xd677,
  0xd677, 0xd656, 0xd677, 0xd656, 0xd656, 0xd656, 0xd677, 0xd677, 0xd656, 0xd656, 0xd656, 0xd656, 0xd656, 0xd656, 0xd656, 0xd656, 0xd656, 0xd656, 0xd656, 0xd656,
  0xd656, 0xd656, 0xd656, 0xd656, 0xd656, 0xd656, 0xd656, 0xd656, 0xd656, 0xd656, 0xd656, 0xd656, 0xd677, 0xd656, 0xd656, 0xd656, 0xd656, 0xd656, 0xd656, 0xd656,
  0xd656, 0xd656, 0xd656, 0xd656, 0xd656, 0xd656, 0xd677, 0xd677, 0xd677, 0xd677, 0xd656, 0xd656, 0xd656, 0xd656, 0xd656, 0xd656, 0xd656, 0xd656, 0xd656, 0xd677,
  0xd677, 0xd656, 0xd656, 0xd656, 0xd656, 0xd656, 0xd656, 0xd656, 0xd656, 0xd656, 0xd656, 0xd656, 0xd677, 0xd677, 0xd677, 0xd677, 0xd656, 0xd677, 0xd677, 0xd677,
  0xd677, 0xd656, 0xd677, 0xd677, 0xd677, 0xd677, 0xd656, 0xd656, 0xd656, 0xd656, 0xd656, 0xd656, 0xd656, 0xd656, 0xd656, 0xd656, 0xd677, 0xd677, 0xd677, 0xd677,
  0xd677, 0xd677, 0xd677, 0xd677, 0xd656, 0xd656, 0xd656, 0xd656, 0xd656, 0xd677, 0xd677, 0xd656, 0xce15, 0x8c4f, 0x4a28, 0x10a2, 0x10a2, 0x10a2, 0x10a2, 0x10a2,
  0x10a2, 0x10a2, 0x10a2, 0x10a2, 0x10a2, 0x10a2, 0x10a2, 0x10a2, 0x10a2, 0x10a2, 0x10a2, 0x10a2, 0x10a2, 0x10a2, 0x10a2, 0x10a2, 0x10a2, 0x10a2, 0x10a2, 0x10a2,
  0x10a2, 0x10a2, 0x10a2, 0x10a2, 0x10a2, 0x10a2, 0x10a2, 0x10a2, 0x10a2, 0x10a2, 0x10a2, 0x10a2, 0x10a2, 0x10a2, 0x10a2, 0x10a2, 0x10a2, 0x10a2, 0x10a2, 0x10a2,
  0x10a2, 0x10a2, 0x10a2, 0x10a2, 0x10a2, 0x10a2, 0x10a2, 0x2944, 0x6b4b, 0xad12, 0xd656, 0xd656, 0xd677, 0xd677, 0xd677, 0xd656, 0xd656, 0xd656, 0xd656, 0xd656,
  0xd677, 0xd677, 0xd677, 0xd656, 0xd656, 0xd677, 0xd677, 0xd677, 0xd677, 0xd677, 0xd656, 0xd656, 0xd656, 0xd656, 0xd656, 0xd656, 0xd656, 0xd656, 0xd656, 0xd656,
  0xd656, 0xd656, 0xd656, 0xd656, 0xd656, 0xd656, 0xd677, 0xd677, 0xd656, 0xd656, 0xd656, 0xd656, 0xd677, 0xd677, 0xd677, 0xd677, 0xd677, 0xd677, 0xd656, 0xd656,
  0xd656, 0xd656, 0xd656, 0xd656, 0xd656, 0xd656, 0xd656, 0xd656, 0xd656, 0xd656, 0xd677, 0xd677, 0xd656, 0xd656, 0xd656, 0xd656, 0xd656, 0xd656, 0xd656, 0xd656,
  0xd656, 0xd656, 0xd656, 0xd656, 0xd677, 0xd677, 0xd677, 0xd677, 0xd677, 0xd677, 0xd677, 0xd677, 0xd677, 0xd656, 0xd656, 0xd656, 0xd656, 0xd656, 0xd656, 0xd656,
  0xd656, 0xd656, 0xd656, 0xd656, 0xd656, 0xd677, 0xd677, 0xd677, 0xd677, 0xd677, 0xd677, 0xd677, 0xd656, 0xd677, 0xd677, 0xd656, 0xd656, 0xd677, 0xd656, 0xd677,
  0xd677, 0xd677, 0xd677, 0xd677, 0xd677, 0xd677, 0xd677, 0xd677, 0xd656, 0xd656, 0xd677, 0xd656, 0xd656, 0xd656, 0xd656, 0xd656, 0xd656, 0xd656, 0xd656, 0xd656,
  0xd656, 0xd656, 0xd677, 0xd677, 0xd656, 0xd677, 0xd656, 0xd656, 0xd656, 0xd656, 0xd677, 0xd677, 0xd677, 0xd677, 0xd656, 0xd656, 0xd656, 0xd656, 0xd656, 0xd656,
  0xd656, 0xd656, 0xd656, 0xd656, 0xd656, 0xd677, 0xd677, 0xd677, 0xd677, 0xd677, 0xd656, 0xd656, 0xd656, 0xd656, 0xd656, 0xd656, 0xd656, 0xd656, 0xd656, 0xd656,
  0xd656, 0xd677, 0xd677, 0xd677, 0xd677, 0xd656, 0xd656, 0xd656, 0xd656, 0xd676, 0xd656, 0xd656, 0xd656, 0xd677, 0xd677, 0xd677, 0xd677, 0xd677, 0xd656, 0xd656,
  0xd656, 0xd677, 0xd677, 0xd677, 0xd677, 0xd677, 0xd656, 0xd656, 0xd677, 0xd677, 0xd656, 0xd656, 0xd656, 0xd656, 0xd677, 0xd677, 0xd656, 0xd656, 0xd677, 0xd677,
  0xd656, 0xd656, 0xd656, 0xd656, 0xd656, 0xd677, 0xd677, 0xd677, 0xd677, 0xd656, 0xad12, 0x6b4b, 0x2944, 0x10a2, 0x10a2, 0x10a2, 0x10a2, 0x10a2, 0x10a2, 0x10a2,
  0x10a2, 0x10a2, 0x10a2, 0x10a2, 0x10a2, 0x10a2, 0x10a2, 0x10a2, 0x10a2, 0x10a2, 0x10a2, 0x10a2, 0x10a2, 0x10a2, 0x10a2, 0x10a2, 0x10a2, 0x10a2, 0x10a2, 0x10a2,
  0x10a2, 0x10a2, 0x10a2, 0x10a2, 0x10a2, 0x10a2, 0x10a2, 0x10a2, 0x10a2, 0x10a2, 0x10a2, 0x10a2, 0x10a2, 0x10a2, 0x10a2, 0x10a2, 0x10a2, 0x10a2, 0x10a2, 0x10a2,
  0x10a2, 0x10a2, 0x10a2, 0x10a2, 0x10a2, 0x10a2, 0x10a2, 0x10a2, 0x10a2, 0x10a2, 0x3185, 0x5aca, 0x9470, 0xbd94, 0xd636, 0xd677, 0xd677, 0xd677, 0xd677, 0xd677,
  0xd677, 0xd677, 0xd677, 0xd656, 0xd656, 0xd677, 0xd677, 0xd677, 0xd677, 0xd677, 0xd656, 0xd656, 0xd656, 0xd656, 0xd656, 0xd656, 0xd656, 0xd656, 0xd656, 0xd656,
  0xd656, 0xd656, 0xd656, 0xd677, 0xd677, 0xd677, 0xd677, 0xd677, 0xd656, 0xd656, 0xd656, 0xd656, 0xd677, 0xd677, 0xd677, 0xd677, 0xd677, 0xd677, 0xd656, 0xd656,
  0xd656, 0xd656, 0xd656, 0xd656, 0xd656, 0xd656, 0xd656, 0xd656, 0xd656, 0xd656, 0xd677, 0xd677, 0xd656, 0xd656, 0xd656, 0xd656, 0xd656, 0xd656, 0xd656, 0xd656,
  0xd656, 0xd656, 0xd656, 0xd656, 0xd677, 0xd677, 0xd677, 0xd677, 0xd677, 0xd677, 0xd677, 0xd677, 0xd656, 0xd677, 0xd677, 0xd656, 0xd656, 0xd656, 0xd656, 0xd656,
  0xd656, 0xd656, 0xd656, 0xd656, 0xd656, 0xd677, 0xd677, 0xd677, 0xd677, 0xd656, 0xd677, 0xd677, 0xd656, 0xd677, 0xd677, 0xd656, 0xd656, 0xd677, 0xd656, 0xd677,
  0xd677, 0xd677, 0xd677, 0xd677, 0xd677, 0xd677, 0xd677, 0xd677, 0xd677, 0xd677, 0xd677, 0xd656, 0xd656, 0xd656, 0xd656, 0xd656, 0xd656, 0xd656, 0xd656, 0xd656,
  0xd677, 0xd677, 0xd677, 0xd677, 0xd656, 0xd677, 0xd656, 0xd656, 0xd656, 0xd656, 0xd677, 0xd677, 0xd677, 0xd677, 0xd656, 0xd656, 0xd656, 0xd656, 0xd656, 0xd656,
  0xd656, 0xd656, 0xd656, 0xd656, 0xd656, 0xd677, 0xd677, 0xd677, 0xd677, 0xd677, 0xd656, 0xd656, 0xd656, 0xd656, 0xd656, 0xd656, 0xd656, 0xd656, 0xd656, 0xd656,
  0xd656, 0xd677, 0xd677, 0xd677, 0xd677, 0xd677, 0xd677, 0xd656, 0xd656, 0xd677, 0xd656, 0xd656, 0xd656, 0xd677, 0xd677, 0xd677, 0xd677, 0xd677, 0xd656, 0xd656,
  0xd656, 0xd677, 0xd677, 0xd677, 0xd677, 0xd677, 0xd677, 0xd677, 0xd677, 0xd677, 0xd656, 0xd656, 0xd656, 0xd656, 0xd677, 0xd677, 0xd656, 0xd656, 0xd677, 0xd677,
  0xd677, 0xd677, 0xd677, 0xd677, 0xd677, 0xd636, 0xbd94, 0x9470, 0x5aca, 0x3185, 0x10a2, 0x10a2, 0x10a2, 0x10a2, 0x10a2, 0x10a2, 0x10a2, 0x10a2, 0x10a2, 0x10a2,
  0x10a2, 0x10a2, 0x10a2, 0x10a2, 0x10a2, 0x10a2, 0x10a2, 0x10a2, 0x10a2, 0x10a2, 0x10a2, 0x10a2, 0x10a2, 0x10a2, 0x10a2, 0x10a2, 0x10a2, 0x10a2, 0x10a2, 0x10a2,
  0x10a2, 0x10a2, 0x10a2, 0x10a2, 0x10a2, 0x10a2, 0x10a2, 0x10a2, 0x10a2, 0x10a2, 0x10a2, 0x10a2, 0x10a2, 0x10a2, 0x10a2, 0x10a2, 0x10a2, 0x10a2, 0x10a2, 0x10a2,
  0x10a2, 0x10a2, 0x10a2, 0x10a2, 0x10a2, 0x10a2, 0x10a2, 0x10a2, 0x10a2, 0x10a2, 0x10a2, 0x10a2, 0x10a2, 0x18e3, 0x31a6, 0x5289, 0x7bad, 0x9470, 0xad32, 0xbd73,
  0xd677, 0xd677, 0xd677, 0xd677, 0xd677, 0xd677, 0xd677, 0xd677, 0xd677, 0xd677, 0xd677, 0xd677, 0xd677, 0xd677, 0xd677, 0xd677, 0xd677, 0xd677, 0xd677, 0xd677,
  0xd677, 0xd677, 0xd677, 0xd677, 0xd677, 0xd677, 0xd677, 0xd677, 0xd677, 0xd677, 0xd677, 0xd677, 0xd677, 0xd677, 0xd677, 0xd677, 0xd677, 0xd677, 0xd677, 0xd677,
  0xd677, 0xd677, 0xd677, 0xd677, 0xd677, 0xd677, 0xd677, 0xd677, 0xd677, 0xd677, 0xd677, 0xd677, 0xd677, 0xd677, 0xd677, 0xd677, 0xd677, 0xd677, 0xd677, 0xd677,
  0xd677, 0xd677, 0xd677, 0xd677, 0xd677, 0xd677, 0xd677, 0xd677, 0xd677, 0xd677, 0xd677, 0xd677, 0xd677, 0xd677, 0xd677, 0xd677, 0xd677, 0xd677, 0xd677, 0xd677,
  0xd677, 0xd677, 0xd677, 0xd677, 0xd677, 0xd677, 0xd677, 0xd677, 0xd677, 0xd677, 0xd677, 0xd677, 0xd677, 0xd677, 0xd677, 0xd677, 0xd677, 0xd677, 0xd677, 0xd677,
  0xd677, 0xd677, 0xd677, 0xd677, 0xd677, 0xd677, 0xd677, 0xd677, 0xd677, 0xd677, 0xd677, 0xd677, 0xd677, 0xd677, 0xd677, 0xd677, 0xd677, 0xd677, 0xd677, 0xd677,
  0xd677, 0xd677, 0xd677, 0xd677, 0xd677, 0xd677, 0xd677, 0xd677, 0xd677, 0xd677, 0xd677, 0xd677, 0xd677, 0xd677, 0xd677, 0xd677, 0xd677, 0xd677, 0xd677, 0xd677,
  0xd677, 0xd677, 0xd677, 0xd677, 0xd677, 0xd677, 0xd677, 0xd677, 0xd677, 0xd677, 0xd677, 0xd677, 0xd677, 0xd677, 0xd677, 0xd677, 0xd677, 0xd677, 0xd677, 0xd677,
  0xd677, 0xd677, 0xd677, 0xd677, 0xd677, 0xd677, 0xd677, 0xd677, 0xd677, 0xd677, 0xd677, 0xd677, 0xd677, 0xd677, 0xd677, 0xd677, 0xd677, 0xd677, 0xd677, 0xd677,
  0xd677, 0xd677, 0xd677, 0xd677, 0xd677, 0xd677, 0xd677, 0xd677, 0xd677, 0xd677, 0xd677, 0xd677, 0xd677, 0xd677, 0xd677, 0xd677, 0xd677, 0xd677, 0xd677, 0xd677,
  0xbd73, 0xad32, 0x9470, 0x7bad, 0x5289, 0x31a6, 0x18e3, 0x10a2, 0x10a2, 0x10a2, 0x10a2, 0x10a2, 0x10a2, 0x10a2, 0x10a2, 0x10a2, 0x10a2, 0x10a2, 0x10a2, 0x10a2,
  0x10a2, 0x10a2, 0x10a2, 0x10a2, 0x10a2, 0x10a2, 0x10a2, 0x10a2, 0x10a2, 0x10a2, 0x10a2, 0x10a2, 0x10a2, 0x10a2, 0x10a2, 0x10a2, 0x10a2, 0x10a2, 0x10a2, 0x10a2,
};
